Command line invocation:
    /Applications/Xcode.app/Contents/Developer/usr/bin/xcodebuild -project FoundationEvals/FoundationEvals.xcodeproj -scheme FoundationEvals -configuration Debug -destination platform=macOS -derivedDataPath /private/tmp/intents-automation-native-saved-build1 -jobs 2 -disableAutomaticPackageResolution CODE_SIGNING_ALLOWED=NO build

Build settings from command line:
    CODE_SIGNING_ALLOWED = NO

Resolve Package Graph


Resolved source packages:
  swift-async-algorithms: https://github.com/apple/swift-async-algorithms.git @ 1.1.5
  Sparkle: https://github.com/sparkle-project/Sparkle @ 2.9.6
  FoundationEvalsPortable: /Users/coryparry/Developer/Projects/Intents @ local
  PostHog: https://github.com/PostHog/posthog-ios.git @ 3.71.4
  swift-transformers: https://github.com/huggingface/swift-transformers @ 1.3.4
  swift-certificates: https://github.com/apple/swift-certificates.git @ 1.19.2
  swift-service-lifecycle: https://github.com/swift-server/swift-service-lifecycle.git @ 2.11.0
  swift-collections: https://github.com/apple/swift-collections.git @ 1.6.0
  swift-metrics: https://github.com/apple/swift-metrics.git @ 2.11.0
  swift-nio-extras: https://github.com/apple/swift-nio-extras.git @ 1.34.1
  swift-algorithms: https://github.com/apple/swift-algorithms.git @ 1.2.1
  swift-huggingface: https://github.com/huggingface/swift-huggingface.git @ 0.10.0
  swift-crypto: https://github.com/apple/swift-crypto.git @ 4.5.1
  swift-atomics: https://github.com/apple/swift-atomics.git @ 1.3.1
  swift-system: https://github.com/apple/swift-system @ 1.8.1
  swift-service-context: https://github.com/apple/swift-service-context.git @ 1.3.0
  swift-http-structured-headers: https://github.com/apple/swift-http-structured-headers.git @ 1.7.0
  xgrammar: https://github.com/mlc-ai/xgrammar @ 0.2.2
  swift-nio-ssl: https://github.com/apple/swift-nio-ssl.git @ 2.37.1
  async-http-client: https://github.com/swift-server/async-http-client.git @ 1.33.1
  swift-nio-transport-services: https://github.com/apple/swift-nio-transport-services.git @ 1.28.0
  EventSource: https://github.com/mattt/EventSource.git @ 1.5.1
  swift-configuration: https://github.com/apple/swift-configuration.git @ 1.2.0
  swift-http-types: https://github.com/apple/swift-http-types.git @ 1.6.0
  swift-log: https://github.com/apple/swift-log.git @ 1.15.0
  hummingbird: https://github.com/hummingbird-project/hummingbird.git @ 2.26.0
  swift-numerics: https://github.com/apple/swift-numerics.git @ 1.1.1
  swift-nio-http2: https://github.com/apple/swift-nio-http2.git @ 1.46.0
  swift-distributed-tracing: https://github.com/apple/swift-distributed-tracing.git @ 1.4.1
  swift-nio: https://github.com/apple/swift-nio.git @ 2.101.3
  coreai-models: https://github.com/apple/coreai-models.git @ 684ae8e
  swift-asn1: https://github.com/apple/swift-asn1.git @ 1.7.2
  yyjson: https://github.com/ibireme/yyjson.git @ 0.12.0
  Jinja: https://github.com/huggingface/swift-jinja.git @ 2.4.2

Build Preparation
Build task concurrency set to 2 via user default IDEBuildOperationMaxNumberOfConcurrentCompileTasks

ComputePackagePrebuildTargetDependencyGraph

Prepare packages

CreateBuildRequest

SendProjectDescription

CreateBuildOperation

ComputeTargetDependencyGraph
note: Building targets in dependency order
note: Target dependency graph (112 targets)
    Target 'FoundationEvals' in project 'FoundationEvals'
        ➜ Explicit dependency on target 'IntentsAutomationCore-product' in project 'FoundationEvalsPortable'
        ➜ Explicit dependency on target 'CoreAILM-product' in project 'coreai-models'
        ➜ Explicit dependency on target 'Sparkle-product' in project 'Sparkle'
        ➜ Explicit dependency on target 'PostHog-product' in project 'PostHog'
        ➜ Explicit dependency on target 'Hummingbird-product' in project 'hummingbird'
    Target 'Hummingbird-product' in project 'hummingbird'
        ➜ Explicit dependency on target 'Hummingbird' in project 'hummingbird'
        ➜ Explicit dependency on target 'HummingbirdCore' in project 'hummingbird'
        ➜ Explicit dependency on target 'AsyncAlgorithms-product' in project 'swift-async-algorithms'
        ➜ Explicit dependency on target 'DequeModule-product' in project 'swift-collections'
        ➜ Explicit dependency on target 'Configuration-product' in project 'swift-configuration'
        ➜ Explicit dependency on target 'HTTPTypes-product' in project 'swift-http-types'
        ➜ Explicit dependency on target 'Logging-product' in project 'swift-log'
        ➜ Explicit dependency on target 'NIOCore-product' in project 'swift-nio'
        ➜ Explicit dependency on target 'NIOConcurrencyHelpers-product' in project 'swift-nio'
        ➜ Explicit dependency on target 'NIOHTTPTypes-product' in project 'swift-nio-extras'
        ➜ Explicit dependency on target 'NIOHTTPTypesHTTP1-product' in project 'swift-nio-extras'
        ➜ Explicit dependency on target 'NIOExtras-product' in project 'swift-nio-extras'
        ➜ Explicit dependency on target 'NIOPosix-product' in project 'swift-nio'
        ➜ Explicit dependency on target 'NIOTransportServices-product' in project 'swift-nio-transport-services'
        ➜ Explicit dependency on target 'ServiceLifecycle-product' in project 'swift-service-lifecycle'
        ➜ Explicit dependency on target 'Atomics-product' in project 'swift-atomics'
        ➜ Explicit dependency on target 'Metrics-product' in project 'swift-metrics'
        ➜ Explicit dependency on target 'Tracing-product' in project 'swift-distributed-tracing'
        ➜ Explicit dependency on target '_NIOFileSystem-product' in project 'swift-nio'
        ➜ Explicit dependency on target 'NIOFoundationEssentialsCompat-product' in project 'swift-nio'
    Target 'Hummingbird' in project 'hummingbird'
        ➜ Explicit dependency on target 'HummingbirdCore' in project 'hummingbird'
        ➜ Explicit dependency on target 'AsyncAlgorithms-product' in project 'swift-async-algorithms'
        ➜ Explicit dependency on target 'DequeModule-product' in project 'swift-collections'
        ➜ Explicit dependency on target 'Configuration-product' in project 'swift-configuration'
        ➜ Explicit dependency on target 'HTTPTypes-product' in project 'swift-http-types'
        ➜ Explicit dependency on target 'Logging-product' in project 'swift-log'
        ➜ Explicit dependency on target 'NIOCore-product' in project 'swift-nio'
        ➜ Explicit dependency on target 'NIOConcurrencyHelpers-product' in project 'swift-nio'
        ➜ Explicit dependency on target 'NIOHTTPTypes-product' in project 'swift-nio-extras'
        ➜ Explicit dependency on target 'NIOHTTPTypesHTTP1-product' in project 'swift-nio-extras'
        ➜ Explicit dependency on target 'NIOExtras-product' in project 'swift-nio-extras'
        ➜ Explicit dependency on target 'NIOPosix-product' in project 'swift-nio'
        ➜ Explicit dependency on target 'NIOTransportServices-product' in project 'swift-nio-transport-services'
        ➜ Explicit dependency on target 'ServiceLifecycle-product' in project 'swift-service-lifecycle'
        ➜ Explicit dependency on target 'Atomics-product' in project 'swift-atomics'
        ➜ Explicit dependency on target 'Metrics-product' in project 'swift-metrics'
        ➜ Explicit dependency on target 'Tracing-product' in project 'swift-distributed-tracing'
        ➜ Explicit dependency on target '_NIOFileSystem-product' in project 'swift-nio'
        ➜ Explicit dependency on target 'NIOFoundationEssentialsCompat-product' in project 'swift-nio'
    Target 'NIOFoundationEssentialsCompat-product' in project 'swift-nio'
        ➜ Explicit dependency on target 'NIOFoundationEssentialsCompat' in project 'swift-nio'
        ➜ Explicit dependency on target 'CNIOAtomics' in project 'swift-nio'
        ➜ Explicit dependency on target 'NIOConcurrencyHelpers' in project 'swift-nio'
        ➜ Explicit dependency on target '_NIOBase64' in project 'swift-nio'
        ➜ Explicit dependency on target 'CNIOOpenBSD' in project 'swift-nio'
        ➜ Explicit dependency on target 'CNIOFreeBSD' in project 'swift-nio'
        ➜ Explicit dependency on target 'CNIODarwin' in project 'swift-nio'
        ➜ Explicit dependency on target 'CNIOLinux' in project 'swift-nio'
        ➜ Explicit dependency on target 'CNIOWindows' in project 'swift-nio'
        ➜ Explicit dependency on target 'CNIOWASI' in project 'swift-nio'
        ➜ Explicit dependency on target '_NIODataStructures' in project 'swift-nio'
        ➜ Explicit dependency on target 'NIOCore' in project 'swift-nio'
        ➜ Explicit dependency on target 'DequeModule-product' in project 'swift-collections'
        ➜ Explicit dependency on target 'Atomics-product' in project 'swift-atomics'
    Target '_NIOFileSystem-product' in project 'swift-nio'
        ➜ Explicit dependency on target '_NIOFileSystem' in project 'swift-nio'
        ➜ Explicit dependency on target 'NIOFileSystem' in project 'swift-nio'
        ➜ Explicit dependency on target 'swift-nio__NIOFileSystem' in project 'swift-nio'
        ➜ Explicit dependency on target 'CNIOAtomics' in project 'swift-nio'
        ➜ Explicit dependency on target 'NIOConcurrencyHelpers' in project 'swift-nio'
        ➜ Explicit dependency on target '_NIOBase64' in project 'swift-nio'
        ➜ Explicit dependency on target 'CNIOOpenBSD' in project 'swift-nio'
        ➜ Explicit dependency on target 'CNIOFreeBSD' in project 'swift-nio'
        ➜ Explicit dependency on target 'CNIODarwin' in project 'swift-nio'
        ➜ Explicit dependency on target 'CNIOLinux' in project 'swift-nio'
        ➜ Explicit dependency on target 'CNIOWindows' in project 'swift-nio'
        ➜ Explicit dependency on target 'CNIOWASI' in project 'swift-nio'
        ➜ Explicit dependency on target '_NIODataStructures' in project 'swift-nio'
        ➜ Explicit dependency on target 'NIOCore' in project 'swift-nio'
        ➜ Explicit dependency on target 'CNIOPosix' in project 'swift-nio'
        ➜ Explicit dependency on target 'NIOPosix' in project 'swift-nio'
        ➜ Explicit dependency on target 'DequeModule-product' in project 'swift-collections'
        ➜ Explicit dependency on target 'Atomics-product' in project 'swift-atomics'
        ➜ Explicit dependency on target 'SystemPackage-product' in project 'swift-system'
    Target 'NIOFileSystem' in project 'swift-nio'
        ➜ Explicit dependency on target 'CNIOAtomics' in project 'swift-nio'
        ➜ Explicit dependency on target 'NIOConcurrencyHelpers' in project 'swift-nio'
        ➜ Explicit dependency on target '_NIOBase64' in project 'swift-nio'
        ➜ Explicit dependency on target 'CNIOOpenBSD' in project 'swift-nio'
        ➜ Explicit dependency on target 'CNIOFreeBSD' in project 'swift-nio'
        ➜ Explicit dependency on target 'CNIODarwin' in project 'swift-nio'
        ➜ Explicit dependency on target 'CNIOLinux' in project 'swift-nio'
        ➜ Explicit dependency on target 'CNIOWindows' in project 'swift-nio'
        ➜ Explicit dependency on target 'CNIOWASI' in project 'swift-nio'
        ➜ Explicit dependency on target '_NIODataStructures' in project 'swift-nio'
        ➜ Explicit dependency on target 'NIOCore' in project 'swift-nio'
        ➜ Explicit dependency on target 'CNIOPosix' in project 'swift-nio'
        ➜ Explicit dependency on target 'NIOPosix' in project 'swift-nio'
        ➜ Explicit dependency on target '_NIOFileSystem' in project 'swift-nio'
        ➜ Explicit dependency on target 'DequeModule-product' in project 'swift-collections'
        ➜ Explicit dependency on target 'Atomics-product' in project 'swift-atomics'
        ➜ Explicit dependency on target 'SystemPackage-product' in project 'swift-system'
    Target '_NIOFileSystem' in project 'swift-nio'
        ➜ Explicit dependency on target 'swift-nio__NIOFileSystem' in project 'swift-nio'
        ➜ Explicit dependency on target 'CNIOAtomics' in project 'swift-nio'
        ➜ Explicit dependency on target 'NIOConcurrencyHelpers' in project 'swift-nio'
        ➜ Explicit dependency on target '_NIOBase64' in project 'swift-nio'
        ➜ Explicit dependency on target 'CNIOOpenBSD' in project 'swift-nio'
        ➜ Explicit dependency on target 'CNIOFreeBSD' in project 'swift-nio'
        ➜ Explicit dependency on target 'CNIODarwin' in project 'swift-nio'
        ➜ Explicit dependency on target 'CNIOLinux' in project 'swift-nio'
        ➜ Explicit dependency on target 'CNIOWindows' in project 'swift-nio'
        ➜ Explicit dependency on target 'CNIOWASI' in project 'swift-nio'
        ➜ Explicit dependency on target '_NIODataStructures' in project 'swift-nio'
        ➜ Explicit dependency on target 'NIOCore' in project 'swift-nio'
        ➜ Explicit dependency on target 'CNIOPosix' in project 'swift-nio'
        ➜ Explicit dependency on target 'NIOPosix' in project 'swift-nio'
        ➜ Explicit dependency on target 'DequeModule-product' in project 'swift-collections'
        ➜ Explicit dependency on target 'Atomics-product' in project 'swift-atomics'
        ➜ Explicit dependency on target 'SystemPackage-product' in project 'swift-system'
    Target 'swift-nio__NIOFileSystem' in project 'swift-nio' (no dependencies)
    Target 'Tracing-product' in project 'swift-distributed-tracing'
        ➜ Explicit dependency on target 'Tracing' in project 'swift-distributed-tracing'
        ➜ Explicit dependency on target 'Instrumentation' in project 'swift-distributed-tracing'
        ➜ Explicit dependency on target 'ServiceContextModule-product' in project 'swift-service-context'
    Target 'Tracing' in project 'swift-distributed-tracing'
        ➜ Explicit dependency on target 'Instrumentation' in project 'swift-distributed-tracing'
        ➜ Explicit dependency on target 'ServiceContextModule-product' in project 'swift-service-context'
    Target 'Instrumentation' in project 'swift-distributed-tracing'
        ➜ Explicit dependency on target 'ServiceContextModule-product' in project 'swift-service-context'
    Target 'ServiceContextModule-product' in project 'swift-service-context'
        ➜ Explicit dependency on target 'ServiceContextModule' in project 'swift-service-context'
    Target 'ServiceContextModule' in project 'swift-service-context' (no dependencies)
    Target 'Metrics-product' in project 'swift-metrics'
        ➜ Explicit dependency on target 'Metrics' in project 'swift-metrics'
        ➜ Explicit dependency on target 'CoreMetrics' in project 'swift-metrics'
    Target 'Metrics' in project 'swift-metrics'
        ➜ Explicit dependency on target 'CoreMetrics' in project 'swift-metrics'
    Target 'CoreMetrics' in project 'swift-metrics' (no dependencies)
    Target 'HummingbirdCore' in project 'hummingbird'
        ➜ Explicit dependency on target 'AsyncAlgorithms-product' in project 'swift-async-algorithms'
        ➜ Explicit dependency on target 'DequeModule-product' in project 'swift-collections'
        ➜ Explicit dependency on target 'Configuration-product' in project 'swift-configuration'
        ➜ Explicit dependency on target 'HTTPTypes-product' in project 'swift-http-types'
        ➜ Explicit dependency on target 'Logging-product' in project 'swift-log'
        ➜ Explicit dependency on target 'NIOCore-product' in project 'swift-nio'
        ➜ Explicit dependency on target 'NIOConcurrencyHelpers-product' in project 'swift-nio'
        ➜ Explicit dependency on target 'NIOHTTPTypes-product' in project 'swift-nio-extras'
        ➜ Explicit dependency on target 'NIOHTTPTypesHTTP1-product' in project 'swift-nio-extras'
        ➜ Explicit dependency on target 'NIOExtras-product' in project 'swift-nio-extras'
        ➜ Explicit dependency on target 'NIOPosix-product' in project 'swift-nio'
        ➜ Explicit dependency on target 'NIOTransportServices-product' in project 'swift-nio-transport-services'
        ➜ Explicit dependency on target 'ServiceLifecycle-product' in project 'swift-service-lifecycle'
    Target 'ServiceLifecycle-product' in project 'swift-service-lifecycle'
        ➜ Explicit dependency on target 'ServiceLifecycle' in project 'swift-service-lifecycle'
        ➜ Explicit dependency on target 'ConcurrencyHelpers' in project 'swift-service-lifecycle'
        ➜ Explicit dependency on target 'UnixSignals' in project 'swift-service-lifecycle'
        ➜ Explicit dependency on target 'Logging-product' in project 'swift-log'
        ➜ Explicit dependency on target 'AsyncAlgorithms-product' in project 'swift-async-algorithms'
    Target 'ServiceLifecycle' in project 'swift-service-lifecycle'
        ➜ Explicit dependency on target 'ConcurrencyHelpers' in project 'swift-service-lifecycle'
        ➜ Explicit dependency on target 'UnixSignals' in project 'swift-service-lifecycle'
        ➜ Explicit dependency on target 'Logging-product' in project 'swift-log'
        ➜ Explicit dependency on target 'AsyncAlgorithms-product' in project 'swift-async-algorithms'
    Target 'UnixSignals' in project 'swift-service-lifecycle'
        ➜ Explicit dependency on target 'ConcurrencyHelpers' in project 'swift-service-lifecycle'
    Target 'ConcurrencyHelpers' in project 'swift-service-lifecycle' (no dependencies)
    Target 'NIOTransportServices-product' in project 'swift-nio-transport-services'
        ➜ Explicit dependency on target 'NIOTransportServices' in project 'swift-nio-transport-services'
        ➜ Explicit dependency on target 'NIO-product' in project 'swift-nio'
        ➜ Explicit dependency on target 'NIOCore-product' in project 'swift-nio'
        ➜ Explicit dependency on target 'NIOFoundationCompat-product' in project 'swift-nio'
        ➜ Explicit dependency on target 'NIOTLS-product' in project 'swift-nio'
        ➜ Explicit dependency on target 'Atomics-product' in project 'swift-atomics'
    Target 'NIOTransportServices' in project 'swift-nio-transport-services'
        ➜ Explicit dependency on target 'NIO-product' in project 'swift-nio'
        ➜ Explicit dependency on target 'NIOCore-product' in project 'swift-nio'
        ➜ Explicit dependency on target 'NIOFoundationCompat-product' in project 'swift-nio'
        ➜ Explicit dependency on target 'NIOTLS-product' in project 'swift-nio'
        ➜ Explicit dependency on target 'Atomics-product' in project 'swift-atomics'
    Target 'NIOTLS-product' in project 'swift-nio'
        ➜ Explicit dependency on target 'NIOTLS' in project 'swift-nio'
        ➜ Explicit dependency on target 'CNIOAtomics' in project 'swift-nio'
        ➜ Explicit dependency on target 'NIOConcurrencyHelpers' in project 'swift-nio'
        ➜ Explicit dependency on target '_NIOBase64' in project 'swift-nio'
        ➜ Explicit dependency on target 'CNIOOpenBSD' in project 'swift-nio'
        ➜ Explicit dependency on target 'CNIOFreeBSD' in project 'swift-nio'
        ➜ Explicit dependency on target 'CNIODarwin' in project 'swift-nio'
        ➜ Explicit dependency on target 'CNIOLinux' in project 'swift-nio'
        ➜ Explicit dependency on target 'CNIOWindows' in project 'swift-nio'
        ➜ Explicit dependency on target 'CNIOWASI' in project 'swift-nio'
        ➜ Explicit dependency on target '_NIODataStructures' in project 'swift-nio'
        ➜ Explicit dependency on target 'NIOCore' in project 'swift-nio'
        ➜ Explicit dependency on target 'NIOEmbedded' in project 'swift-nio'
        ➜ Explicit dependency on target 'CNIOPosix' in project 'swift-nio'
        ➜ Explicit dependency on target 'NIOPosix' in project 'swift-nio'
        ➜ Explicit dependency on target 'NIO' in project 'swift-nio'
        ➜ Explicit dependency on target 'DequeModule-product' in project 'swift-collections'
        ➜ Explicit dependency on target 'Atomics-product' in project 'swift-atomics'
    Target 'NIOTLS' in project 'swift-nio'
        ➜ Explicit dependency on target 'CNIOAtomics' in project 'swift-nio'
        ➜ Explicit dependency on target 'NIOConcurrencyHelpers' in project 'swift-nio'
        ➜ Explicit dependency on target '_NIOBase64' in project 'swift-nio'
        ➜ Explicit dependency on target 'CNIOOpenBSD' in project 'swift-nio'
        ➜ Explicit dependency on target 'CNIOFreeBSD' in project 'swift-nio'
        ➜ Explicit dependency on target 'CNIODarwin' in project 'swift-nio'
        ➜ Explicit dependency on target 'CNIOLinux' in project 'swift-nio'
        ➜ Explicit dependency on target 'CNIOWindows' in project 'swift-nio'
        ➜ Explicit dependency on target 'CNIOWASI' in project 'swift-nio'
        ➜ Explicit dependency on target '_NIODataStructures' in project 'swift-nio'
        ➜ Explicit dependency on target 'NIOCore' in project 'swift-nio'
        ➜ Explicit dependency on target 'NIOEmbedded' in project 'swift-nio'
        ➜ Explicit dependency on target 'CNIOPosix' in project 'swift-nio'
        ➜ Explicit dependency on target 'NIOPosix' in project 'swift-nio'
        ➜ Explicit dependency on target 'NIO' in project 'swift-nio'
        ➜ Explicit dependency on target 'DequeModule-product' in project 'swift-collections'
        ➜ Explicit dependency on target 'Atomics-product' in project 'swift-atomics'
    Target 'NIOFoundationCompat-product' in project 'swift-nio'
        ➜ Explicit dependency on target 'NIOFoundationCompat' in project 'swift-nio'
        ➜ Explicit dependency on target 'CNIOAtomics' in project 'swift-nio'
        ➜ Explicit dependency on target 'NIOConcurrencyHelpers' in project 'swift-nio'
        ➜ Explicit dependency on target '_NIOBase64' in project 'swift-nio'
        ➜ Explicit dependency on target 'CNIOOpenBSD' in project 'swift-nio'
        ➜ Explicit dependency on target 'CNIOFreeBSD' in project 'swift-nio'
        ➜ Explicit dependency on target 'CNIODarwin' in project 'swift-nio'
        ➜ Explicit dependency on target 'CNIOLinux' in project 'swift-nio'
        ➜ Explicit dependency on target 'CNIOWindows' in project 'swift-nio'
        ➜ Explicit dependency on target 'CNIOWASI' in project 'swift-nio'
        ➜ Explicit dependency on target '_NIODataStructures' in project 'swift-nio'
        ➜ Explicit dependency on target 'NIOCore' in project 'swift-nio'
        ➜ Explicit dependency on target 'NIOEmbedded' in project 'swift-nio'
        ➜ Explicit dependency on target 'CNIOPosix' in project 'swift-nio'
        ➜ Explicit dependency on target 'NIOPosix' in project 'swift-nio'
        ➜ Explicit dependency on target 'NIO' in project 'swift-nio'
        ➜ Explicit dependency on target 'NIOFoundationEssentialsCompat' in project 'swift-nio'
        ➜ Explicit dependency on target 'DequeModule-product' in project 'swift-collections'
        ➜ Explicit dependency on target 'Atomics-product' in project 'swift-atomics'
    Target 'NIOFoundationCompat' in project 'swift-nio'
        ➜ Explicit dependency on target 'CNIOAtomics' in project 'swift-nio'
        ➜ Explicit dependency on target 'NIOConcurrencyHelpers' in project 'swift-nio'
        ➜ Explicit dependency on target '_NIOBase64' in project 'swift-nio'
        ➜ Explicit dependency on target 'CNIOOpenBSD' in project 'swift-nio'
        ➜ Explicit dependency on target 'CNIOFreeBSD' in project 'swift-nio'
        ➜ Explicit dependency on target 'CNIODarwin' in project 'swift-nio'
        ➜ Explicit dependency on target 'CNIOLinux' in project 'swift-nio'
        ➜ Explicit dependency on target 'CNIOWindows' in project 'swift-nio'
        ➜ Explicit dependency on target 'CNIOWASI' in project 'swift-nio'
        ➜ Explicit dependency on target '_NIODataStructures' in project 'swift-nio'
        ➜ Explicit dependency on target 'NIOCore' in project 'swift-nio'
        ➜ Explicit dependency on target 'NIOEmbedded' in project 'swift-nio'
        ➜ Explicit dependency on target 'CNIOPosix' in project 'swift-nio'
        ➜ Explicit dependency on target 'NIOPosix' in project 'swift-nio'
        ➜ Explicit dependency on target 'NIO' in project 'swift-nio'
        ➜ Explicit dependency on target 'NIOFoundationEssentialsCompat' in project 'swift-nio'
        ➜ Explicit dependency on target 'DequeModule-product' in project 'swift-collections'
        ➜ Explicit dependency on target 'Atomics-product' in project 'swift-atomics'
    Target 'NIOFoundationEssentialsCompat' in project 'swift-nio'
        ➜ Explicit dependency on target 'CNIOAtomics' in project 'swift-nio'
        ➜ Explicit dependency on target 'NIOConcurrencyHelpers' in project 'swift-nio'
        ➜ Explicit dependency on target '_NIOBase64' in project 'swift-nio'
        ➜ Explicit dependency on target 'CNIOOpenBSD' in project 'swift-nio'
        ➜ Explicit dependency on target 'CNIOFreeBSD' in project 'swift-nio'
        ➜ Explicit dependency on target 'CNIODarwin' in project 'swift-nio'
        ➜ Explicit dependency on target 'CNIOLinux' in project 'swift-nio'
        ➜ Explicit dependency on target 'CNIOWindows' in project 'swift-nio'
        ➜ Explicit dependency on target 'CNIOWASI' in project 'swift-nio'
        ➜ Explicit dependency on target '_NIODataStructures' in project 'swift-nio'
        ➜ Explicit dependency on target 'NIOCore' in project 'swift-nio'
        ➜ Explicit dependency on target 'DequeModule-product' in project 'swift-collections'
        ➜ Explicit dependency on target 'Atomics-product' in project 'swift-atomics'
    Target 'NIOPosix-product' in project 'swift-nio'
        ➜ Explicit dependency on target 'NIOPosix' in project 'swift-nio'
        ➜ Explicit dependency on target 'swift-nio_NIOPosix' in project 'swift-nio'
        ➜ Explicit dependency on target 'CNIOOpenBSD' in project 'swift-nio'
        ➜ Explicit dependency on target 'CNIOLinux' in project 'swift-nio'
        ➜ Explicit dependency on target 'CNIODarwin' in project 'swift-nio'
        ➜ Explicit dependency on target 'CNIOWindows' in project 'swift-nio'
        ➜ Explicit dependency on target 'CNIOAtomics' in project 'swift-nio'
        ➜ Explicit dependency on target 'NIOConcurrencyHelpers' in project 'swift-nio'
        ➜ Explicit dependency on target '_NIOBase64' in project 'swift-nio'
        ➜ Explicit dependency on target 'CNIOFreeBSD' in project 'swift-nio'
        ➜ Explicit dependency on target 'CNIOWASI' in project 'swift-nio'
        ➜ Explicit dependency on target '_NIODataStructures' in project 'swift-nio'
        ➜ Explicit dependency on target 'NIOCore' in project 'swift-nio'
        ➜ Explicit dependency on target 'CNIOPosix' in project 'swift-nio'
        ➜ Explicit dependency on target 'DequeModule-product' in project 'swift-collections'
        ➜ Explicit dependency on target 'Atomics-product' in project 'swift-atomics'
    Target 'NIOExtras-product' in project 'swift-nio-extras'
        ➜ Explicit dependency on target 'NIOExtras' in project 'swift-nio-extras'
        ➜ Explicit dependency on target 'NIO-product' in project 'swift-nio'
        ➜ Explicit dependency on target 'NIOCore-product' in project 'swift-nio'
        ➜ Explicit dependency on target 'NIOHTTP1-product' in project 'swift-nio'
    Target 'NIOExtras' in project 'swift-nio-extras'
        ➜ Explicit dependency on target 'NIO-product' in project 'swift-nio'
        ➜ Explicit dependency on target 'NIOCore-product' in project 'swift-nio'
        ➜ Explicit dependency on target 'NIOHTTP1-product' in project 'swift-nio'
    Target 'NIO-product' in project 'swift-nio'
        ➜ Explicit dependency on target 'NIO' in project 'swift-nio'
        ➜ Explicit dependency on target 'CNIOAtomics' in project 'swift-nio'
        ➜ Explicit dependency on target 'NIOConcurrencyHelpers' in project 'swift-nio'
        ➜ Explicit dependency on target '_NIOBase64' in project 'swift-nio'
        ➜ Explicit dependency on target 'CNIOOpenBSD' in project 'swift-nio'
        ➜ Explicit dependency on target 'CNIOFreeBSD' in project 'swift-nio'
        ➜ Explicit dependency on target 'CNIODarwin' in project 'swift-nio'
        ➜ Explicit dependency on target 'CNIOLinux' in project 'swift-nio'
        ➜ Explicit dependency on target 'CNIOWindows' in project 'swift-nio'
        ➜ Explicit dependency on target 'CNIOWASI' in project 'swift-nio'
        ➜ Explicit dependency on target '_NIODataStructures' in project 'swift-nio'
        ➜ Explicit dependency on target 'NIOCore' in project 'swift-nio'
        ➜ Explicit dependency on target 'NIOEmbedded' in project 'swift-nio'
        ➜ Explicit dependency on target 'CNIOPosix' in project 'swift-nio'
        ➜ Explicit dependency on target 'NIOPosix' in project 'swift-nio'
        ➜ Explicit dependency on target 'DequeModule-product' in project 'swift-collections'
        ➜ Explicit dependency on target 'Atomics-product' in project 'swift-atomics'
    Target 'NIOHTTPTypesHTTP1-product' in project 'swift-nio-extras'
        ➜ Explicit dependency on target 'NIOHTTPTypesHTTP1' in project 'swift-nio-extras'
        ➜ Explicit dependency on target 'NIOHTTPTypes' in project 'swift-nio-extras'
        ➜ Explicit dependency on target 'HTTPTypes-product' in project 'swift-http-types'
        ➜ Explicit dependency on target 'NIOCore-product' in project 'swift-nio'
        ➜ Explicit dependency on target 'NIOHTTP1-product' in project 'swift-nio'
    Target 'NIOHTTPTypesHTTP1' in project 'swift-nio-extras'
        ➜ Explicit dependency on target 'NIOHTTPTypes' in project 'swift-nio-extras'
        ➜ Explicit dependency on target 'HTTPTypes-product' in project 'swift-http-types'
        ➜ Explicit dependency on target 'NIOCore-product' in project 'swift-nio'
        ➜ Explicit dependency on target 'NIOHTTP1-product' in project 'swift-nio'
    Target 'NIOHTTP1-product' in project 'swift-nio'
        ➜ Explicit dependency on target 'NIOHTTP1' in project 'swift-nio'
        ➜ Explicit dependency on target 'CNIOAtomics' in project 'swift-nio'
        ➜ Explicit dependency on target 'NIOConcurrencyHelpers' in project 'swift-nio'
        ➜ Explicit dependency on target '_NIOBase64' in project 'swift-nio'
        ➜ Explicit dependency on target 'CNIOOpenBSD' in project 'swift-nio'
        ➜ Explicit dependency on target 'CNIOFreeBSD' in project 'swift-nio'
        ➜ Explicit dependency on target 'CNIODarwin' in project 'swift-nio'
        ➜ Explicit dependency on target 'CNIOLinux' in project 'swift-nio'
        ➜ Explicit dependency on target 'CNIOWindows' in project 'swift-nio'
        ➜ Explicit dependency on target 'CNIOWASI' in project 'swift-nio'
        ➜ Explicit dependency on target '_NIODataStructures' in project 'swift-nio'
        ➜ Explicit dependency on target 'NIOCore' in project 'swift-nio'
        ➜ Explicit dependency on target 'NIOEmbedded' in project 'swift-nio'
        ➜ Explicit dependency on target 'CNIOPosix' in project 'swift-nio'
        ➜ Explicit dependency on target 'NIOPosix' in project 'swift-nio'
        ➜ Explicit dependency on target 'NIO' in project 'swift-nio'
        ➜ Explicit dependency on target 'CNIOLLHTTP' in project 'swift-nio'
        ➜ Explicit dependency on target 'DequeModule-product' in project 'swift-collections'
        ➜ Explicit dependency on target 'Atomics-product' in project 'swift-atomics'
    Target 'NIOHTTP1' in project 'swift-nio'
        ➜ Explicit dependency on target 'CNIOAtomics' in project 'swift-nio'
        ➜ Explicit dependency on target 'NIOConcurrencyHelpers' in project 'swift-nio'
        ➜ Explicit dependency on target '_NIOBase64' in project 'swift-nio'
        ➜ Explicit dependency on target 'CNIOOpenBSD' in project 'swift-nio'
        ➜ Explicit dependency on target 'CNIOFreeBSD' in project 'swift-nio'
        ➜ Explicit dependency on target 'CNIODarwin' in project 'swift-nio'
        ➜ Explicit dependency on target 'CNIOLinux' in project 'swift-nio'
        ➜ Explicit dependency on target 'CNIOWindows' in project 'swift-nio'
        ➜ Explicit dependency on target 'CNIOWASI' in project 'swift-nio'
        ➜ Explicit dependency on target '_NIODataStructures' in project 'swift-nio'
        ➜ Explicit dependency on target 'NIOCore' in project 'swift-nio'
        ➜ Explicit dependency on target 'NIOEmbedded' in project 'swift-nio'
        ➜ Explicit dependency on target 'CNIOPosix' in project 'swift-nio'
        ➜ Explicit dependency on target 'NIOPosix' in project 'swift-nio'
        ➜ Explicit dependency on target 'NIO' in project 'swift-nio'
        ➜ Explicit dependency on target 'CNIOLLHTTP' in project 'swift-nio'
        ➜ Explicit dependency on target 'DequeModule-product' in project 'swift-collections'
        ➜ Explicit dependency on target 'Atomics-product' in project 'swift-atomics'
    Target 'CNIOLLHTTP' in project 'swift-nio' (no dependencies)
    Target 'NIO' in project 'swift-nio'
        ➜ Explicit dependency on target 'CNIOAtomics' in project 'swift-nio'
        ➜ Explicit dependency on target 'NIOConcurrencyHelpers' in project 'swift-nio'
        ➜ Explicit dependency on target '_NIOBase64' in project 'swift-nio'
        ➜ Explicit dependency on target 'CNIOOpenBSD' in project 'swift-nio'
        ➜ Explicit dependency on target 'CNIOFreeBSD' in project 'swift-nio'
        ➜ Explicit dependency on target 'CNIODarwin' in project 'swift-nio'
        ➜ Explicit dependency on target 'CNIOLinux' in project 'swift-nio'
        ➜ Explicit dependency on target 'CNIOWindows' in project 'swift-nio'
        ➜ Explicit dependency on target 'CNIOWASI' in project 'swift-nio'
        ➜ Explicit dependency on target '_NIODataStructures' in project 'swift-nio'
        ➜ Explicit dependency on target 'NIOCore' in project 'swift-nio'
        ➜ Explicit dependency on target 'NIOEmbedded' in project 'swift-nio'
        ➜ Explicit dependency on target 'CNIOPosix' in project 'swift-nio'
        ➜ Explicit dependency on target 'NIOPosix' in project 'swift-nio'
        ➜ Explicit dependency on target 'DequeModule-product' in project 'swift-collections'
        ➜ Explicit dependency on target 'Atomics-product' in project 'swift-atomics'
    Target 'NIOPosix' in project 'swift-nio'
        ➜ Explicit dependency on target 'swift-nio_NIOPosix' in project 'swift-nio'
        ➜ Explicit dependency on target 'CNIOOpenBSD' in project 'swift-nio'
        ➜ Explicit dependency on target 'CNIOLinux' in project 'swift-nio'
        ➜ Explicit dependency on target 'CNIODarwin' in project 'swift-nio'
        ➜ Explicit dependency on target 'CNIOWindows' in project 'swift-nio'
        ➜ Explicit dependency on target 'CNIOAtomics' in project 'swift-nio'
        ➜ Explicit dependency on target 'NIOConcurrencyHelpers' in project 'swift-nio'
        ➜ Explicit dependency on target '_NIOBase64' in project 'swift-nio'
        ➜ Explicit dependency on target 'CNIOFreeBSD' in project 'swift-nio'
        ➜ Explicit dependency on target 'CNIOWASI' in project 'swift-nio'
        ➜ Explicit dependency on target '_NIODataStructures' in project 'swift-nio'
        ➜ Explicit dependency on target 'NIOCore' in project 'swift-nio'
        ➜ Explicit dependency on target 'CNIOPosix' in project 'swift-nio'
        ➜ Explicit dependency on target 'DequeModule-product' in project 'swift-collections'
        ➜ Explicit dependency on target 'Atomics-product' in project 'swift-atomics'
    Target 'swift-nio_NIOPosix' in project 'swift-nio' (no dependencies)
    Target 'CNIOPosix' in project 'swift-nio' (no dependencies)
    Target 'NIOEmbedded' in project 'swift-nio'
        ➜ Explicit dependency on target 'CNIOAtomics' in project 'swift-nio'
        ➜ Explicit dependency on target 'NIOConcurrencyHelpers' in project 'swift-nio'
        ➜ Explicit dependency on target '_NIOBase64' in project 'swift-nio'
        ➜ Explicit dependency on target 'CNIOOpenBSD' in project 'swift-nio'
        ➜ Explicit dependency on target 'CNIOFreeBSD' in project 'swift-nio'
        ➜ Explicit dependency on target 'CNIODarwin' in project 'swift-nio'
        ➜ Explicit dependency on target 'CNIOLinux' in project 'swift-nio'
        ➜ Explicit dependency on target 'CNIOWindows' in project 'swift-nio'
        ➜ Explicit dependency on target 'CNIOWASI' in project 'swift-nio'
        ➜ Explicit dependency on target '_NIODataStructures' in project 'swift-nio'
        ➜ Explicit dependency on target 'NIOCore' in project 'swift-nio'
        ➜ Explicit dependency on target 'DequeModule-product' in project 'swift-collections'
        ➜ Explicit dependency on target 'Atomics-product' in project 'swift-atomics'
    Target 'NIOHTTPTypes-product' in project 'swift-nio-extras'
        ➜ Explicit dependency on target 'NIOHTTPTypes' in project 'swift-nio-extras'
        ➜ Explicit dependency on target 'HTTPTypes-product' in project 'swift-http-types'
        ➜ Explicit dependency on target 'NIOCore-product' in project 'swift-nio'
    Target 'NIOHTTPTypes' in project 'swift-nio-extras'
        ➜ Explicit dependency on target 'HTTPTypes-product' in project 'swift-http-types'
        ➜ Explicit dependency on target 'NIOCore-product' in project 'swift-nio'
    Target 'NIOConcurrencyHelpers-product' in project 'swift-nio'
        ➜ Explicit dependency on target 'NIOConcurrencyHelpers' in project 'swift-nio'
        ➜ Explicit dependency on target 'CNIOAtomics' in project 'swift-nio'
    Target 'NIOCore-product' in project 'swift-nio'
        ➜ Explicit dependency on target 'NIOCore' in project 'swift-nio'
        ➜ Explicit dependency on target 'CNIOAtomics' in project 'swift-nio'
        ➜ Explicit dependency on target 'NIOConcurrencyHelpers' in project 'swift-nio'
        ➜ Explicit dependency on target '_NIOBase64' in project 'swift-nio'
        ➜ Explicit dependency on target 'CNIOOpenBSD' in project 'swift-nio'
        ➜ Explicit dependency on target 'CNIOFreeBSD' in project 'swift-nio'
        ➜ Explicit dependency on target 'CNIODarwin' in project 'swift-nio'
        ➜ Explicit dependency on target 'CNIOLinux' in project 'swift-nio'
        ➜ Explicit dependency on target 'CNIOWindows' in project 'swift-nio'
        ➜ Explicit dependency on target 'CNIOWASI' in project 'swift-nio'
        ➜ Explicit dependency on target '_NIODataStructures' in project 'swift-nio'
        ➜ Explicit dependency on target 'DequeModule-product' in project 'swift-collections'
        ➜ Explicit dependency on target 'Atomics-product' in project 'swift-atomics'
    Target 'NIOCore' in project 'swift-nio'
        ➜ Explicit dependency on target 'CNIOAtomics' in project 'swift-nio'
        ➜ Explicit dependency on target 'NIOConcurrencyHelpers' in project 'swift-nio'
        ➜ Explicit dependency on target '_NIOBase64' in project 'swift-nio'
        ➜ Explicit dependency on target 'CNIOOpenBSD' in project 'swift-nio'
        ➜ Explicit dependency on target 'CNIOFreeBSD' in project 'swift-nio'
        ➜ Explicit dependency on target 'CNIODarwin' in project 'swift-nio'
        ➜ Explicit dependency on target 'CNIOLinux' in project 'swift-nio'
        ➜ Explicit dependency on target 'CNIOWindows' in project 'swift-nio'
        ➜ Explicit dependency on target 'CNIOWASI' in project 'swift-nio'
        ➜ Explicit dependency on target '_NIODataStructures' in project 'swift-nio'
        ➜ Explicit dependency on target 'DequeModule-product' in project 'swift-collections'
        ➜ Explicit dependency on target 'Atomics-product' in project 'swift-atomics'
    Target 'Atomics-product' in project 'swift-atomics'
        ➜ Explicit dependency on target 'Atomics' in project 'swift-atomics'
        ➜ Explicit dependency on target '_AtomicsShims' in project 'swift-atomics'
    Target 'Atomics' in project 'swift-atomics'
        ➜ Explicit dependency on target '_AtomicsShims' in project 'swift-atomics'
    Target '_AtomicsShims' in project 'swift-atomics' (no dependencies)
    Target '_NIODataStructures' in project 'swift-nio' (no dependencies)
    Target 'CNIOWASI' in project 'swift-nio' (no dependencies)
    Target 'CNIOWindows' in project 'swift-nio' (no dependencies)
    Target 'CNIOLinux' in project 'swift-nio' (no dependencies)
    Target 'CNIODarwin' in project 'swift-nio' (no dependencies)
    Target 'CNIOFreeBSD' in project 'swift-nio' (no dependencies)
    Target 'CNIOOpenBSD' in project 'swift-nio' (no dependencies)
    Target '_NIOBase64' in project 'swift-nio' (no dependencies)
    Target 'NIOConcurrencyHelpers' in project 'swift-nio'
        ➜ Explicit dependency on target 'CNIOAtomics' in project 'swift-nio'
    Target 'CNIOAtomics' in project 'swift-nio' (no dependencies)
    Target 'Logging-product' in project 'swift-log'
        ➜ Explicit dependency on target 'Logging' in project 'swift-log'
    Target 'Logging' in project 'swift-log' (no dependencies)
    Target 'HTTPTypes-product' in project 'swift-http-types'
        ➜ Explicit dependency on target 'HTTPTypes' in project 'swift-http-types'
    Target 'HTTPTypes' in project 'swift-http-types' (no dependencies)
    Target 'Configuration-product' in project 'swift-configuration'
        ➜ Explicit dependency on target 'Configuration' in project 'swift-configuration'
        ➜ Explicit dependency on target 'SystemPackage-product' in project 'swift-system'
        ➜ Explicit dependency on target 'DequeModule-product' in project 'swift-collections'
    Target 'Configuration' in project 'swift-configuration'
        ➜ Explicit dependency on target 'SystemPackage-product' in project 'swift-system'
        ➜ Explicit dependency on target 'DequeModule-product' in project 'swift-collections'
    Target 'SystemPackage-product' in project 'swift-system'
        ➜ Explicit dependency on target 'SystemPackage' in project 'swift-system'
        ➜ Explicit dependency on target 'CSystem' in project 'swift-system'
    Target 'SystemPackage' in project 'swift-system'
        ➜ Explicit dependency on target 'CSystem' in project 'swift-system'
    Target 'CSystem' in project 'swift-system' (no dependencies)
    Target 'AsyncAlgorithms-product' in project 'swift-async-algorithms'
        ➜ Explicit dependency on target 'AsyncAlgorithms' in project 'swift-async-algorithms'
        ➜ Explicit dependency on target 'OrderedCollections-product' in project 'swift-collections'
        ➜ Explicit dependency on target 'DequeModule-product' in project 'swift-collections'
    Target 'AsyncAlgorithms' in project 'swift-async-algorithms'
        ➜ Explicit dependency on target 'OrderedCollections-product' in project 'swift-collections'
        ➜ Explicit dependency on target 'DequeModule-product' in project 'swift-collections'
    Target 'DequeModule-product' in project 'swift-collections'
        ➜ Explicit dependency on target 'DequeModule' in project 'swift-collections'
        ➜ Explicit dependency on target 'InternalCollectionsUtilities' in project 'swift-collections'
        ➜ Explicit dependency on target 'ContainersPreview' in project 'swift-collections'
    Target 'DequeModule' in project 'swift-collections'
        ➜ Explicit dependency on target 'InternalCollectionsUtilities' in project 'swift-collections'
        ➜ Explicit dependency on target 'ContainersPreview' in project 'swift-collections'
    Target 'ContainersPreview' in project 'swift-collections'
        ➜ Explicit dependency on target 'InternalCollectionsUtilities' in project 'swift-collections'
    Target 'PostHog-product' in project 'PostHog'
        ➜ Explicit dependency on target 'PostHog' in project 'PostHog'
        ➜ Explicit dependency on target 'PostHog_PostHog' in project 'PostHog'
        ➜ Explicit dependency on target 'PostHogObjCExceptionSupport' in project 'PostHog'
        ➜ Explicit dependency on target 'phlibwebp' in project 'PostHog'
        ➜ Explicit dependency on target 'PHPLCrashReporter' in project 'PostHog'
    Target 'PostHog' in project 'PostHog'
        ➜ Explicit dependency on target 'PostHog_PostHog' in project 'PostHog'
        ➜ Explicit dependency on target 'PostHogObjCExceptionSupport' in project 'PostHog'
        ➜ Explicit dependency on target 'phlibwebp' in project 'PostHog'
        ➜ Explicit dependency on target 'PHPLCrashReporter' in project 'PostHog'
    Target 'PHPLCrashReporter' in project 'PostHog'
        ➜ Explicit dependency on target 'PostHog_PHPLCrashReporter' in project 'PostHog'
    Target 'PostHog_PHPLCrashReporter' in project 'PostHog' (no dependencies)
    Target 'phlibwebp' in project 'PostHog' (no dependencies)
    Target 'PostHogObjCExceptionSupport' in project 'PostHog' (no dependencies)
    Target 'PostHog_PostHog' in project 'PostHog' (no dependencies)
    Target 'Sparkle-product' in project 'Sparkle' (no dependencies)
    Target 'CoreAILM-product' in project 'coreai-models'
        ➜ Explicit dependency on target 'CoreAILanguageModels' in project 'coreai-models'
        ➜ Explicit dependency on target 'CoreAIShared' in project 'coreai-models'
        ➜ Explicit dependency on target 'CXGrammar' in project 'coreai-models'
        ➜ Explicit dependency on target 'XGrammar-product' in project 'xgrammar'
        ➜ Explicit dependency on target 'Transformers-product' in project 'swift-transformers'
    Target 'CoreAILanguageModels' in project 'coreai-models'
        ➜ Explicit dependency on target 'CoreAIShared' in project 'coreai-models'
        ➜ Explicit dependency on target 'CXGrammar' in project 'coreai-models'
        ➜ Explicit dependency on target 'XGrammar-product' in project 'xgrammar'
        ➜ Explicit dependency on target 'Transformers-product' in project 'swift-transformers'
    Target 'Transformers-product' in project 'swift-transformers'
        ➜ Explicit dependency on target 'Tokenizers' in project 'swift-transformers'
        ➜ Explicit dependency on target 'Generation' in project 'swift-transformers'
        ➜ Explicit dependency on target 'Models' in project 'swift-transformers'
        ➜ Explicit dependency on target 'Hub' in project 'swift-transformers'
        ➜ Explicit dependency on target 'Jinja-product' in project 'Jinja'
        ➜ Explicit dependency on target 'HuggingFace-product' in project 'swift-huggingface'
        ➜ Explicit dependency on target 'OrderedCollections-product' in project 'swift-collections'
        ➜ Explicit dependency on target 'Crypto-product' in project 'swift-crypto'
        ➜ Explicit dependency on target 'yyjson-product' in project 'yyjson'
    Target 'Models' in project 'swift-transformers'
        ➜ Explicit dependency on target 'Hub' in project 'swift-transformers'
        ➜ Explicit dependency on target 'Tokenizers' in project 'swift-transformers'
        ➜ Explicit dependency on target 'Generation' in project 'swift-transformers'
        ➜ Explicit dependency on target 'Jinja-product' in project 'Jinja'
        ➜ Explicit dependency on target 'HuggingFace-product' in project 'swift-huggingface'
        ➜ Explicit dependency on target 'OrderedCollections-product' in project 'swift-collections'
        ➜ Explicit dependency on target 'Crypto-product' in project 'swift-crypto'
        ➜ Explicit dependency on target 'yyjson-product' in project 'yyjson'
    Target 'Generation' in project 'swift-transformers'
        ➜ Explicit dependency on target 'Hub' in project 'swift-transformers'
        ➜ Explicit dependency on target 'Tokenizers' in project 'swift-transformers'
        ➜ Explicit dependency on target 'Jinja-product' in project 'Jinja'
        ➜ Explicit dependency on target 'HuggingFace-product' in project 'swift-huggingface'
        ➜ Explicit dependency on target 'OrderedCollections-product' in project 'swift-collections'
        ➜ Explicit dependency on target 'Crypto-product' in project 'swift-crypto'
        ➜ Explicit dependency on target 'yyjson-product' in project 'yyjson'
    Target 'Tokenizers' in project 'swift-transformers'
        ➜ Explicit dependency on target 'Hub' in project 'swift-transformers'
        ➜ Explicit dependency on target 'Jinja-product' in project 'Jinja'
        ➜ Explicit dependency on target 'HuggingFace-product' in project 'swift-huggingface'
        ➜ Explicit dependency on target 'OrderedCollections-product' in project 'swift-collections'
        ➜ Explicit dependency on target 'Crypto-product' in project 'swift-crypto'
        ➜ Explicit dependency on target 'yyjson-product' in project 'yyjson'
    Target 'Hub' in project 'swift-transformers'
        ➜ Explicit dependency on target 'swift-transformers_Hub' in project 'swift-transformers'
        ➜ Explicit dependency on target 'Jinja-product' in project 'Jinja'
        ➜ Explicit dependency on target 'HuggingFace-product' in project 'swift-huggingface'
        ➜ Explicit dependency on target 'OrderedCollections-product' in project 'swift-collections'
        ➜ Explicit dependency on target 'Crypto-product' in project 'swift-crypto'
        ➜ Explicit dependency on target 'yyjson-product' in project 'yyjson'
    Target 'yyjson-product' in project 'yyjson'
        ➜ Explicit dependency on target 'yyjson' in project 'yyjson'
    Target 'yyjson' in project 'yyjson' (no dependencies)
    Target 'HuggingFace-product' in project 'swift-huggingface'
        ➜ Explicit dependency on target 'HuggingFace' in project 'swift-huggingface'
        ➜ Explicit dependency on target 'EventSource-product' in project 'EventSource'
        ➜ Explicit dependency on target 'Crypto-product' in project 'swift-crypto'
    Target 'HuggingFace' in project 'swift-huggingface'
        ➜ Explicit dependency on target 'EventSource-product' in project 'EventSource'
        ➜ Explicit dependency on target 'Crypto-product' in project 'swift-crypto'
    Target 'Crypto-product' in project 'swift-crypto'
        ➜ Explicit dependency on target 'Crypto' in project 'swift-crypto'
        ➜ Explicit dependency on target 'swift-crypto_Crypto' in project 'swift-crypto'
    Target 'Crypto' in project 'swift-crypto'
        ➜ Explicit dependency on target 'swift-crypto_Crypto' in project 'swift-crypto'
    Target 'swift-crypto_Crypto' in project 'swift-crypto' (no dependencies)
    Target 'EventSource-product' in project 'EventSource'
        ➜ Explicit dependency on target 'EventSource' in project 'EventSource'
    Target 'EventSource' in project 'EventSource' (no dependencies)
    Target 'Jinja-product' in project 'Jinja'
        ➜ Explicit dependency on target 'Jinja' in project 'Jinja'
        ➜ Explicit dependency on target 'OrderedCollections-product' in project 'swift-collections'
    Target 'Jinja' in project 'Jinja'
        ➜ Explicit dependency on target 'OrderedCollections-product' in project 'swift-collections'
    Target 'OrderedCollections-product' in project 'swift-collections'
        ➜ Explicit dependency on target 'OrderedCollections' in project 'swift-collections'
        ➜ Explicit dependency on target 'InternalCollectionsUtilities' in project 'swift-collections'
    Target 'OrderedCollections' in project 'swift-collections'
        ➜ Explicit dependency on target 'InternalCollectionsUtilities' in project 'swift-collections'
    Target 'InternalCollectionsUtilities' in project 'swift-collections' (no dependencies)
    Target 'swift-transformers_Hub' in project 'swift-transformers' (no dependencies)
    Target 'CXGrammar' in project 'coreai-models'
        ➜ Explicit dependency on target 'XGrammar-product' in project 'xgrammar'
    Target 'XGrammar-product' in project 'xgrammar'
        ➜ Explicit dependency on target 'XGrammar' in project 'xgrammar'
    Target 'XGrammar' in project 'xgrammar' (no dependencies)
    Target 'CoreAIShared' in project 'coreai-models' (no dependencies)
    Target 'IntentsAutomationCore-product' in project 'FoundationEvalsPortable'
        ➜ Explicit dependency on target 'IntentsAutomationCore' in project 'FoundationEvalsPortable'
        ➜ Explicit dependency on target 'IntentsAutomationDateCodec' in project 'FoundationEvalsPortable'
        ➜ Explicit dependency on target 'IntentLabContracts' in project 'FoundationEvalsPortable'
    Target 'IntentsAutomationCore' in project 'FoundationEvalsPortable'
        ➜ Explicit dependency on target 'IntentsAutomationDateCodec' in project 'FoundationEvalsPortable'
        ➜ Explicit dependency on target 'IntentLabContracts' in project 'FoundationEvalsPortable'
    Target 'IntentLabContracts' in project 'FoundationEvalsPortable' (no dependencies)
    Target 'IntentsAutomationDateCodec' in project 'FoundationEvalsPortable' (no dependencies)

GatherProvisioningInputs

CreateBuildDescription

ExecuteExternalTool /Applications/Xcode.app/Contents/Developer/Toolchains/XcodeDefault.xctoolchain/usr/bin/swiftc --version

ExecuteExternalTool /Applications/Xcode.app/Contents/Developer/Toolchains/XcodeDefault.xctoolchain/usr/bin/clang -v -E -dM -arch arm64 -isysroot /Applications/Xcode.app/Contents/Developer/Platforms/MacOSX.platform/Developer/SDKs/MacOSX27.0.sdk -x c++ -c /dev/null

ExecuteExternalTool /Applications/Xcode.app/Contents/Developer/Toolchains/XcodeDefault.xctoolchain/usr/bin/clang -v -E -dM -arch arm64 -isysroot /Applications/Xcode.app/Contents/Developer/Platforms/MacOSX.platform/Developer/SDKs/MacOSX27.0.sdk -x c -c /dev/null

ExecuteExternalTool /Applications/Xcode.app/Contents/Developer/Toolchains/XcodeDefault.xctoolchain/usr/bin/clang -v -E -dM -arch arm64 -isysroot /Applications/Xcode.app/Contents/Developer/Platforms/MacOSX.platform/Developer/SDKs/MacOSX27.0.sdk -x objective-c -c /dev/null

ExecuteExternalTool /Applications/Xcode.app/Contents/Developer/Toolchains/XcodeDefault.xctoolchain/usr/bin/clang -v -E -dM -isysroot /Applications/Xcode.app/Contents/Developer/Platforms/MacOSX.platform/Developer/SDKs/MacOSX27.0.sdk -x c -c /dev/null

ExecuteExternalTool /Applications/Xcode.app/Contents/Developer/usr/bin/actool --version --output-format xml1

ExecuteExternalTool /Applications/Xcode.app/Contents/Developer/Toolchains/XcodeDefault.xctoolchain/usr/bin/ld -version_details

ExecuteExternalTool /Applications/Xcode.app/Contents/Developer/Toolchains/XcodeDefault.xctoolchain/usr/bin/clang -v -E -dM -arch arm64 -isysroot /Applications/Xcode.app/Contents/Developer/Platforms/MacOSX.platform/Developer/SDKs/MacOSX27.0.sdk -x objective-c++ -c /dev/null

ExecuteExternalTool /Applications/Xcode.app/Contents/Developer/Toolchains/XcodeDefault.xctoolchain/usr/bin/clang -v -E -dM -arch arm64 -isysroot /Applications/Xcode.app/Contents/Developer/Platforms/MacOSX.platform/Developer/SDKs/MacOSX27.0.sdk -x assembler-with-cpp -c /dev/null

ReadFileContents /Applications/Xcode.app/Contents/Developer/Toolchains/XcodeDefault.xctoolchain/usr/share/docc/features.json

Build description signature: 39435b32096474b197f5c1e83b7371a0
Build description path: /tmp/intents-automation-native-saved-build1/Build/Intermediates.noindex/XCBuildData/39435b32096474b197f5c1e83b7371a0.xcbuilddata
ClangStatCache /Applications/Xcode.app/Contents/Developer/Toolchains/XcodeDefault.xctoolchain/usr/bin/clang-stat-cache /Applications/Xcode.app/Contents/Developer/Platforms/MacOSX.platform/Developer/SDKs/MacOSX27.0.sdk /tmp/intents-automation-native-saved-build1/SDKStatCaches.noindex/macosx27.0-26A425-e829b21a6f8c9b70876ba0858053c0447231f6df4def33e022ae2eb8f782df1a.sdkstatcache
    cd /Users/coryparry/Developer/Projects/Intents/FoundationEvals/FoundationEvals.xcodeproj
    /Applications/Xcode.app/Contents/Developer/Toolchains/XcodeDefault.xctoolchain/usr/bin/clang-stat-cache /Applications/Xcode.app/Contents/Developer/Platforms/MacOSX.platform/Developer/SDKs/MacOSX27.0.sdk -o /tmp/intents-automation-native-saved-build1/SDKStatCaches.noindex/macosx27.0-26A425-e829b21a6f8c9b70876ba0858053c0447231f6df4def33e022ae2eb8f782df1a.sdkstatcache

WriteAuxiliaryFile /tmp/intents-automation-native-saved-build1/Build/Intermediates.noindex/FoundationEvalsPortable.build/Debug/IntentsAutomationCore-t.build/Objects-normal/arm64/IntentsAutomationCore.SwiftFileList (in target 'IntentsAutomationCore' from project 'FoundationEvalsPortable')
    cd /Users/coryparry/Developer/Projects/Intents
    write-file /tmp/intents-automation-native-saved-build1/Build/Intermediates.noindex/FoundationEvalsPortable.build/Debug/IntentsAutomationCore-t.build/Objects-normal/arm64/IntentsAutomationCore.SwiftFileList

WriteAuxiliaryFile /tmp/intents-automation-native-saved-build1/Build/Intermediates.noindex/FoundationEvalsPortable.build/Debug/IntentsAutomationCore-t.build/Objects-normal/arm64/IntentsAutomationCore-OutputFileMap.json (in target 'IntentsAutomationCore' from project 'FoundationEvalsPortable')
    cd /Users/coryparry/Developer/Projects/Intents
    write-file /tmp/intents-automation-native-saved-build1/Build/Intermediates.noindex/FoundationEvalsPortable.build/Debug/IntentsAutomationCore-t.build/Objects-normal/arm64/IntentsAutomationCore-OutputFileMap.json

SwiftDriver IntentsAutomationCore normal arm64 com.apple.xcode.tools.swift.compiler (in target 'IntentsAutomationCore' from project 'FoundationEvalsPortable')
    cd /Users/coryparry/Developer/Projects/Intents/FoundationEvals/FoundationEvals.xcodeproj
    builtin-SwiftDriver -- /Applications/Xcode.app/Contents/Developer/Toolchains/XcodeDefault.xctoolchain/usr/bin/swiftc -parse-as-library -module-name IntentsAutomationCore -Onone @/tmp/intents-automation-native-saved-build1/Build/Intermediates.noindex/FoundationEvalsPortable.build/Debug/IntentsAutomationCore-t.build/Objects-normal/arm64/IntentsAutomationCore.SwiftFileList -DSWIFT_PACKAGE -DDEBUG -DSWIFT_MODULE_RESOURCE_BUNDLE_UNAVAILABLE -DXcode -plugin-path /Applications/Xcode.app/Contents/Developer/Toolchains/XcodeDefault.xctoolchain/usr/lib/swift/host/plugins/testing -enable-experimental-feature DebugDescriptionMacro -sdk /Applications/Xcode.app/Contents/Developer/Platforms/MacOSX.platform/Developer/SDKs/MacOSX27.0.sdk -target arm64-apple-macos26.0 -g -module-cache-path /tmp/intents-automation-native-saved-build1/ModuleCache.noindex -Xfrontend -serialize-debugging-options -enable-testing -index-store-path /tmp/intents-automation-native-saved-build1/Index.noindex/DataStore -Xcc -D_LIBCPP_HARDENING_MODE\=_LIBCPP_HARDENING_MODE_DEBUG -swift-version 6 -I /tmp/intents-automation-native-saved-build1/Build/Products/Debug -Isystem /Applications/Xcode.app/Contents/Developer/Platforms/MacOSX.platform/Developer/usr/lib -F /tmp/intents-automation-native-saved-build1/Build/Products/Debug/PackageFrameworks -F /tmp/intents-automation-native-saved-build1/Build/Products/Debug -F /Applications/Xcode.app/Contents/Developer/Platforms/MacOSX.platform/Developer/Library/Frameworks -c -j10 -enable-batch-mode -incremental -Xcc -ivfsstatcache -Xcc /tmp/intents-automation-native-saved-build1/SDKStatCaches.noindex/macosx27.0-26A425-e829b21a6f8c9b70876ba0858053c0447231f6df4def33e022ae2eb8f782df1a.sdkstatcache -output-file-map /tmp/intents-automation-native-saved-build1/Build/Intermediates.noindex/FoundationEvalsPortable.build/Debug/IntentsAutomationCore-t.build/Objects-normal/arm64/IntentsAutomationCore-OutputFileMap.json -save-temps -no-color-diagnostics -explicit-module-build -module-cache-path /tmp/intents-automation-native-saved-build1/Build/Intermediates.noindex/SwiftExplicitPrecompiledModules -clang-scanner-module-cache-path /tmp/intents-automation-native-saved-build1/ModuleCache.noindex -sdk-module-cache-path /tmp/intents-automation-native-saved-build1/SDKExplicitPrecompiledModules -emit-dependencies -emit-module -emit-module-path /tmp/intents-automation-native-saved-build1/Build/Intermediates.noindex/FoundationEvalsPortable.build/Debug/IntentsAutomationCore-t.build/Objects-normal/arm64/IntentsAutomationCore.swiftmodule -serialize-diagnostics -dependency-scan-serialize-diagnostics-path /tmp/intents-automation-native-saved-build1/Build/Intermediates.noindex/FoundationEvalsPortable.build/Debug/IntentsAutomationCore-t.build/Objects-normal/arm64/IntentsAutomationCore-dependency-scan.dia -validate-clang-modules-once -clang-build-session-file /tmp/intents-automation-native-saved-build1/ModuleCache.noindex/Session.modulevalidation -Xcc -fmodules-prune-interval\=86400 -Xcc -fmodules-prune-after\=345600 -package-name intents -emit-const-values -const-gather-protocols-list /tmp/intents-automation-native-saved-build1/Build/Intermediates.noindex/FoundationEvalsPortable.build/Debug/IntentsAutomationCore-t.build/Objects-normal/arm64/IntentsAutomationCore_const_extract_protocols.json -Xcc -I/tmp/intents-automation-native-saved-build1/Build/Products/Debug/include -Xcc -I/tmp/intents-automation-native-saved-build1/Build/Intermediates.noindex/FoundationEvalsPortable.build/Debug/IntentsAutomationCore-t.build/DerivedSources-normal/arm64 -Xcc -I/tmp/intents-automation-native-saved-build1/Build/Intermediates.noindex/FoundationEvalsPortable.build/Debug/IntentsAutomationCore-t.build/DerivedSources/arm64 -Xcc -I/tmp/intents-automation-native-saved-build1/Build/Intermediates.noindex/FoundationEvalsPortable.build/Debug/IntentsAutomationCore-t.build/DerivedSources -Xcc -DSWIFT_PACKAGE -Xcc -DDEBUG\=1 -emit-objc-header -emit-objc-header-path /tmp/intents-automation-native-saved-build1/Build/Intermediates.noindex/FoundationEvalsPortable.build/Debug/IntentsAutomationCore-t.build/Objects-normal/arm64/IntentsAutomationCore-Swift.h -working-directory /Users/coryparry/Developer/Projects/Intents/FoundationEvals/FoundationEvals.xcodeproj -experimental-emit-module-separately -disable-cmo

SwiftExplicitDependencyGeneratePcm arm64 /tmp/intents-automation-native-saved-build1/SDKExplicitPrecompiledModules/SwiftUI-BHSLC8ACWBI8HFIJN4JKJRRYB.pcm

SwiftEmitModule normal arm64 Emitting\ module\ for\ IntentsAutomationCore (in target 'IntentsAutomationCore' from project 'FoundationEvalsPortable')

SwiftCompile normal arm64 (in target 'IntentsAutomationCore' from project 'FoundationEvalsPortable')
    cd /Users/coryparry/Developer/Projects/Intents/FoundationEvals/FoundationEvals.xcodeproj


SwiftDriverJobDiscovery normal arm64 Emitting module for IntentsAutomationCore (in target 'IntentsAutomationCore' from project 'FoundationEvalsPortable')

SwiftDriver\ Compilation\ Requirements IntentsAutomationCore normal arm64 com.apple.xcode.tools.swift.compiler (in target 'IntentsAutomationCore' from project 'FoundationEvalsPortable')
    cd /Users/coryparry/Developer/Projects/Intents/FoundationEvals/FoundationEvals.xcodeproj
    builtin-Swift-Compilation-Requirements -- /Applications/Xcode.app/Contents/Developer/Toolchains/XcodeDefault.xctoolchain/usr/bin/swiftc -parse-as-library -module-name IntentsAutomationCore -Onone @/tmp/intents-automation-native-saved-build1/Build/Intermediates.noindex/FoundationEvalsPortable.build/Debug/IntentsAutomationCore-t.build/Objects-normal/arm64/IntentsAutomationCore.SwiftFileList -DSWIFT_PACKAGE -DDEBUG -DSWIFT_MODULE_RESOURCE_BUNDLE_UNAVAILABLE -DXcode -plugin-path /Applications/Xcode.app/Contents/Developer/Toolchains/XcodeDefault.xctoolchain/usr/lib/swift/host/plugins/testing -enable-experimental-feature DebugDescriptionMacro -sdk /Applications/Xcode.app/Contents/Developer/Platforms/MacOSX.platform/Developer/SDKs/MacOSX27.0.sdk -target arm64-apple-macos26.0 -g -module-cache-path /tmp/intents-automation-native-saved-build1/ModuleCache.noindex -Xfrontend -serialize-debugging-options -enable-testing -index-store-path /tmp/intents-automation-native-saved-build1/Index.noindex/DataStore -Xcc -D_LIBCPP_HARDENING_MODE\=_LIBCPP_HARDENING_MODE_DEBUG -swift-version 6 -I /tmp/intents-automation-native-saved-build1/Build/Products/Debug -Isystem /Applications/Xcode.app/Contents/Developer/Platforms/MacOSX.platform/Developer/usr/lib -F /tmp/intents-automation-native-saved-build1/Build/Products/Debug/PackageFrameworks -F /tmp/intents-automation-native-saved-build1/Build/Products/Debug -F /Applications/Xcode.app/Contents/Developer/Platforms/MacOSX.platform/Developer/Library/Frameworks -c -j10 -enable-batch-mode -incremental -Xcc -ivfsstatcache -Xcc /tmp/intents-automation-native-saved-build1/SDKStatCaches.noindex/macosx27.0-26A425-e829b21a6f8c9b70876ba0858053c0447231f6df4def33e022ae2eb8f782df1a.sdkstatcache -output-file-map /tmp/intents-automation-native-saved-build1/Build/Intermediates.noindex/FoundationEvalsPortable.build/Debug/IntentsAutomationCore-t.build/Objects-normal/arm64/IntentsAutomationCore-OutputFileMap.json -save-temps -no-color-diagnostics -explicit-module-build -module-cache-path /tmp/intents-automation-native-saved-build1/Build/Intermediates.noindex/SwiftExplicitPrecompiledModules -clang-scanner-module-cache-path /tmp/intents-automation-native-saved-build1/ModuleCache.noindex -sdk-module-cache-path /tmp/intents-automation-native-saved-build1/SDKExplicitPrecompiledModules -emit-dependencies -emit-module -emit-module-path /tmp/intents-automation-native-saved-build1/Build/Intermediates.noindex/FoundationEvalsPortable.build/Debug/IntentsAutomationCore-t.build/Objects-normal/arm64/IntentsAutomationCore.swiftmodule -serialize-diagnostics -dependency-scan-serialize-diagnostics-path /tmp/intents-automation-native-saved-build1/Build/Intermediates.noindex/FoundationEvalsPortable.build/Debug/IntentsAutomationCore-t.build/Objects-normal/arm64/IntentsAutomationCore-dependency-scan.dia -validate-clang-modules-once -clang-build-session-file /tmp/intents-automation-native-saved-build1/ModuleCache.noindex/Session.modulevalidation -Xcc -fmodules-prune-interval\=86400 -Xcc -fmodules-prune-after\=345600 -package-name intents -emit-const-values -const-gather-protocols-list /tmp/intents-automation-native-saved-build1/Build/Intermediates.noindex/FoundationEvalsPortable.build/Debug/IntentsAutomationCore-t.build/Objects-normal/arm64/IntentsAutomationCore_const_extract_protocols.json -Xcc -I/tmp/intents-automation-native-saved-build1/Build/Products/Debug/include -Xcc -I/tmp/intents-automation-native-saved-build1/Build/Intermediates.noindex/FoundationEvalsPortable.build/Debug/IntentsAutomationCore-t.build/DerivedSources-normal/arm64 -Xcc -I/tmp/intents-automation-native-saved-build1/Build/Intermediates.noindex/FoundationEvalsPortable.build/Debug/IntentsAutomationCore-t.build/DerivedSources/arm64 -Xcc -I/tmp/intents-automation-native-saved-build1/Build/Intermediates.noindex/FoundationEvalsPortable.build/Debug/IntentsAutomationCore-t.build/DerivedSources -Xcc -DSWIFT_PACKAGE -Xcc -DDEBUG\=1 -emit-objc-header -emit-objc-header-path /tmp/intents-automation-native-saved-build1/Build/Intermediates.noindex/FoundationEvalsPortable.build/Debug/IntentsAutomationCore-t.build/Objects-normal/arm64/IntentsAutomationCore-Swift.h -working-directory /Users/coryparry/Developer/Projects/Intents/FoundationEvals/FoundationEvals.xcodeproj -experimental-emit-module-separately -disable-cmo

Copy /tmp/intents-automation-native-saved-build1/Build/Products/Debug/IntentsAutomationCore.swiftmodule/Project/arm64-apple-macos.swiftsourceinfo /tmp/intents-automation-native-saved-build1/Build/Intermediates.noindex/FoundationEvalsPortable.build/Debug/IntentsAutomationCore-t.build/Objects-normal/arm64/IntentsAutomationCore.swiftsourceinfo (in target 'IntentsAutomationCore' from project 'FoundationEvalsPortable')
    cd /Users/coryparry/Developer/Projects/Intents
    builtin-copy -exclude .DS_Store -exclude CVS -exclude .svn -exclude .git -exclude .hg -resolve-src-symlinks -rename /tmp/intents-automation-native-saved-build1/Build/Intermediates.noindex/FoundationEvalsPortable.build/Debug/IntentsAutomationCore-t.build/Objects-normal/arm64/IntentsAutomationCore.swiftsourceinfo /tmp/intents-automation-native-saved-build1/Build/Products/Debug/IntentsAutomationCore.swiftmodule/Project/arm64-apple-macos.swiftsourceinfo

Copy /tmp/intents-automation-native-saved-build1/Build/Products/Debug/IntentsAutomationCore.swiftmodule/arm64-apple-macos.swiftmodule /tmp/intents-automation-native-saved-build1/Build/Intermediates.noindex/FoundationEvalsPortable.build/Debug/IntentsAutomationCore-t.build/Objects-normal/arm64/IntentsAutomationCore.swiftmodule (in target 'IntentsAutomationCore' from project 'FoundationEvalsPortable')
    cd /Users/coryparry/Developer/Projects/Intents
    builtin-copy -exclude .DS_Store -exclude CVS -exclude .svn -exclude .git -exclude .hg -resolve-src-symlinks -rename /tmp/intents-automation-native-saved-build1/Build/Intermediates.noindex/FoundationEvalsPortable.build/Debug/IntentsAutomationCore-t.build/Objects-normal/arm64/IntentsAutomationCore.swiftmodule /tmp/intents-automation-native-saved-build1/Build/Products/Debug/IntentsAutomationCore.swiftmodule/arm64-apple-macos.swiftmodule

Copy /tmp/intents-automation-native-saved-build1/Build/Products/Debug/IntentsAutomationCore.swiftmodule/arm64-apple-macos.swiftdoc /tmp/intents-automation-native-saved-build1/Build/Intermediates.noindex/FoundationEvalsPortable.build/Debug/IntentsAutomationCore-t.build/Objects-normal/arm64/IntentsAutomationCore.swiftdoc (in target 'IntentsAutomationCore' from project 'FoundationEvalsPortable')
    cd /Users/coryparry/Developer/Projects/Intents
    builtin-copy -exclude .DS_Store -exclude CVS -exclude .svn -exclude .git -exclude .hg -resolve-src-symlinks -rename /tmp/intents-automation-native-saved-build1/Build/Intermediates.noindex/FoundationEvalsPortable.build/Debug/IntentsAutomationCore-t.build/Objects-normal/arm64/IntentsAutomationCore.swiftdoc /tmp/intents-automation-native-saved-build1/Build/Products/Debug/IntentsAutomationCore.swiftmodule/arm64-apple-macos.swiftdoc

Copy /tmp/intents-automation-native-saved-build1/Build/Products/Debug/IntentsAutomationCore.swiftmodule/arm64-apple-macos.abi.json /tmp/intents-automation-native-saved-build1/Build/Intermediates.noindex/FoundationEvalsPortable.build/Debug/IntentsAutomationCore-t.build/Objects-normal/arm64/IntentsAutomationCore.abi.json (in target 'IntentsAutomationCore' from project 'FoundationEvalsPortable')
    cd /Users/coryparry/Developer/Projects/Intents
    builtin-copy -exclude .DS_Store -exclude CVS -exclude .svn -exclude .git -exclude .hg -resolve-src-symlinks -rename /tmp/intents-automation-native-saved-build1/Build/Intermediates.noindex/FoundationEvalsPortable.build/Debug/IntentsAutomationCore-t.build/Objects-normal/arm64/IntentsAutomationCore.abi.json /tmp/intents-automation-native-saved-build1/Build/Products/Debug/IntentsAutomationCore.swiftmodule/arm64-apple-macos.abi.json

WriteAuxiliaryFile /tmp/intents-automation-native-saved-build1/Build/Intermediates.noindex/FoundationEvalsPortable.build/Debug/IntentsAutomationCore-t.build/Objects-normal/arm64/IntentsAutomationCore.SwiftConstValuesFileList (in target 'IntentsAutomationCore' from project 'FoundationEvalsPortable')
    cd /Users/coryparry/Developer/Projects/Intents
    write-file /tmp/intents-automation-native-saved-build1/Build/Intermediates.noindex/FoundationEvalsPortable.build/Debug/IntentsAutomationCore-t.build/Objects-normal/arm64/IntentsAutomationCore.SwiftConstValuesFileList

WriteAuxiliaryFile /tmp/intents-automation-native-saved-build1/Build/Intermediates.noindex/FoundationEvalsPortable.build/Debug/IntentsAutomationCore-t.build/Objects-normal/arm64/IntentsAutomationCore.LinkFileList (in target 'IntentsAutomationCore' from project 'FoundationEvalsPortable')
    cd /Users/coryparry/Developer/Projects/Intents
    write-file /tmp/intents-automation-native-saved-build1/Build/Intermediates.noindex/FoundationEvalsPortable.build/Debug/IntentsAutomationCore-t.build/Objects-normal/arm64/IntentsAutomationCore.LinkFileList

SwiftCompile normal arm64 Compiling\ AutomationSecretConsentView.swift /Users/coryparry/Developer/Projects/Intents/Sources/IntentsAutomationCore/AutomationSecretConsentView.swift (in target 'IntentsAutomationCore' from project 'FoundationEvalsPortable')

SwiftCompile normal arm64 /Users/coryparry/Developer/Projects/Intents/Sources/IntentsAutomationCore/AutomationSecretConsentView.swift (in target 'IntentsAutomationCore' from project 'FoundationEvalsPortable')
    cd /Users/coryparry/Developer/Projects/Intents/FoundationEvals/FoundationEvals.xcodeproj
    builtin-SwiftPerFileCompile AutomationSecretConsentView.swift

SwiftCompile normal arm64 Compiling\ AutomationNativeTaskRevocation.swift /Users/coryparry/Developer/Projects/Intents/Sources/IntentsAutomationCore/AutomationNativeTaskRevocation.swift (in target 'IntentsAutomationCore' from project 'FoundationEvalsPortable')

SwiftCompile normal arm64 /Users/coryparry/Developer/Projects/Intents/Sources/IntentsAutomationCore/AutomationNativeTaskRevocation.swift (in target 'IntentsAutomationCore' from project 'FoundationEvalsPortable')
    cd /Users/coryparry/Developer/Projects/Intents/FoundationEvals/FoundationEvals.xcodeproj
    builtin-SwiftPerFileCompile AutomationNativeTaskRevocation.swift

SwiftCompile normal arm64 Compiling\ AutomationSecretFill.swift /Users/coryparry/Developer/Projects/Intents/Sources/IntentsAutomationCore/AutomationSecretFill.swift (in target 'IntentsAutomationCore' from project 'FoundationEvalsPortable')

SwiftCompile normal arm64 /Users/coryparry/Developer/Projects/Intents/Sources/IntentsAutomationCore/AutomationSecretFill.swift (in target 'IntentsAutomationCore' from project 'FoundationEvalsPortable')
    cd /Users/coryparry/Developer/Projects/Intents/FoundationEvals/FoundationEvals.xcodeproj
    builtin-SwiftPerFileCompile AutomationSecretFill.swift

SwiftDriverJobDiscovery normal arm64 Compiling AutomationNativeTaskRevocation.swift (in target 'IntentsAutomationCore' from project 'FoundationEvalsPortable')

SwiftCompile normal arm64 Compiling\ AutomationSecretConsentPresenter.swift /Users/coryparry/Developer/Projects/Intents/Sources/IntentsAutomationCore/AutomationSecretConsentPresenter.swift (in target 'IntentsAutomationCore' from project 'FoundationEvalsPortable')

SwiftCompile normal arm64 /Users/coryparry/Developer/Projects/Intents/Sources/IntentsAutomationCore/AutomationSecretConsentPresenter.swift (in target 'IntentsAutomationCore' from project 'FoundationEvalsPortable')
    cd /Users/coryparry/Developer/Projects/Intents/FoundationEvals/FoundationEvals.xcodeproj
    builtin-SwiftPerFileCompile AutomationSecretConsentPresenter.swift

SwiftDriverJobDiscovery normal arm64 Compiling AutomationSecretConsentView.swift (in target 'IntentsAutomationCore' from project 'FoundationEvalsPortable')

SwiftCompile normal arm64 Compiling\ AutomationRPC.swift /Users/coryparry/Developer/Projects/Intents/Sources/IntentsAutomationCore/AutomationRPC.swift (in target 'IntentsAutomationCore' from project 'FoundationEvalsPortable')

SwiftCompile normal arm64 /Users/coryparry/Developer/Projects/Intents/Sources/IntentsAutomationCore/AutomationRPC.swift (in target 'IntentsAutomationCore' from project 'FoundationEvalsPortable')
    cd /Users/coryparry/Developer/Projects/Intents/FoundationEvals/FoundationEvals.xcodeproj
    builtin-SwiftPerFileCompile AutomationRPC.swift

SwiftDriverJobDiscovery normal arm64 Compiling AutomationSecretFill.swift (in target 'IntentsAutomationCore' from project 'FoundationEvalsPortable')

SwiftCompile normal arm64 Compiling\ AutomationNativeInputLeaseFence.swift,\ AutomationNativeSecretExecutor.swift /Users/coryparry/Developer/Projects/Intents/Sources/IntentsAutomationCore/AutomationNativeInputLeaseFence.swift /Users/coryparry/Developer/Projects/Intents/Sources/IntentsAutomationCore/AutomationNativeSecretExecutor.swift (in target 'IntentsAutomationCore' from project 'FoundationEvalsPortable')

SwiftCompile normal arm64 /Users/coryparry/Developer/Projects/Intents/Sources/IntentsAutomationCore/AutomationNativeInputLeaseFence.swift (in target 'IntentsAutomationCore' from project 'FoundationEvalsPortable')
    cd /Users/coryparry/Developer/Projects/Intents/FoundationEvals/FoundationEvals.xcodeproj
    builtin-SwiftPerFileCompile AutomationNativeInputLeaseFence.swift

SwiftCompile normal arm64 /Users/coryparry/Developer/Projects/Intents/Sources/IntentsAutomationCore/AutomationNativeSecretExecutor.swift (in target 'IntentsAutomationCore' from project 'FoundationEvalsPortable')
    cd /Users/coryparry/Developer/Projects/Intents/FoundationEvals/FoundationEvals.xcodeproj
    builtin-SwiftPerFileCompile AutomationNativeSecretExecutor.swift

SwiftDriverJobDiscovery normal arm64 Compiling AutomationSecretConsentPresenter.swift (in target 'IntentsAutomationCore' from project 'FoundationEvalsPortable')

SwiftCompile normal arm64 Compiling\ AutomationMacSecureFill.swift,\ AutomationMacSecureSink.swift /Users/coryparry/Developer/Projects/Intents/Sources/IntentsAutomationCore/AutomationMacSecureFill.swift /Users/coryparry/Developer/Projects/Intents/Sources/IntentsAutomationCore/AutomationMacSecureSink.swift (in target 'IntentsAutomationCore' from project 'FoundationEvalsPortable')

SwiftCompile normal arm64 /Users/coryparry/Developer/Projects/Intents/Sources/IntentsAutomationCore/AutomationMacSecureFill.swift (in target 'IntentsAutomationCore' from project 'FoundationEvalsPortable')
    cd /Users/coryparry/Developer/Projects/Intents/FoundationEvals/FoundationEvals.xcodeproj
    builtin-SwiftPerFileCompile AutomationMacSecureFill.swift

SwiftCompile normal arm64 /Users/coryparry/Developer/Projects/Intents/Sources/IntentsAutomationCore/AutomationMacSecureSink.swift (in target 'IntentsAutomationCore' from project 'FoundationEvalsPortable')
    cd /Users/coryparry/Developer/Projects/Intents/FoundationEvals/FoundationEvals.xcodeproj
    builtin-SwiftPerFileCompile AutomationMacSecureSink.swift

/Users/coryparry/Developer/Projects/Intents/Sources/IntentsAutomationCore/AutomationMacSecureFill.swift:94:27: warning: 'unsafeBitCast' from 'AnyObject' to 'AXUIElement' can be replaced with 'unsafeDowncast'
 92 |                 let parent = try attribute(current, kAXParentAttribute as CFString)
 93 |                 guard CFGetTypeID(parent) == AXUIElementGetTypeID() else { throw AutomationSecretFillSession.Failure.denied }
 94 |                 current = unsafeBitCast(parent, to: AXUIElement.self)
    |                           `- warning: 'unsafeBitCast' from 'AnyObject' to 'AXUIElement' can be replaced with 'unsafeDowncast'
 95 |             }
 96 |             throw AutomationSecretFillSession.Failure.denied
SwiftDriverJobDiscovery normal arm64 Compiling AutomationRPC.swift (in target 'IntentsAutomationCore' from project 'FoundationEvalsPortable')

SwiftCompile normal arm64 Compiling\ AutomationDeviceLeaseManager.swift,\ AutomationMacSecretConsentContext.swift /Users/coryparry/Developer/Projects/Intents/Sources/IntentsAutomationCore/AutomationDeviceLeaseManager.swift /Users/coryparry/Developer/Projects/Intents/Sources/IntentsAutomationCore/AutomationMacSecretConsentContext.swift (in target 'IntentsAutomationCore' from project 'FoundationEvalsPortable')

SwiftCompile normal arm64 /Users/coryparry/Developer/Projects/Intents/Sources/IntentsAutomationCore/AutomationDeviceLeaseManager.swift (in target 'IntentsAutomationCore' from project 'FoundationEvalsPortable')
    cd /Users/coryparry/Developer/Projects/Intents/FoundationEvals/FoundationEvals.xcodeproj
    builtin-SwiftPerFileCompile AutomationDeviceLeaseManager.swift

SwiftCompile normal arm64 /Users/coryparry/Developer/Projects/Intents/Sources/IntentsAutomationCore/AutomationMacSecretConsentContext.swift (in target 'IntentsAutomationCore' from project 'FoundationEvalsPortable')
    cd /Users/coryparry/Developer/Projects/Intents/FoundationEvals/FoundationEvals.xcodeproj
    builtin-SwiftPerFileCompile AutomationMacSecretConsentContext.swift

SwiftDriverJobDiscovery normal arm64 Compiling AutomationNativeInputLeaseFence.swift, AutomationNativeSecretExecutor.swift (in target 'IntentsAutomationCore' from project 'FoundationEvalsPortable')

SwiftCompile normal arm64 Compiling\ AutomationSecretConsentModel.swift /Users/coryparry/Developer/Projects/Intents/Sources/IntentsAutomationCore/AutomationSecretConsentModel.swift (in target 'IntentsAutomationCore' from project 'FoundationEvalsPortable')

SwiftCompile normal arm64 /Users/coryparry/Developer/Projects/Intents/Sources/IntentsAutomationCore/AutomationSecretConsentModel.swift (in target 'IntentsAutomationCore' from project 'FoundationEvalsPortable')
    cd /Users/coryparry/Developer/Projects/Intents/FoundationEvals/FoundationEvals.xcodeproj
    builtin-SwiftPerFileCompile AutomationSecretConsentModel.swift

SwiftDriverJobDiscovery normal arm64 Compiling AutomationMacSecureFill.swift, AutomationMacSecureSink.swift (in target 'IntentsAutomationCore' from project 'FoundationEvalsPortable')

SwiftCompile normal arm64 Compiling\ AutomationSecretFillBindings.swift /Users/coryparry/Developer/Projects/Intents/Sources/IntentsAutomationCore/AutomationSecretFillBindings.swift (in target 'IntentsAutomationCore' from project 'FoundationEvalsPortable')

SwiftCompile normal arm64 /Users/coryparry/Developer/Projects/Intents/Sources/IntentsAutomationCore/AutomationSecretFillBindings.swift (in target 'IntentsAutomationCore' from project 'FoundationEvalsPortable')
    cd /Users/coryparry/Developer/Projects/Intents/FoundationEvals/FoundationEvals.xcodeproj
    builtin-SwiftPerFileCompile AutomationSecretFillBindings.swift

SwiftDriverJobDiscovery normal arm64 Compiling AutomationDeviceLeaseManager.swift, AutomationMacSecretConsentContext.swift (in target 'IntentsAutomationCore' from project 'FoundationEvalsPortable')

SwiftCompile normal arm64 Compiling\ AutomationMacUIRouteDriver.swift,\ AutomationMixedRouteDriver.swift /Users/coryparry/Developer/Projects/Intents/Sources/IntentsAutomationCore/AutomationMacUIRouteDriver.swift /Users/coryparry/Developer/Projects/Intents/Sources/IntentsAutomationCore/AutomationMixedRouteDriver.swift (in target 'IntentsAutomationCore' from project 'FoundationEvalsPortable')

SwiftCompile normal arm64 /Users/coryparry/Developer/Projects/Intents/Sources/IntentsAutomationCore/AutomationMacUIRouteDriver.swift (in target 'IntentsAutomationCore' from project 'FoundationEvalsPortable')
    cd /Users/coryparry/Developer/Projects/Intents/FoundationEvals/FoundationEvals.xcodeproj
    builtin-SwiftPerFileCompile AutomationMacUIRouteDriver.swift

SwiftCompile normal arm64 /Users/coryparry/Developer/Projects/Intents/Sources/IntentsAutomationCore/AutomationMixedRouteDriver.swift (in target 'IntentsAutomationCore' from project 'FoundationEvalsPortable')
    cd /Users/coryparry/Developer/Projects/Intents/FoundationEvals/FoundationEvals.xcodeproj
    builtin-SwiftPerFileCompile AutomationMixedRouteDriver.swift

SwiftDriverJobDiscovery normal arm64 Compiling AutomationSecretConsentModel.swift (in target 'IntentsAutomationCore' from project 'FoundationEvalsPortable')

SwiftCompile normal arm64 Compiling\ AutomationPhysicalApplicationInstaller.swift,\ AutomationPhysicalUIQualification.swift /Users/coryparry/Developer/Projects/Intents/Sources/IntentsAutomationCore/AutomationPhysicalApplicationInstaller.swift /Users/coryparry/Developer/Projects/Intents/Sources/IntentsAutomationCore/AutomationPhysicalUIQualification.swift (in target 'IntentsAutomationCore' from project 'FoundationEvalsPortable')

SwiftCompile normal arm64 /Users/coryparry/Developer/Projects/Intents/Sources/IntentsAutomationCore/AutomationPhysicalApplicationInstaller.swift (in target 'IntentsAutomationCore' from project 'FoundationEvalsPortable')
    cd /Users/coryparry/Developer/Projects/Intents/FoundationEvals/FoundationEvals.xcodeproj
    builtin-SwiftPerFileCompile AutomationPhysicalApplicationInstaller.swift

SwiftCompile normal arm64 /Users/coryparry/Developer/Projects/Intents/Sources/IntentsAutomationCore/AutomationPhysicalUIQualification.swift (in target 'IntentsAutomationCore' from project 'FoundationEvalsPortable')
    cd /Users/coryparry/Developer/Projects/Intents/FoundationEvals/FoundationEvals.xcodeproj
    builtin-SwiftPerFileCompile AutomationPhysicalUIQualification.swift

SwiftDriverJobDiscovery normal arm64 Compiling AutomationSecretFillBindings.swift (in target 'IntentsAutomationCore' from project 'FoundationEvalsPortable')

SwiftCompile normal arm64 Compiling\ AutomationInstalledUICampaignExecutor.swift,\ AutomationLeaseReleaseDiagnostics.swift /Users/coryparry/Developer/Projects/Intents/Sources/IntentsAutomationCore/AutomationInstalledUICampaignExecutor.swift /Users/coryparry/Developer/Projects/Intents/Sources/IntentsAutomationCore/AutomationLeaseReleaseDiagnostics.swift (in target 'IntentsAutomationCore' from project 'FoundationEvalsPortable')

SwiftCompile normal arm64 /Users/coryparry/Developer/Projects/Intents/Sources/IntentsAutomationCore/AutomationInstalledUICampaignExecutor.swift (in target 'IntentsAutomationCore' from project 'FoundationEvalsPortable')
    cd /Users/coryparry/Developer/Projects/Intents/FoundationEvals/FoundationEvals.xcodeproj
    builtin-SwiftPerFileCompile AutomationInstalledUICampaignExecutor.swift

SwiftCompile normal arm64 /Users/coryparry/Developer/Projects/Intents/Sources/IntentsAutomationCore/AutomationLeaseReleaseDiagnostics.swift (in target 'IntentsAutomationCore' from project 'FoundationEvalsPortable')
    cd /Users/coryparry/Developer/Projects/Intents/FoundationEvals/FoundationEvals.xcodeproj
    builtin-SwiftPerFileCompile AutomationLeaseReleaseDiagnostics.swift

SwiftDriverJobDiscovery normal arm64 Compiling AutomationMacUIRouteDriver.swift, AutomationMixedRouteDriver.swift (in target 'IntentsAutomationCore' from project 'FoundationEvalsPortable')

SwiftCompile normal arm64 Compiling\ AutomationMacOwnedDaemonSession.swift,\ AutomationMacUIQualification.swift /Users/coryparry/Developer/Projects/Intents/Sources/IntentsAutomationCore/AutomationMacOwnedDaemonSession.swift /Users/coryparry/Developer/Projects/Intents/Sources/IntentsAutomationCore/AutomationMacUIQualification.swift (in target 'IntentsAutomationCore' from project 'FoundationEvalsPortable')

SwiftCompile normal arm64 /Users/coryparry/Developer/Projects/Intents/Sources/IntentsAutomationCore/AutomationMacOwnedDaemonSession.swift (in target 'IntentsAutomationCore' from project 'FoundationEvalsPortable')
    cd /Users/coryparry/Developer/Projects/Intents/FoundationEvals/FoundationEvals.xcodeproj
    builtin-SwiftPerFileCompile AutomationMacOwnedDaemonSession.swift

SwiftCompile normal arm64 /Users/coryparry/Developer/Projects/Intents/Sources/IntentsAutomationCore/AutomationMacUIQualification.swift (in target 'IntentsAutomationCore' from project 'FoundationEvalsPortable')
    cd /Users/coryparry/Developer/Projects/Intents/FoundationEvals/FoundationEvals.xcodeproj
    builtin-SwiftPerFileCompile AutomationMacUIQualification.swift

SwiftDriverJobDiscovery normal arm64 Compiling AutomationPhysicalApplicationInstaller.swift, AutomationPhysicalUIQualification.swift (in target 'IntentsAutomationCore' from project 'FoundationEvalsPortable')

SwiftCompile normal arm64 Compiling\ AutomationCoordinator.swift,\ AutomationEntityQuery.swift /Users/coryparry/Developer/Projects/Intents/Sources/IntentsAutomationCore/AutomationCoordinator.swift /Users/coryparry/Developer/Projects/Intents/Sources/IntentsAutomationCore/AutomationEntityQuery.swift (in target 'IntentsAutomationCore' from project 'FoundationEvalsPortable')

SwiftCompile normal arm64 /Users/coryparry/Developer/Projects/Intents/Sources/IntentsAutomationCore/AutomationCoordinator.swift (in target 'IntentsAutomationCore' from project 'FoundationEvalsPortable')
    cd /Users/coryparry/Developer/Projects/Intents/FoundationEvals/FoundationEvals.xcodeproj
    builtin-SwiftPerFileCompile AutomationCoordinator.swift

SwiftCompile normal arm64 /Users/coryparry/Developer/Projects/Intents/Sources/IntentsAutomationCore/AutomationEntityQuery.swift (in target 'IntentsAutomationCore' from project 'FoundationEvalsPortable')
    cd /Users/coryparry/Developer/Projects/Intents/FoundationEvals/FoundationEvals.xcodeproj
    builtin-SwiftPerFileCompile AutomationEntityQuery.swift

SwiftDriverJobDiscovery normal arm64 Compiling AutomationInstalledUICampaignExecutor.swift, AutomationLeaseReleaseDiagnostics.swift (in target 'IntentsAutomationCore' from project 'FoundationEvalsPortable')

SwiftCompile normal arm64 Compiling\ AutomationAppleHostFile.swift,\ AutomationAppleRouteDriver.swift,\ AutomationApplicationRunner.swift /Users/coryparry/Developer/Projects/Intents/Sources/IntentsAutomationCore/AutomationAppleHostFile.swift /Users/coryparry/Developer/Projects/Intents/Sources/IntentsAutomationCore/AutomationAppleRouteDriver.swift /Users/coryparry/Developer/Projects/Intents/Sources/IntentsAutomationCore/AutomationApplicationRunner.swift (in target 'IntentsAutomationCore' from project 'FoundationEvalsPortable')

SwiftCompile normal arm64 /Users/coryparry/Developer/Projects/Intents/Sources/IntentsAutomationCore/AutomationAppleHostFile.swift (in target 'IntentsAutomationCore' from project 'FoundationEvalsPortable')
    cd /Users/coryparry/Developer/Projects/Intents/FoundationEvals/FoundationEvals.xcodeproj
    builtin-SwiftPerFileCompile AutomationAppleHostFile.swift

SwiftCompile normal arm64 /Users/coryparry/Developer/Projects/Intents/Sources/IntentsAutomationCore/AutomationAppleRouteDriver.swift (in target 'IntentsAutomationCore' from project 'FoundationEvalsPortable')
    cd /Users/coryparry/Developer/Projects/Intents/FoundationEvals/FoundationEvals.xcodeproj
    builtin-SwiftPerFileCompile AutomationAppleRouteDriver.swift

SwiftCompile normal arm64 /Users/coryparry/Developer/Projects/Intents/Sources/IntentsAutomationCore/AutomationApplicationRunner.swift (in target 'IntentsAutomationCore' from project 'FoundationEvalsPortable')
    cd /Users/coryparry/Developer/Projects/Intents/FoundationEvals/FoundationEvals.xcodeproj
    builtin-SwiftPerFileCompile AutomationApplicationRunner.swift

SwiftDriverJobDiscovery normal arm64 Compiling AutomationCoordinator.swift, AutomationEntityQuery.swift (in target 'IntentsAutomationCore' from project 'FoundationEvalsPortable')

SwiftCompile normal arm64 Compiling\ AutomationSidecarRouteDriver.swift,\ AutomationSubjectCampaignExecutor.swift /Users/coryparry/Developer/Projects/Intents/Sources/IntentsAutomationCore/AutomationSidecarRouteDriver.swift /Users/coryparry/Developer/Projects/Intents/Sources/IntentsAutomationCore/AutomationSubjectCampaignExecutor.swift (in target 'IntentsAutomationCore' from project 'FoundationEvalsPortable')

SwiftCompile normal arm64 /Users/coryparry/Developer/Projects/Intents/Sources/IntentsAutomationCore/AutomationSidecarRouteDriver.swift (in target 'IntentsAutomationCore' from project 'FoundationEvalsPortable')
    cd /Users/coryparry/Developer/Projects/Intents/FoundationEvals/FoundationEvals.xcodeproj
    builtin-SwiftPerFileCompile AutomationSidecarRouteDriver.swift

SwiftCompile normal arm64 /Users/coryparry/Developer/Projects/Intents/Sources/IntentsAutomationCore/AutomationSubjectCampaignExecutor.swift (in target 'IntentsAutomationCore' from project 'FoundationEvalsPortable')
    cd /Users/coryparry/Developer/Projects/Intents/FoundationEvals/FoundationEvals.xcodeproj
    builtin-SwiftPerFileCompile AutomationSubjectCampaignExecutor.swift

SwiftDriverJobDiscovery normal arm64 Compiling AutomationMacOwnedDaemonSession.swift, AutomationMacUIQualification.swift (in target 'IntentsAutomationCore' from project 'FoundationEvalsPortable')

SwiftCompile normal arm64 Compiling\ AutomationPrivateMacAppleRouteDriver.swift,\ AutomationRunAuthority.swift /Users/coryparry/Developer/Projects/Intents/Sources/IntentsAutomationCore/AutomationPrivateMacAppleRouteDriver.swift /Users/coryparry/Developer/Projects/Intents/Sources/IntentsAutomationCore/AutomationRunAuthority.swift (in target 'IntentsAutomationCore' from project 'FoundationEvalsPortable')

SwiftCompile normal arm64 /Users/coryparry/Developer/Projects/Intents/Sources/IntentsAutomationCore/AutomationPrivateMacAppleRouteDriver.swift (in target 'IntentsAutomationCore' from project 'FoundationEvalsPortable')
    cd /Users/coryparry/Developer/Projects/Intents/FoundationEvals/FoundationEvals.xcodeproj
    builtin-SwiftPerFileCompile AutomationPrivateMacAppleRouteDriver.swift

SwiftCompile normal arm64 /Users/coryparry/Developer/Projects/Intents/Sources/IntentsAutomationCore/AutomationRunAuthority.swift (in target 'IntentsAutomationCore' from project 'FoundationEvalsPortable')
    cd /Users/coryparry/Developer/Projects/Intents/FoundationEvals/FoundationEvals.xcodeproj
    builtin-SwiftPerFileCompile AutomationRunAuthority.swift

SwiftDriverJobDiscovery normal arm64 Compiling AutomationSidecarRouteDriver.swift, AutomationSubjectCampaignExecutor.swift (in target 'IntentsAutomationCore' from project 'FoundationEvalsPortable')

SwiftCompile normal arm64 Compiling\ AutomationLeaseStore.swift,\ AutomationMacNativeHelperBridge.swift /Users/coryparry/Developer/Projects/Intents/Sources/IntentsAutomationCore/AutomationLeaseStore.swift /Users/coryparry/Developer/Projects/Intents/Sources/IntentsAutomationCore/AutomationMacNativeHelperBridge.swift (in target 'IntentsAutomationCore' from project 'FoundationEvalsPortable')

SwiftCompile normal arm64 /Users/coryparry/Developer/Projects/Intents/Sources/IntentsAutomationCore/AutomationLeaseStore.swift (in target 'IntentsAutomationCore' from project 'FoundationEvalsPortable')
    cd /Users/coryparry/Developer/Projects/Intents/FoundationEvals/FoundationEvals.xcodeproj
    builtin-SwiftPerFileCompile AutomationLeaseStore.swift

SwiftCompile normal arm64 /Users/coryparry/Developer/Projects/Intents/Sources/IntentsAutomationCore/AutomationMacNativeHelperBridge.swift (in target 'IntentsAutomationCore' from project 'FoundationEvalsPortable')
    cd /Users/coryparry/Developer/Projects/Intents/FoundationEvals/FoundationEvals.xcodeproj
    builtin-SwiftPerFileCompile AutomationMacNativeHelperBridge.swift

SwiftDriverJobDiscovery normal arm64 Compiling AutomationAppleHostFile.swift, AutomationAppleRouteDriver.swift, AutomationApplicationRunner.swift (in target 'IntentsAutomationCore' from project 'FoundationEvalsPortable')

SwiftCompile normal arm64 Compiling\ AutomationFailureSearch.swift,\ AutomationInputBinding.swift /Users/coryparry/Developer/Projects/Intents/Sources/IntentsAutomationCore/AutomationFailureSearch.swift /Users/coryparry/Developer/Projects/Intents/Sources/IntentsAutomationCore/AutomationInputBinding.swift (in target 'IntentsAutomationCore' from project 'FoundationEvalsPortable')

SwiftCompile normal arm64 /Users/coryparry/Developer/Projects/Intents/Sources/IntentsAutomationCore/AutomationFailureSearch.swift (in target 'IntentsAutomationCore' from project 'FoundationEvalsPortable')
    cd /Users/coryparry/Developer/Projects/Intents/FoundationEvals/FoundationEvals.xcodeproj
    builtin-SwiftPerFileCompile AutomationFailureSearch.swift

SwiftCompile normal arm64 /Users/coryparry/Developer/Projects/Intents/Sources/IntentsAutomationCore/AutomationInputBinding.swift (in target 'IntentsAutomationCore' from project 'FoundationEvalsPortable')
    cd /Users/coryparry/Developer/Projects/Intents/FoundationEvals/FoundationEvals.xcodeproj
    builtin-SwiftPerFileCompile AutomationInputBinding.swift

SwiftDriverJobDiscovery normal arm64 Compiling AutomationPrivateMacAppleRouteDriver.swift, AutomationRunAuthority.swift (in target 'IntentsAutomationCore' from project 'FoundationEvalsPortable')

SwiftDriverJobDiscovery normal arm64 Compiling AutomationLeaseStore.swift, AutomationMacNativeHelperBridge.swift (in target 'IntentsAutomationCore' from project 'FoundationEvalsPortable')

SwiftDriverJobDiscovery normal arm64 Compiling AutomationFailureSearch.swift, AutomationInputBinding.swift (in target 'IntentsAutomationCore' from project 'FoundationEvalsPortable')

SwiftDriver\ Compilation IntentsAutomationCore normal arm64 com.apple.xcode.tools.swift.compiler (in target 'IntentsAutomationCore' from project 'FoundationEvalsPortable')
    cd /Users/coryparry/Developer/Projects/Intents/FoundationEvals/FoundationEvals.xcodeproj
    builtin-Swift-Compilation -- /Applications/Xcode.app/Contents/Developer/Toolchains/XcodeDefault.xctoolchain/usr/bin/swiftc -parse-as-library -module-name IntentsAutomationCore -Onone @/tmp/intents-automation-native-saved-build1/Build/Intermediates.noindex/FoundationEvalsPortable.build/Debug/IntentsAutomationCore-t.build/Objects-normal/arm64/IntentsAutomationCore.SwiftFileList -DSWIFT_PACKAGE -DDEBUG -DSWIFT_MODULE_RESOURCE_BUNDLE_UNAVAILABLE -DXcode -plugin-path /Applications/Xcode.app/Contents/Developer/Toolchains/XcodeDefault.xctoolchain/usr/lib/swift/host/plugins/testing -enable-experimental-feature DebugDescriptionMacro -sdk /Applications/Xcode.app/Contents/Developer/Platforms/MacOSX.platform/Developer/SDKs/MacOSX27.0.sdk -target arm64-apple-macos26.0 -g -module-cache-path /tmp/intents-automation-native-saved-build1/ModuleCache.noindex -Xfrontend -serialize-debugging-options -enable-testing -index-store-path /tmp/intents-automation-native-saved-build1/Index.noindex/DataStore -Xcc -D_LIBCPP_HARDENING_MODE\=_LIBCPP_HARDENING_MODE_DEBUG -swift-version 6 -I /tmp/intents-automation-native-saved-build1/Build/Products/Debug -Isystem /Applications/Xcode.app/Contents/Developer/Platforms/MacOSX.platform/Developer/usr/lib -F /tmp/intents-automation-native-saved-build1/Build/Products/Debug/PackageFrameworks -F /tmp/intents-automation-native-saved-build1/Build/Products/Debug -F /Applications/Xcode.app/Contents/Developer/Platforms/MacOSX.platform/Developer/Library/Frameworks -c -j10 -enable-batch-mode -incremental -Xcc -ivfsstatcache -Xcc /tmp/intents-automation-native-saved-build1/SDKStatCaches.noindex/macosx27.0-26A425-e829b21a6f8c9b70876ba0858053c0447231f6df4def33e022ae2eb8f782df1a.sdkstatcache -output-file-map /tmp/intents-automation-native-saved-build1/Build/Intermediates.noindex/FoundationEvalsPortable.build/Debug/IntentsAutomationCore-t.build/Objects-normal/arm64/IntentsAutomationCore-OutputFileMap.json -save-temps -no-color-diagnostics -explicit-module-build -module-cache-path /tmp/intents-automation-native-saved-build1/Build/Intermediates.noindex/SwiftExplicitPrecompiledModules -clang-scanner-module-cache-path /tmp/intents-automation-native-saved-build1/ModuleCache.noindex -sdk-module-cache-path /tmp/intents-automation-native-saved-build1/SDKExplicitPrecompiledModules -emit-dependencies -emit-module -emit-module-path /tmp/intents-automation-native-saved-build1/Build/Intermediates.noindex/FoundationEvalsPortable.build/Debug/IntentsAutomationCore-t.build/Objects-normal/arm64/IntentsAutomationCore.swiftmodule -serialize-diagnostics -dependency-scan-serialize-diagnostics-path /tmp/intents-automation-native-saved-build1/Build/Intermediates.noindex/FoundationEvalsPortable.build/Debug/IntentsAutomationCore-t.build/Objects-normal/arm64/IntentsAutomationCore-dependency-scan.dia -validate-clang-modules-once -clang-build-session-file /tmp/intents-automation-native-saved-build1/ModuleCache.noindex/Session.modulevalidation -Xcc -fmodules-prune-interval\=86400 -Xcc -fmodules-prune-after\=345600 -package-name intents -emit-const-values -const-gather-protocols-list /tmp/intents-automation-native-saved-build1/Build/Intermediates.noindex/FoundationEvalsPortable.build/Debug/IntentsAutomationCore-t.build/Objects-normal/arm64/IntentsAutomationCore_const_extract_protocols.json -Xcc -I/tmp/intents-automation-native-saved-build1/Build/Products/Debug/include -Xcc -I/tmp/intents-automation-native-saved-build1/Build/Intermediates.noindex/FoundationEvalsPortable.build/Debug/IntentsAutomationCore-t.build/DerivedSources-normal/arm64 -Xcc -I/tmp/intents-automation-native-saved-build1/Build/Intermediates.noindex/FoundationEvalsPortable.build/Debug/IntentsAutomationCore-t.build/DerivedSources/arm64 -Xcc -I/tmp/intents-automation-native-saved-build1/Build/Intermediates.noindex/FoundationEvalsPortable.build/Debug/IntentsAutomationCore-t.build/DerivedSources -Xcc -DSWIFT_PACKAGE -Xcc -DDEBUG\=1 -emit-objc-header -emit-objc-header-path /tmp/intents-automation-native-saved-build1/Build/Intermediates.noindex/FoundationEvalsPortable.build/Debug/IntentsAutomationCore-t.build/Objects-normal/arm64/IntentsAutomationCore-Swift.h -working-directory /Users/coryparry/Developer/Projects/Intents/FoundationEvals/FoundationEvals.xcodeproj -experimental-emit-module-separately -disable-cmo

Ld /tmp/intents-automation-native-saved-build1/Build/Products/Debug/IntentsAutomationCore.o normal (in target 'IntentsAutomationCore' from project 'FoundationEvalsPortable')
    cd /Users/coryparry/Developer/Projects/Intents
    /Applications/Xcode.app/Contents/Developer/Toolchains/XcodeDefault.xctoolchain/usr/bin/clang -Xlinker -reproducible -target arm64-apple-macos26.0 -r -isysroot /Applications/Xcode.app/Contents/Developer/Platforms/MacOSX.platform/Developer/SDKs/MacOSX27.0.sdk -O0 -Xlinker -no_warn_duplicate_libraries -F/tmp/intents-automation-native-saved-build1/Build/Intermediates.noindex/EagerLinkingTBDs/Debug -F/tmp/intents-automation-native-saved-build1/Build/Products/Debug/PackageFrameworks -F/tmp/intents-automation-native-saved-build1/Build/Products/Debug -iframework /Applications/Xcode.app/Contents/Developer/Platforms/MacOSX.platform/Developer/Library/Frameworks -filelist /tmp/intents-automation-native-saved-build1/Build/Intermediates.noindex/FoundationEvalsPortable.build/Debug/IntentsAutomationCore-t.build/Objects-normal/arm64/IntentsAutomationCore.LinkFileList -nostdlib -Xlinker -object_path_lto -Xlinker /tmp/intents-automation-native-saved-build1/Build/Intermediates.noindex/FoundationEvalsPortable.build/Debug/IntentsAutomationCore-t.build/Objects-normal/arm64/IntentsAutomationCore_lto.o -Xlinker -no_deduplicate -Xlinker -dependency_info -Xlinker /tmp/intents-automation-native-saved-build1/Build/Intermediates.noindex/FoundationEvalsPortable.build/Debug/IntentsAutomationCore-t.build/Objects-normal/arm64/IntentsAutomationCore_dependency_info.dat -fobjc-link-runtime -L/Applications/Xcode.app/Contents/Developer/Toolchains/XcodeDefault.xctoolchain/usr/lib/swift/macosx -L/usr/lib/swift -Xlinker -add_ast_path -Xlinker /tmp/intents-automation-native-saved-build1/Build/Intermediates.noindex/FoundationEvalsPortable.build/Debug/IntentsAutomationCore-t.build/Objects-normal/arm64/IntentsAutomationCore.swiftmodule -o /tmp/intents-automation-native-saved-build1/Build/Products/Debug/IntentsAutomationCore.o

ExtractAppIntentsMetadata (in target 'IntentsAutomationCore' from project 'FoundationEvalsPortable')
    cd /Users/coryparry/Developer/Projects/Intents
    /Applications/Xcode.app/Contents/Developer/Toolchains/XcodeDefault.xctoolchain/usr/bin/appintentsmetadataprocessor --toolchain-dir /var/run/com.apple.security.cryptexd/mnt/com.apple.MobileAsset.MetalToolchain-v27.1.266.1.24H2xD/Metal.xctoolchain --module-name IntentsAutomationCore --sdk-root /Applications/Xcode.app/Contents/Developer/Platforms/MacOSX.platform/Developer/SDKs/MacOSX27.0.sdk --xcode-version 27A266a --platform-family macOS --deployment-target 26.0 --bundle-identifier intents.IntentsAutomationCore --output /tmp/intents-automation-native-saved-build1/Build/Products/Debug/IntentsAutomationCore.appintents --target-triple arm64-apple-macos26.0 --binary-file /tmp/intents-automation-native-saved-build1/Build/Products/Debug/IntentsAutomationCore.o --dependency-file /tmp/intents-automation-native-saved-build1/Build/Intermediates.noindex/FoundationEvalsPortable.build/Debug/IntentsAutomationCore-t.build/Objects-normal/arm64/IntentsAutomationCore_dependency_info.dat --stringsdata-file /tmp/intents-automation-native-saved-build1/Build/Intermediates.noindex/FoundationEvalsPortable.build/Debug/IntentsAutomationCore-t.build/Objects-normal/arm64/ExtractedAppShortcutsMetadata.stringsdata --source-file-list /tmp/intents-automation-native-saved-build1/Build/Intermediates.noindex/FoundationEvalsPortable.build/Debug/IntentsAutomationCore-t.build/Objects-normal/arm64/IntentsAutomationCore.SwiftFileList --metadata-file-list /tmp/intents-automation-native-saved-build1/Build/Intermediates.noindex/FoundationEvalsPortable.build/Debug/IntentsAutomationCore-t.build/IntentsAutomationCore.DependencyMetadataFileList --static-metadata-file-list /tmp/intents-automation-native-saved-build1/Build/Intermediates.noindex/FoundationEvalsPortable.build/Debug/IntentsAutomationCore-t.build/IntentsAutomationCore.DependencyStaticMetadataFileList --swift-const-vals-list /tmp/intents-automation-native-saved-build1/Build/Intermediates.noindex/FoundationEvalsPortable.build/Debug/IntentsAutomationCore-t.build/Objects-normal/arm64/IntentsAutomationCore.SwiftConstValuesFileList --force --compile-time-extraction --deployment-aware-processing --no-app-shortcuts-localization
2026-10-07 23:22:08.622 appintentsmetadataprocessor[36796:1289793] Starting appintentsmetadataprocessor export
2026-10-07 23:22:08.684 appintentsmetadataprocessor[36796:1289793] Extracted no relevant App Intents symbols, skipping writing output

ProcessInfoPlistFile /tmp/intents-automation-native-saved-build1/Build/Products/Debug/swift-transformers_Hub.bundle/Contents/Info.plist /tmp/intents-automation-native-saved-build1/Build/Intermediates.noindex/swift-transformers.build/Debug/swift-transformers_Hub-b.build/empty-swift-transformers_Hub.plist (in target 'swift-transformers_Hub' from project 'swift-transformers')
    cd /tmp/intents-automation-native-saved-build1/SourcePackages/checkouts/swift-transformers
    builtin-infoPlistUtility /tmp/intents-automation-native-saved-build1/Build/Intermediates.noindex/swift-transformers.build/Debug/swift-transformers_Hub-b.build/empty-swift-transformers_Hub.plist -producttype com.apple.product-type.bundle -expandbuildsettings -platform macosx -o /tmp/intents-automation-native-saved-build1/Build/Products/Debug/swift-transformers_Hub.bundle/Contents/Info.plist

ProcessInfoPlistFile /tmp/intents-automation-native-saved-build1/Build/Products/Debug/swift-crypto_Crypto.bundle/Contents/Info.plist /tmp/intents-automation-native-saved-build1/Build/Intermediates.noindex/swift-crypto.build/Debug/swift-crypto_Crypto-b.build/empty-swift-crypto_Crypto.plist (in target 'swift-crypto_Crypto' from project 'swift-crypto')
    cd /tmp/intents-automation-native-saved-build1/SourcePackages/checkouts/swift-crypto
    builtin-infoPlistUtility /tmp/intents-automation-native-saved-build1/Build/Intermediates.noindex/swift-crypto.build/Debug/swift-crypto_Crypto-b.build/empty-swift-crypto_Crypto.plist -producttype com.apple.product-type.bundle -expandbuildsettings -platform macosx -o /tmp/intents-automation-native-saved-build1/Build/Products/Debug/swift-crypto_Crypto.bundle/Contents/Info.plist

ProcessInfoPlistFile /tmp/intents-automation-native-saved-build1/Build/Products/Debug/PostHog_PostHog.bundle/Contents/Info.plist /tmp/intents-automation-native-saved-build1/Build/Intermediates.noindex/PostHog.build/Debug/PostHog_PostHog-b.build/empty-PostHog_PostHog.plist (in target 'PostHog_PostHog' from project 'PostHog')
    cd /tmp/intents-automation-native-saved-build1/SourcePackages/checkouts/posthog-ios
    builtin-infoPlistUtility /tmp/intents-automation-native-saved-build1/Build/Intermediates.noindex/PostHog.build/Debug/PostHog_PostHog-b.build/empty-PostHog_PostHog.plist -producttype com.apple.product-type.bundle -expandbuildsettings -platform macosx -o /tmp/intents-automation-native-saved-build1/Build/Products/Debug/PostHog_PostHog.bundle/Contents/Info.plist

ProcessInfoPlistFile /tmp/intents-automation-native-saved-build1/Build/Products/Debug/PostHog_PHPLCrashReporter.bundle/Contents/Info.plist /tmp/intents-automation-native-saved-build1/Build/Intermediates.noindex/PostHog.build/Debug/PostHog_PHPLCrashReporter-b.build/empty-PostHog_PHPLCrashReporter.plist (in target 'PostHog_PHPLCrashReporter' from project 'PostHog')
    cd /tmp/intents-automation-native-saved-build1/SourcePackages/checkouts/posthog-ios
    builtin-infoPlistUtility /tmp/intents-automation-native-saved-build1/Build/Intermediates.noindex/PostHog.build/Debug/PostHog_PHPLCrashReporter-b.build/empty-PostHog_PHPLCrashReporter.plist -producttype com.apple.product-type.bundle -expandbuildsettings -platform macosx -o /tmp/intents-automation-native-saved-build1/Build/Products/Debug/PostHog_PHPLCrashReporter.bundle/Contents/Info.plist

ProcessInfoPlistFile /tmp/intents-automation-native-saved-build1/Build/Products/Debug/swift-nio_NIOPosix.bundle/Contents/Info.plist /tmp/intents-automation-native-saved-build1/Build/Intermediates.noindex/swift-nio.build/Debug/swift-nio_NIOPosix-b.build/empty-swift-nio_NIOPosix.plist (in target 'swift-nio_NIOPosix' from project 'swift-nio')
    cd /tmp/intents-automation-native-saved-build1/SourcePackages/checkouts/swift-nio
    builtin-infoPlistUtility /tmp/intents-automation-native-saved-build1/Build/Intermediates.noindex/swift-nio.build/Debug/swift-nio_NIOPosix-b.build/empty-swift-nio_NIOPosix.plist -producttype com.apple.product-type.bundle -expandbuildsettings -platform macosx -o /tmp/intents-automation-native-saved-build1/Build/Products/Debug/swift-nio_NIOPosix.bundle/Contents/Info.plist

ProcessInfoPlistFile /tmp/intents-automation-native-saved-build1/Build/Products/Debug/swift-nio__NIOFileSystem.bundle/Contents/Info.plist /tmp/intents-automation-native-saved-build1/Build/Intermediates.noindex/swift-nio.build/Debug/swift-nio__NIOFileSystem-b.build/empty-swift-nio__NIOFileSystem.plist (in target 'swift-nio__NIOFileSystem' from project 'swift-nio')
    cd /tmp/intents-automation-native-saved-build1/SourcePackages/checkouts/swift-nio
    builtin-infoPlistUtility /tmp/intents-automation-native-saved-build1/Build/Intermediates.noindex/swift-nio.build/Debug/swift-nio__NIOFileSystem-b.build/empty-swift-nio__NIOFileSystem.plist -producttype com.apple.product-type.bundle -expandbuildsettings -platform macosx -o /tmp/intents-automation-native-saved-build1/Build/Products/Debug/swift-nio__NIOFileSystem.bundle/Contents/Info.plist

note: Disabling hardened runtime with ad-hoc codesigning. (in target 'FoundationEvals' from project 'FoundationEvals')
SwiftDriver FoundationEvals normal arm64 com.apple.xcode.tools.swift.compiler (in target 'FoundationEvals' from project 'FoundationEvals')
    cd /Users/coryparry/Developer/Projects/Intents/FoundationEvals
    builtin-SwiftDriver -- /Applications/Xcode.app/Contents/Developer/Toolchains/XcodeDefault.xctoolchain/usr/bin/swiftc -module-name FoundationEvals -Onone @/tmp/intents-automation-native-saved-build1/Build/Intermediates.noindex/FoundationEvals.build/Debug/FoundationEvals.build/Objects-normal/arm64/Intents.SwiftFileList -DDEBUG -Xcc -fmodule-map-file\=/tmp/intents-automation-native-saved-build1/SourcePackages/checkouts/xgrammar/include/module.modulemap -Xcc -fmodule-map-file\=/tmp/intents-automation-native-saved-build1/Build/Intermediates.noindex/GeneratedModuleMaps/yyjson.modulemap -Xcc -fmodule-map-file\=/tmp/intents-automation-native-saved-build1/SourcePackages/checkouts/coreai-models/swift/Sources/lib/CXGrammar/include/module.modulemap -Xcc -fmodule-map-file\=/tmp/intents-automation-native-saved-build1/Build/Intermediates.noindex/GeneratedModuleMaps/PHPLCrashReporter.modulemap -Xcc -fmodule-map-file\=/tmp/intents-automation-native-saved-build1/Build/Intermediates.noindex/GeneratedModuleMaps/phlibwebp.modulemap -Xcc -fmodule-map-file\=/tmp/intents-automation-native-saved-build1/Build/Intermediates.noindex/GeneratedModuleMaps/PostHogObjCExceptionSupport.modulemap -Xcc -fmodule-map-file\=/tmp/intents-automation-native-saved-build1/Build/Intermediates.noindex/GeneratedModuleMaps/CNIOLLHTTP.modulemap -Xcc -fmodule-map-file\=/tmp/intents-automation-native-saved-build1/SourcePackages/checkouts/swift-atomics/Sources/_AtomicsShims/include/module.modulemap -Xcc -fmodule-map-file\=/tmp/intents-automation-native-saved-build1/SourcePackages/checkouts/swift-system/Sources/CSystem/include/module.modulemap -Xcc -fmodule-map-file\=/tmp/intents-automation-native-saved-build1/Build/Intermediates.noindex/GeneratedModuleMaps/CNIOPosix.modulemap -Xcc -fmodule-map-file\=/tmp/intents-automation-native-saved-build1/Build/Intermediates.noindex/GeneratedModuleMaps/CNIOWASI.modulemap -Xcc -fmodule-map-file\=/tmp/intents-automation-native-saved-build1/SourcePackages/checkouts/swift-nio/Sources/CNIOWindows/include/module.modulemap -Xcc -fmodule-map-file\=/tmp/intents-automation-native-saved-build1/Build/Intermediates.noindex/GeneratedModuleMaps/CNIOLinux.modulemap -Xcc -fmodule-map-file\=/tmp/intents-automation-native-saved-build1/Build/Intermediates.noindex/GeneratedModuleMaps/CNIODarwin.modulemap -Xcc -fmodule-map-file\=/tmp/intents-automation-native-saved-build1/Build/Intermediates.noindex/GeneratedModuleMaps/CNIOFreeBSD.modulemap -Xcc -fmodule-map-file\=/tmp/intents-automation-native-saved-build1/Build/Intermediates.noindex/GeneratedModuleMaps/CNIOOpenBSD.modulemap -Xcc -fmodule-map-file\=/tmp/intents-automation-native-saved-build1/Build/Intermediates.noindex/GeneratedModuleMaps/CNIOAtomics.modulemap -enable-upcoming-feature MemberImportVisibility -enable-upcoming-feature InferIsolatedConformances -enable-upcoming-feature NonisolatedNonsendingByDefault -enable-experimental-feature DebugDescriptionMacro -sdk /Applications/Xcode.app/Contents/Developer/Platforms/MacOSX.platform/Developer/SDKs/MacOSX27.0.sdk -target arm64-apple-macos27.0 -g -module-cache-path /tmp/intents-automation-native-saved-build1/ModuleCache.noindex -Xfrontend -serialize-debugging-options -enable-testing -index-store-path /tmp/intents-automation-native-saved-build1/Index.noindex/DataStore -Xcc -D_LIBCPP_HARDENING_MODE\=_LIBCPP_HARDENING_MODE_DEBUG -swift-version 6 -I /tmp/intents-automation-native-saved-build1/Build/Products/Debug -F /tmp/intents-automation-native-saved-build1/Build/Products/Debug/PackageFrameworks -F /tmp/intents-automation-native-saved-build1/Build/Products/Debug -emit-localized-strings -emit-localized-strings-path /tmp/intents-automation-native-saved-build1/Build/Intermediates.noindex/FoundationEvals.build/Debug/FoundationEvals.build/Objects-normal/arm64 -c -j10 -enable-batch-mode -incremental -Xcc -ivfsstatcache -Xcc /tmp/intents-automation-native-saved-build1/SDKStatCaches.noindex/macosx27.0-26A425-e829b21a6f8c9b70876ba0858053c0447231f6df4def33e022ae2eb8f782df1a.sdkstatcache -output-file-map /tmp/intents-automation-native-saved-build1/Build/Intermediates.noindex/FoundationEvals.build/Debug/FoundationEvals.build/Objects-normal/arm64/FoundationEvals-OutputFileMap.json -save-temps -no-color-diagnostics -explicit-module-build -module-cache-path /tmp/intents-automation-native-saved-build1/Build/Intermediates.noindex/SwiftExplicitPrecompiledModules -clang-scanner-module-cache-path /tmp/intents-automation-native-saved-build1/ModuleCache.noindex -sdk-module-cache-path /tmp/intents-automation-native-saved-build1/SDKExplicitPrecompiledModules -emit-dependencies -emit-module -emit-module-path /tmp/intents-automation-native-saved-build1/Build/Intermediates.noindex/FoundationEvals.build/Debug/FoundationEvals.build/Objects-normal/arm64/FoundationEvals.swiftmodule -serialize-diagnostics -dependency-scan-serialize-diagnostics-path /tmp/intents-automation-native-saved-build1/Build/Intermediates.noindex/FoundationEvals.build/Debug/FoundationEvals.build/Objects-normal/arm64/FoundationEvals-dependency-scan.dia -validate-clang-modules-once -clang-build-session-file /tmp/intents-automation-native-saved-build1/ModuleCache.noindex/Session.modulevalidation -Xcc -fmodules-prune-interval\=86400 -Xcc -fmodules-prune-after\=345600 -emit-const-values -const-gather-protocols-list /tmp/intents-automation-native-saved-build1/Build/Intermediates.noindex/FoundationEvals.build/Debug/FoundationEvals.build/Objects-normal/arm64/FoundationEvals_const_extract_protocols.json -Xcc -iquote -Xcc /tmp/intents-automation-native-saved-build1/Build/Intermediates.noindex/FoundationEvals.build/Debug/FoundationEvals.build/Intents-generated-files.hmap -Xcc -I/tmp/intents-automation-native-saved-build1/Build/Intermediates.noindex/FoundationEvals.build/Debug/FoundationEvals.build/Intents-own-target-headers.hmap -Xcc -I/tmp/intents-automation-native-saved-build1/Build/Intermediates.noindex/FoundationEvals.build/Debug/FoundationEvals.build/Intents-all-non-framework-target-headers.hmap -Xcc -ivfsoverlay -Xcc /tmp/intents-automation-native-saved-build1/Build/Intermediates.noindex/FoundationEvals.build/Debug/FoundationEvals-47497ee4f2b213fa93d3c96adafd960b-VFS/all-product-headers.yaml -Xcc -iquote -Xcc /tmp/intents-automation-native-saved-build1/Build/Intermediates.noindex/FoundationEvals.build/Debug/FoundationEvals.build/Intents-project-headers.hmap -Xcc -I/tmp/intents-automation-native-saved-build1/SourcePackages/checkouts/xgrammar/include -Xcc -I/tmp/intents-automation-native-saved-build1/SourcePackages/checkouts/yyjson/src -Xcc -I/tmp/intents-automation-native-saved-build1/SourcePackages/checkouts/coreai-models/swift/Sources/lib/CXGrammar/include -Xcc -I/tmp/intents-automation-native-saved-build1/SourcePackages/checkouts/posthog-ios/vendor/PHPLCrashReporter/include -Xcc -I/tmp/intents-automation-native-saved-build1/SourcePackages/checkouts/posthog-ios/vendor/libwebp -Xcc -I/tmp/intents-automation-native-saved-build1/SourcePackages/checkouts/posthog-ios/PostHog/ObjCExceptionSupport -Xcc -I/tmp/intents-automation-native-saved-build1/SourcePackages/checkouts/swift-nio/Sources/CNIOLLHTTP/include -Xcc -I/tmp/intents-automation-native-saved-build1/SourcePackages/checkouts/swift-atomics/Sources/_AtomicsShims/include -Xcc -I/tmp/intents-automation-native-saved-build1/SourcePackages/checkouts/swift-system/Sources/CSystem/include -Xcc -I/tmp/intents-automation-native-saved-build1/SourcePackages/checkouts/swift-nio/Sources/CNIOPosix/include -Xcc -I/tmp/intents-automation-native-saved-build1/SourcePackages/checkouts/swift-nio/Sources/CNIOWASI/include -Xcc -I/tmp/intents-automation-native-saved-build1/SourcePackages/checkouts/swift-nio/Sources/CNIOWindows/include -Xcc -I/tmp/intents-automation-native-saved-build1/SourcePackages/checkouts/swift-nio/Sources/CNIOLinux/include -Xcc -I/tmp/intents-automation-native-saved-build1/SourcePackages/checkouts/swift-nio/Sources/CNIODarwin/include -Xcc -I/tmp/intents-automation-native-saved-build1/SourcePackages/checkouts/swift-nio/Sources/CNIOFreeBSD/include -Xcc -I/tmp/intents-automation-native-saved-build1/SourcePackages/checkouts/swift-nio/Sources/CNIOOpenBSD/include -Xcc -I/tmp/intents-automation-native-saved-build1/SourcePackages/checkouts/swift-nio/Sources/CNIOAtomics/include -Xcc -I/tmp/intents-automation-native-saved-build1/Build/Products/Debug/include -Xcc -I/tmp/intents-automation-native-saved-build1/Build/Intermediates.noindex/FoundationEvals.build/Debug/FoundationEvals.build/DerivedSources-normal/arm64 -Xcc -I/tmp/intents-automation-native-saved-build1/Build/Intermediates.noindex/FoundationEvals.build/Debug/FoundationEvals.build/DerivedSources/arm64 -Xcc -I/tmp/intents-automation-native-saved-build1/Build/Intermediates.noindex/FoundationEvals.build/Debug/FoundationEvals.build/DerivedSources -Xcc -DDEBUG\=1 -emit-objc-header -emit-objc-header-path /tmp/intents-automation-native-saved-build1/Build/Intermediates.noindex/FoundationEvals.build/Debug/FoundationEvals.build/Objects-normal/arm64/FoundationEvals-Swift.h -working-directory /Users/coryparry/Developer/Projects/Intents/FoundationEvals -experimental-emit-module-separately -disable-cmo

SwiftEmitModule normal arm64 Emitting\ module\ for\ FoundationEvals (in target 'FoundationEvals' from project 'FoundationEvals')
/Users/coryparry/Developer/Projects/Intents/Sources/FoundationEvalsDeveloper/DeveloperRunnerService.swift:8:15: warning: 'MCPeerID' was deprecated in macOS 27.0: Use Network Framework instead [#DeprecatedDeclaration]
  6 |
  7 | private final class DeveloperRunnerPeerBox: @unchecked Sendable {
  8 |     let peer: MCPeerID
    |               `- warning: 'MCPeerID' was deprecated in macOS 27.0: Use Network Framework instead [#DeprecatedDeclaration]
  9 |     init(_ peer: MCPeerID) { self.peer = peer }
 10 | }

/Users/coryparry/Developer/Projects/Intents/Sources/FoundationEvalsDeveloper/DeveloperRunnerService.swift:9:18: warning: 'MCPeerID' was deprecated in macOS 27.0: Use Network Framework instead [#DeprecatedDeclaration]
  7 | private final class DeveloperRunnerPeerBox: @unchecked Sendable {
  8 |     let peer: MCPeerID
  9 |     init(_ peer: MCPeerID) { self.peer = peer }
    |                  `- warning: 'MCPeerID' was deprecated in macOS 27.0: Use Network Framework instead [#DeprecatedDeclaration]
 10 | }
 11 |

/Users/coryparry/Developer/Projects/Intents/Sources/FoundationEvalsDeveloper/DeveloperRunnerService.swift:14:18: warning: 'MCSession' was deprecated in macOS 27.0: Use Network Framework instead [#DeprecatedDeclaration]
 12 | private final class DeveloperRunnerSessionDelegate: NSObject, MCSessionDelegate, @unchecked Sendable {
 13 |     weak var owner: DeveloperRunnerService?
 14 |     var session: MCSession?
    |                  `- warning: 'MCSession' was deprecated in macOS 27.0: Use Network Framework instead [#DeprecatedDeclaration]
 15 |
 16 |     // MultipeerConnectivity calls these methods on its own queues. The proxy is

/Users/coryparry/Developer/Projects/Intents/Sources/FoundationEvalsDeveloper/DeveloperRunnerService.swift:19:29: warning: 'MCSession' was deprecated in macOS 27.0: Use Network Framework instead [#DeprecatedDeclaration]
 17 |     // @unchecked Sendable because it only copies Data/String values across to
 18 |     // MainActor, while `session` is assigned once before advertising begins.
 19 |     func session(_ session: MCSession, peer peerID: MCPeerID, didChange state: MCSessionState) {
    |                             `- warning: 'MCSession' was deprecated in macOS 27.0: Use Network Framework instead [#DeprecatedDeclaration]
 20 |         let peer = DeveloperRunnerPeerBox(peerID)
 21 |         Task { @MainActor [weak owner] in

/Users/coryparry/Developer/Projects/Intents/Sources/FoundationEvalsDeveloper/DeveloperRunnerService.swift:19:53: warning: 'MCPeerID' was deprecated in macOS 27.0: Use Network Framework instead [#DeprecatedDeclaration]
 17 |     // @unchecked Sendable because it only copies Data/String values across to
 18 |     // MainActor, while `session` is assigned once before advertising begins.
 19 |     func session(_ session: MCSession, peer peerID: MCPeerID, didChange state: MCSessionState) {
    |                                                     `- warning: 'MCPeerID' was deprecated in macOS 27.0: Use Network Framework instead [#DeprecatedDeclaration]
 20 |         let peer = DeveloperRunnerPeerBox(peerID)
 21 |         Task { @MainActor [weak owner] in

/Users/coryparry/Developer/Projects/Intents/Sources/FoundationEvalsDeveloper/DeveloperRunnerService.swift:19:80: warning: 'MCSessionState' was deprecated in macOS 27.0: Use Network Framework instead [#DeprecatedDeclaration]
 17 |     // @unchecked Sendable because it only copies Data/String values across to
 18 |     // MainActor, while `session` is assigned once before advertising begins.
 19 |     func session(_ session: MCSession, peer peerID: MCPeerID, didChange state: MCSessionState) {
    |                                                                                `- warning: 'MCSessionState' was deprecated in macOS 27.0: Use Network Framework instead [#DeprecatedDeclaration]
 20 |         let peer = DeveloperRunnerPeerBox(peerID)
 21 |         Task { @MainActor [weak owner] in

/Users/coryparry/Developer/Projects/Intents/Sources/FoundationEvalsDeveloper/DeveloperRunnerService.swift:26:29: warning: 'MCSession' was deprecated in macOS 27.0: Use Network Framework instead [#DeprecatedDeclaration]
 24 |     }
 25 |
 26 |     func session(_ session: MCSession, didReceive data: Data, fromPeer peerID: MCPeerID) {
    |                             `- warning: 'MCSession' was deprecated in macOS 27.0: Use Network Framework instead [#DeprecatedDeclaration]
 27 |         let peer = DeveloperRunnerPeerBox(peerID)
 28 |         Task { @MainActor [weak owner] in

/Users/coryparry/Developer/Projects/Intents/Sources/FoundationEvalsDeveloper/DeveloperRunnerService.swift:26:80: warning: 'MCPeerID' was deprecated in macOS 27.0: Use Network Framework instead [#DeprecatedDeclaration]
 24 |     }
 25 |
 26 |     func session(_ session: MCSession, didReceive data: Data, fromPeer peerID: MCPeerID) {
    |                                                                                `- warning: 'MCPeerID' was deprecated in macOS 27.0: Use Network Framework instead [#DeprecatedDeclaration]
 27 |         let peer = DeveloperRunnerPeerBox(peerID)
 28 |         Task { @MainActor [weak owner] in

/Users/coryparry/Developer/Projects/Intents/Sources/FoundationEvalsDeveloper/DeveloperRunnerService.swift:34:20: warning: 'MCSession' was deprecated in macOS 27.0: Use Network Framework instead [#DeprecatedDeclaration]
 32 |
 33 |     func session(
 34 |         _ session: MCSession,
    |                    `- warning: 'MCSession' was deprecated in macOS 27.0: Use Network Framework instead [#DeprecatedDeclaration]
 35 |         didReceive stream: InputStream,
 36 |         withName streamName: String,

/Users/coryparry/Developer/Projects/Intents/Sources/FoundationEvalsDeveloper/DeveloperRunnerService.swift:37:26: warning: 'MCPeerID' was deprecated in macOS 27.0: Use Network Framework instead [#DeprecatedDeclaration]
 35 |         didReceive stream: InputStream,
 36 |         withName streamName: String,
 37 |         fromPeer peerID: MCPeerID
    |                          `- warning: 'MCPeerID' was deprecated in macOS 27.0: Use Network Framework instead [#DeprecatedDeclaration]
 38 |     ) {}
 39 |

/Users/coryparry/Developer/Projects/Intents/Sources/FoundationEvalsDeveloper/DeveloperRunnerService.swift:41:20: warning: 'MCSession' was deprecated in macOS 27.0: Use Network Framework instead [#DeprecatedDeclaration]
 39 |
 40 |     func session(
 41 |         _ session: MCSession,
    |                    `- warning: 'MCSession' was deprecated in macOS 27.0: Use Network Framework instead [#DeprecatedDeclaration]
 42 |         didStartReceivingResourceWithName resourceName: String,
 43 |         fromPeer peerID: MCPeerID,

/Users/coryparry/Developer/Projects/Intents/Sources/FoundationEvalsDeveloper/DeveloperRunnerService.swift:43:26: warning: 'MCPeerID' was deprecated in macOS 27.0: Use Network Framework instead [#DeprecatedDeclaration]
 41 |         _ session: MCSession,
 42 |         didStartReceivingResourceWithName resourceName: String,
 43 |         fromPeer peerID: MCPeerID,
    |                          `- warning: 'MCPeerID' was deprecated in macOS 27.0: Use Network Framework instead [#DeprecatedDeclaration]
 44 |         with progress: Progress
 45 |     ) {}

/Users/coryparry/Developer/Projects/Intents/Sources/FoundationEvalsDeveloper/DeveloperRunnerService.swift:48:20: warning: 'MCSession' was deprecated in macOS 27.0: Use Network Framework instead [#DeprecatedDeclaration]
 46 |
 47 |     func session(
 48 |         _ session: MCSession,
    |                    `- warning: 'MCSession' was deprecated in macOS 27.0: Use Network Framework instead [#DeprecatedDeclaration]
 49 |         didFinishReceivingResourceWithName resourceName: String,
 50 |         fromPeer peerID: MCPeerID,

/Users/coryparry/Developer/Projects/Intents/Sources/FoundationEvalsDeveloper/DeveloperRunnerService.swift:50:26: warning: 'MCPeerID' was deprecated in macOS 27.0: Use Network Framework instead [#DeprecatedDeclaration]
 48 |         _ session: MCSession,
 49 |         didFinishReceivingResourceWithName resourceName: String,
 50 |         fromPeer peerID: MCPeerID,
    |                          `- warning: 'MCPeerID' was deprecated in macOS 27.0: Use Network Framework instead [#DeprecatedDeclaration]
 51 |         at localURL: URL?,
 52 |         withError error: (any Error)?

/Users/coryparry/Developer/Projects/Intents/Sources/FoundationEvalsDeveloper/DeveloperRunnerService.swift:12:63: warning: 'MCSessionDelegate' was deprecated in macOS 27.0: Use Network Framework instead [#DeprecatedDeclaration]
 10 | }
 11 |
 12 | private final class DeveloperRunnerSessionDelegate: NSObject, MCSessionDelegate, @unchecked Sendable {
    |                                                               `- warning: 'MCSessionDelegate' was deprecated in macOS 27.0: Use Network Framework instead [#DeprecatedDeclaration]
 13 |     weak var owner: DeveloperRunnerService?
 14 |     var session: MCSession?

/Users/coryparry/Developer/Projects/Intents/Sources/FoundationEvalsDeveloper/DeveloperRunnerService.swift:58:18: warning: 'MCSession' was deprecated in macOS 27.0: Use Network Framework instead [#DeprecatedDeclaration]
 56 | private final class DeveloperRunnerAdvertiserDelegate: NSObject, MCNearbyServiceAdvertiserDelegate, @unchecked Sendable {
 57 |     weak var owner: DeveloperRunnerService?
 58 |     var session: MCSession?
    |                  `- warning: 'MCSession' was deprecated in macOS 27.0: Use Network Framework instead [#DeprecatedDeclaration]
 59 |
 60 |     func advertiser(

/Users/coryparry/Developer/Projects/Intents/Sources/FoundationEvalsDeveloper/DeveloperRunnerService.swift:61:23: warning: 'MCNearbyServiceAdvertiser' was deprecated in macOS 27.0: Use Network Framework instead [#DeprecatedDeclaration]
 59 |
 60 |     func advertiser(
 61 |         _ advertiser: MCNearbyServiceAdvertiser,
    |                       `- warning: 'MCNearbyServiceAdvertiser' was deprecated in macOS 27.0: Use Network Framework instead [#DeprecatedDeclaration]
 62 |         didReceiveInvitationFromPeer peerID: MCPeerID,
 63 |         withContext context: Data?,

/Users/coryparry/Developer/Projects/Intents/Sources/FoundationEvalsDeveloper/DeveloperRunnerService.swift:62:46: warning: 'MCPeerID' was deprecated in macOS 27.0: Use Network Framework instead [#DeprecatedDeclaration]
 60 |     func advertiser(
 61 |         _ advertiser: MCNearbyServiceAdvertiser,
 62 |         didReceiveInvitationFromPeer peerID: MCPeerID,
    |                                              `- warning: 'MCPeerID' was deprecated in macOS 27.0: Use Network Framework instead [#DeprecatedDeclaration]
 63 |         withContext context: Data?,
 64 |         invitationHandler: @escaping (Bool, MCSession?) -> Void

/Users/coryparry/Developer/Projects/Intents/Sources/FoundationEvalsDeveloper/DeveloperRunnerService.swift:64:45: warning: 'MCSession' was deprecated in macOS 27.0: Use Network Framework instead [#DeprecatedDeclaration]
 62 |         didReceiveInvitationFromPeer peerID: MCPeerID,
 63 |         withContext context: Data?,
 64 |         invitationHandler: @escaping (Bool, MCSession?) -> Void
    |                                             `- warning: 'MCSession' was deprecated in macOS 27.0: Use Network Framework instead [#DeprecatedDeclaration]
 65 |     ) {
 66 |         guard let session else {

/Users/coryparry/Developer/Projects/Intents/Sources/FoundationEvalsDeveloper/DeveloperRunnerService.swift:74:23: warning: 'MCNearbyServiceAdvertiser' was deprecated in macOS 27.0: Use Network Framework instead [#DeprecatedDeclaration]
 72 |
 73 |     func advertiser(
 74 |         _ advertiser: MCNearbyServiceAdvertiser,
    |                       `- warning: 'MCNearbyServiceAdvertiser' was deprecated in macOS 27.0: Use Network Framework instead [#DeprecatedDeclaration]
 75 |         didNotStartAdvertisingPeer error: any Error
 76 |     ) {

/Users/coryparry/Developer/Projects/Intents/Sources/FoundationEvalsDeveloper/DeveloperRunnerService.swift:56:66: warning: 'MCNearbyServiceAdvertiserDelegate' was deprecated in macOS 27.0: Use Network Framework instead [#DeprecatedDeclaration]
 54 | }
 55 |
 56 | private final class DeveloperRunnerAdvertiserDelegate: NSObject, MCNearbyServiceAdvertiserDelegate, @unchecked Sendable {
    |                                                                  `- warning: 'MCNearbyServiceAdvertiserDelegate' was deprecated in macOS 27.0: Use Network Framework instead [#DeprecatedDeclaration]
 57 |     weak var owner: DeveloperRunnerService?
 58 |     var session: MCSession?

/Users/coryparry/Developer/Projects/Intents/Sources/FoundationEvalsDeveloper/DeveloperRunnerService.swift:96:45: warning: 'MCPeerID' was deprecated in macOS 27.0: Use Network Framework instead [#DeprecatedDeclaration]
 94 |
 95 |     @ObservationIgnored private let engine: DeveloperRunnerHostEngine
 96 |     @ObservationIgnored private let peerID: MCPeerID
    |                                             `- warning: 'MCPeerID' was deprecated in macOS 27.0: Use Network Framework instead [#DeprecatedDeclaration]
 97 |     @ObservationIgnored private let session: MCSession
 98 |     @ObservationIgnored private let sessionDelegate: DeveloperRunnerSessionDelegate

/Users/coryparry/Developer/Projects/Intents/Sources/FoundationEvalsDeveloper/DeveloperRunnerService.swift:97:46: warning: 'MCSession' was deprecated in macOS 27.0: Use Network Framework instead [#DeprecatedDeclaration]
 95 |     @ObservationIgnored private let engine: DeveloperRunnerHostEngine
 96 |     @ObservationIgnored private let peerID: MCPeerID
 97 |     @ObservationIgnored private let session: MCSession
    |                                              `- warning: 'MCSession' was deprecated in macOS 27.0: Use Network Framework instead [#DeprecatedDeclaration]
 98 |     @ObservationIgnored private let sessionDelegate: DeveloperRunnerSessionDelegate
 99 |     @ObservationIgnored private let advertiserDelegate: DeveloperRunnerAdvertiserDelegate

/Users/coryparry/Developer/Projects/Intents/Sources/FoundationEvalsDeveloper/DeveloperRunnerService.swift:100:49: warning: 'MCNearbyServiceAdvertiser' was deprecated in macOS 27.0: Use Network Framework instead [#DeprecatedDeclaration]
 98 |     @ObservationIgnored private let sessionDelegate: DeveloperRunnerSessionDelegate
 99 |     @ObservationIgnored private let advertiserDelegate: DeveloperRunnerAdvertiserDelegate
100 |     @ObservationIgnored private let advertiser: MCNearbyServiceAdvertiser
    |                                                 `- warning: 'MCNearbyServiceAdvertiser' was deprecated in macOS 27.0: Use Network Framework instead [#DeprecatedDeclaration]
101 |     @ObservationIgnored private var connectionIDs: [MCPeerID: String] = [:]
102 |     @ObservationIgnored private var secureEnvelopeBuffersByPeer: [MCPeerID: DeveloperSecureEnvelopeBuffer] = [:]

/Users/coryparry/Developer/Projects/Intents/Sources/FoundationEvalsDeveloper/DeveloperRunnerService.swift:101:53: warning: 'MCPeerID' was deprecated in macOS 27.0: Use Network Framework instead [#DeprecatedDeclaration]
 99 |     @ObservationIgnored private let advertiserDelegate: DeveloperRunnerAdvertiserDelegate
100 |     @ObservationIgnored private let advertiser: MCNearbyServiceAdvertiser
101 |     @ObservationIgnored private var connectionIDs: [MCPeerID: String] = [:]
    |                                                     `- warning: 'MCPeerID' was deprecated in macOS 27.0: Use Network Framework instead [#DeprecatedDeclaration]
102 |     @ObservationIgnored private var secureEnvelopeBuffersByPeer: [MCPeerID: DeveloperSecureEnvelopeBuffer] = [:]
103 |     @ObservationIgnored private var inboundAcceptanceTasksByPeer: [MCPeerID: Task<Void, Never>] = [:]

/Users/coryparry/Developer/Projects/Intents/Sources/FoundationEvalsDeveloper/DeveloperRunnerService.swift:102:67: warning: 'MCPeerID' was deprecated in macOS 27.0: Use Network Framework instead [#DeprecatedDeclaration]
100 |     @ObservationIgnored private let advertiser: MCNearbyServiceAdvertiser
101 |     @ObservationIgnored private var connectionIDs: [MCPeerID: String] = [:]
102 |     @ObservationIgnored private var secureEnvelopeBuffersByPeer: [MCPeerID: DeveloperSecureEnvelopeBuffer] = [:]
    |                                                                   `- warning: 'MCPeerID' was deprecated in macOS 27.0: Use Network Framework instead [#DeprecatedDeclaration]
103 |     @ObservationIgnored private var inboundAcceptanceTasksByPeer: [MCPeerID: Task<Void, Never>] = [:]
104 |

/Users/coryparry/Developer/Projects/Intents/Sources/FoundationEvalsDeveloper/DeveloperRunnerService.swift:103:68: warning: 'MCPeerID' was deprecated in macOS 27.0: Use Network Framework instead [#DeprecatedDeclaration]
101 |     @ObservationIgnored private var connectionIDs: [MCPeerID: String] = [:]
102 |     @ObservationIgnored private var secureEnvelopeBuffersByPeer: [MCPeerID: DeveloperSecureEnvelopeBuffer] = [:]
103 |     @ObservationIgnored private var inboundAcceptanceTasksByPeer: [MCPeerID: Task<Void, Never>] = [:]
    |                                                                    `- warning: 'MCPeerID' was deprecated in macOS 27.0: Use Network Framework instead [#DeprecatedDeclaration]
104 |
105 |     public init(

/Users/coryparry/Developer/Projects/Intents/Sources/FoundationEvalsDeveloper/DeveloperRunnerService.swift:183:73: warning: 'MCSessionState' was deprecated in macOS 27.0: Use Network Framework instead [#DeprecatedDeclaration]
181 |     }
182 |
183 |     fileprivate func peerChanged(_ peer: DeveloperRunnerPeerBox, state: MCSessionState) {
    |                                                                         `- warning: 'MCSessionState' was deprecated in macOS 27.0: Use Network Framework instead [#DeprecatedDeclaration]
184 |         let name = peer.peer.displayName
185 |         switch state {

/Users/coryparry/Developer/Projects/Intents/Sources/FoundationEvalsDeveloper/DeveloperRunnerClient.swift:6:15: warning: 'MCPeerID' was deprecated in macOS 27.0: Use Network Framework instead [#DeprecatedDeclaration]
  4 |
  5 | private final class DeveloperPeerBox: @unchecked Sendable {
  6 |     let peer: MCPeerID
    |               `- warning: 'MCPeerID' was deprecated in macOS 27.0: Use Network Framework instead [#DeprecatedDeclaration]
  7 |     init(_ peer: MCPeerID) { self.peer = peer }
  8 | }

/Users/coryparry/Developer/Projects/Intents/Sources/FoundationEvalsDeveloper/DeveloperRunnerClient.swift:7:18: warning: 'MCPeerID' was deprecated in macOS 27.0: Use Network Framework instead [#DeprecatedDeclaration]
  5 | private final class DeveloperPeerBox: @unchecked Sendable {
  6 |     let peer: MCPeerID
  7 |     init(_ peer: MCPeerID) { self.peer = peer }
    |                  `- warning: 'MCPeerID' was deprecated in macOS 27.0: Use Network Framework instead [#DeprecatedDeclaration]
  8 | }
  9 |

/Users/coryparry/Developer/Projects/Intents/Sources/FoundationEvalsDeveloper/DeveloperRunnerClient.swift:24:29: warning: 'MCSession' was deprecated in macOS 27.0: Use Network Framework instead [#DeprecatedDeclaration]
 22 |     weak var owner: DeveloperRunnerClient?
 23 |
 24 |     func session(_ session: MCSession, peer peerID: MCPeerID, didChange state: MCSessionState) {
    |                             `- warning: 'MCSession' was deprecated in macOS 27.0: Use Network Framework instead [#DeprecatedDeclaration]
 25 |         let peer = DeveloperPeerBox(peerID)
 26 |         Task { @MainActor [weak owner] in

/Users/coryparry/Developer/Projects/Intents/Sources/FoundationEvalsDeveloper/DeveloperRunnerClient.swift:24:53: warning: 'MCPeerID' was deprecated in macOS 27.0: Use Network Framework instead [#DeprecatedDeclaration]
 22 |     weak var owner: DeveloperRunnerClient?
 23 |
 24 |     func session(_ session: MCSession, peer peerID: MCPeerID, didChange state: MCSessionState) {
    |                                                     `- warning: 'MCPeerID' was deprecated in macOS 27.0: Use Network Framework instead [#DeprecatedDeclaration]
 25 |         let peer = DeveloperPeerBox(peerID)
 26 |         Task { @MainActor [weak owner] in

/Users/coryparry/Developer/Projects/Intents/Sources/FoundationEvalsDeveloper/DeveloperRunnerClient.swift:24:80: warning: 'MCSessionState' was deprecated in macOS 27.0: Use Network Framework instead [#DeprecatedDeclaration]
 22 |     weak var owner: DeveloperRunnerClient?
 23 |
 24 |     func session(_ session: MCSession, peer peerID: MCPeerID, didChange state: MCSessionState) {
    |                                                                                `- warning: 'MCSessionState' was deprecated in macOS 27.0: Use Network Framework instead [#DeprecatedDeclaration]
 25 |         let peer = DeveloperPeerBox(peerID)
 26 |         Task { @MainActor [weak owner] in

/Users/coryparry/Developer/Projects/Intents/Sources/FoundationEvalsDeveloper/DeveloperRunnerClient.swift:31:29: warning: 'MCSession' was deprecated in macOS 27.0: Use Network Framework instead [#DeprecatedDeclaration]
 29 |     }
 30 |
 31 |     func session(_ session: MCSession, didReceive data: Data, fromPeer peerID: MCPeerID) {
    |                             `- warning: 'MCSession' was deprecated in macOS 27.0: Use Network Framework instead [#DeprecatedDeclaration]
 32 |         let peer = DeveloperPeerBox(peerID)
 33 |         Task { @MainActor [weak owner] in

/Users/coryparry/Developer/Projects/Intents/Sources/FoundationEvalsDeveloper/DeveloperRunnerClient.swift:31:80: warning: 'MCPeerID' was deprecated in macOS 27.0: Use Network Framework instead [#DeprecatedDeclaration]
 29 |     }
 30 |
 31 |     func session(_ session: MCSession, didReceive data: Data, fromPeer peerID: MCPeerID) {
    |                                                                                `- warning: 'MCPeerID' was deprecated in macOS 27.0: Use Network Framework instead [#DeprecatedDeclaration]
 32 |         let peer = DeveloperPeerBox(peerID)
 33 |         Task { @MainActor [weak owner] in

/Users/coryparry/Developer/Projects/Intents/Sources/FoundationEvalsDeveloper/DeveloperRunnerClient.swift:39:20: warning: 'MCSession' was deprecated in macOS 27.0: Use Network Framework instead [#DeprecatedDeclaration]
 37 |
 38 |     func session(
 39 |         _ session: MCSession,
    |                    `- warning: 'MCSession' was deprecated in macOS 27.0: Use Network Framework instead [#DeprecatedDeclaration]
 40 |         didReceive stream: InputStream,
 41 |         withName streamName: String,

/Users/coryparry/Developer/Projects/Intents/Sources/FoundationEvalsDeveloper/DeveloperRunnerClient.swift:42:26: warning: 'MCPeerID' was deprecated in macOS 27.0: Use Network Framework instead [#DeprecatedDeclaration]
 40 |         didReceive stream: InputStream,
 41 |         withName streamName: String,
 42 |         fromPeer peerID: MCPeerID
    |                          `- warning: 'MCPeerID' was deprecated in macOS 27.0: Use Network Framework instead [#DeprecatedDeclaration]
 43 |     ) {}
 44 |

/Users/coryparry/Developer/Projects/Intents/Sources/FoundationEvalsDeveloper/DeveloperRunnerClient.swift:46:20: warning: 'MCSession' was deprecated in macOS 27.0: Use Network Framework instead [#DeprecatedDeclaration]
 44 |
 45 |     func session(
 46 |         _ session: MCSession,
    |                    `- warning: 'MCSession' was deprecated in macOS 27.0: Use Network Framework instead [#DeprecatedDeclaration]
 47 |         didStartReceivingResourceWithName resourceName: String,
 48 |         fromPeer peerID: MCPeerID,

/Users/coryparry/Developer/Projects/Intents/Sources/FoundationEvalsDeveloper/DeveloperRunnerClient.swift:48:26: warning: 'MCPeerID' was deprecated in macOS 27.0: Use Network Framework instead [#DeprecatedDeclaration]
 46 |         _ session: MCSession,
 47 |         didStartReceivingResourceWithName resourceName: String,
 48 |         fromPeer peerID: MCPeerID,
    |                          `- warning: 'MCPeerID' was deprecated in macOS 27.0: Use Network Framework instead [#DeprecatedDeclaration]
 49 |         with progress: Progress
 50 |     ) {}

/Users/coryparry/Developer/Projects/Intents/Sources/FoundationEvalsDeveloper/DeveloperRunnerClient.swift:53:20: warning: 'MCSession' was deprecated in macOS 27.0: Use Network Framework instead [#DeprecatedDeclaration]
 51 |
 52 |     func session(
 53 |         _ session: MCSession,
    |                    `- warning: 'MCSession' was deprecated in macOS 27.0: Use Network Framework instead [#DeprecatedDeclaration]
 54 |         didFinishReceivingResourceWithName resourceName: String,
 55 |         fromPeer peerID: MCPeerID,

/Users/coryparry/Developer/Projects/Intents/Sources/FoundationEvalsDeveloper/DeveloperRunnerClient.swift:55:26: warning: 'MCPeerID' was deprecated in macOS 27.0: Use Network Framework instead [#DeprecatedDeclaration]
 53 |         _ session: MCSession,
 54 |         didFinishReceivingResourceWithName resourceName: String,
 55 |         fromPeer peerID: MCPeerID,
    |                          `- warning: 'MCPeerID' was deprecated in macOS 27.0: Use Network Framework instead [#DeprecatedDeclaration]
 56 |         at localURL: URL?,
 57 |         withError error: (any Error)?

/Users/coryparry/Developer/Projects/Intents/Sources/FoundationEvalsDeveloper/DeveloperRunnerClient.swift:21:63: warning: 'MCSessionDelegate' was deprecated in macOS 27.0: Use Network Framework instead [#DeprecatedDeclaration]
 19 | }
 20 |
 21 | private final class DeveloperClientSessionDelegate: NSObject, MCSessionDelegate, @unchecked Sendable {
    |                                                               `- warning: 'MCSessionDelegate' was deprecated in macOS 27.0: Use Network Framework instead [#DeprecatedDeclaration]
 22 |     weak var owner: DeveloperRunnerClient?
 23 |

/Users/coryparry/Developer/Projects/Intents/Sources/FoundationEvalsDeveloper/DeveloperRunnerClient.swift:65:20: warning: 'MCNearbyServiceBrowser' was deprecated in macOS 27.0: Use Network Framework instead [#DeprecatedDeclaration]
 63 |
 64 |     func browser(
 65 |         _ browser: MCNearbyServiceBrowser,
    |                    `- warning: 'MCNearbyServiceBrowser' was deprecated in macOS 27.0: Use Network Framework instead [#DeprecatedDeclaration]
 66 |         foundPeer peerID: MCPeerID,
 67 |         withDiscoveryInfo info: [String: String]?

/Users/coryparry/Developer/Projects/Intents/Sources/FoundationEvalsDeveloper/DeveloperRunnerClient.swift:66:27: warning: 'MCPeerID' was deprecated in macOS 27.0: Use Network Framework instead [#DeprecatedDeclaration]
 64 |     func browser(
 65 |         _ browser: MCNearbyServiceBrowser,
 66 |         foundPeer peerID: MCPeerID,
    |                           `- warning: 'MCPeerID' was deprecated in macOS 27.0: Use Network Framework instead [#DeprecatedDeclaration]
 67 |         withDiscoveryInfo info: [String: String]?
 68 |     ) {

/Users/coryparry/Developer/Projects/Intents/Sources/FoundationEvalsDeveloper/DeveloperRunnerClient.swift:76:29: warning: 'MCNearbyServiceBrowser' was deprecated in macOS 27.0: Use Network Framework instead [#DeprecatedDeclaration]
 74 |     }
 75 |
 76 |     func browser(_ browser: MCNearbyServiceBrowser, lostPeer peerID: MCPeerID) {
    |                             `- warning: 'MCNearbyServiceBrowser' was deprecated in macOS 27.0: Use Network Framework instead [#DeprecatedDeclaration]
 77 |         let box = DeveloperPeerBox(peerID)
 78 |         Task { @MainActor [weak owner] in

/Users/coryparry/Developer/Projects/Intents/Sources/FoundationEvalsDeveloper/DeveloperRunnerClient.swift:76:70: warning: 'MCPeerID' was deprecated in macOS 27.0: Use Network Framework instead [#DeprecatedDeclaration]
 74 |     }
 75 |
 76 |     func browser(_ browser: MCNearbyServiceBrowser, lostPeer peerID: MCPeerID) {
    |                                                                      `- warning: 'MCPeerID' was deprecated in macOS 27.0: Use Network Framework instead [#DeprecatedDeclaration]
 77 |         let box = DeveloperPeerBox(peerID)
 78 |         Task { @MainActor [weak owner] in

/Users/coryparry/Developer/Projects/Intents/Sources/FoundationEvalsDeveloper/DeveloperRunnerClient.swift:83:29: warning: 'MCNearbyServiceBrowser' was deprecated in macOS 27.0: Use Network Framework instead [#DeprecatedDeclaration]
 81 |     }
 82 |
 83 |     func browser(_ browser: MCNearbyServiceBrowser, didNotStartBrowsingForPeers error: any Error) {
    |                             `- warning: 'MCNearbyServiceBrowser' was deprecated in macOS 27.0: Use Network Framework instead [#DeprecatedDeclaration]
 84 |         let detail = error.localizedDescription
 85 |         Task { @MainActor [weak owner] in

/Users/coryparry/Developer/Projects/Intents/Sources/FoundationEvalsDeveloper/DeveloperRunnerClient.swift:61:63: warning: 'MCNearbyServiceBrowserDelegate' was deprecated in macOS 27.0: Use Network Framework instead [#DeprecatedDeclaration]
 59 | }
 60 |
 61 | private final class DeveloperClientBrowserDelegate: NSObject, MCNearbyServiceBrowserDelegate, @unchecked Sendable {
    |                                                               `- warning: 'MCNearbyServiceBrowserDelegate' was deprecated in macOS 27.0: Use Network Framework instead [#DeprecatedDeclaration]
 62 |     weak var owner: DeveloperRunnerClient?
 63 |

/Users/coryparry/Developer/Projects/Intents/Sources/FoundationEvalsDeveloper/DeveloperRunnerClient.swift:108:28: warning: 'MCPeerID' was deprecated in macOS 27.0: Use Network Framework instead [#DeprecatedDeclaration]
106 |
107 | struct DeveloperIntentionalDisconnects {
108 |     private var peers: Set<MCPeerID> = []
    |                            `- warning: 'MCPeerID' was deprecated in macOS 27.0: Use Network Framework instead [#DeprecatedDeclaration]
109 |
110 |     mutating func begin(for peer: MCPeerID) {


SwiftCompile normal arm64 (in target 'FoundationEvals' from project 'FoundationEvals')
    cd /Users/coryparry/Developer/Projects/Intents/FoundationEvals


/Users/coryparry/Developer/Projects/Intents/Sources/FoundationEvalsDeveloper/DeveloperRunnerClient.swift:110:35: warning: 'MCPeerID' was deprecated in macOS 27.0: Use Network Framework instead [#DeprecatedDeclaration]
108 |     private var peers: Set<MCPeerID> = []
109 |
110 |     mutating func begin(for peer: MCPeerID) {
    |                                   `- warning: 'MCPeerID' was deprecated in macOS 27.0: Use Network Framework instead [#DeprecatedDeclaration]
111 |         peers.insert(peer)
112 |     }

/Users/coryparry/Developer/Projects/Intents/Sources/FoundationEvalsDeveloper/DeveloperRunnerClient.swift:114:37: warning: 'MCPeerID' was deprecated in macOS 27.0: Use Network Framework instead [#DeprecatedDeclaration]
112 |     }
113 |
114 |     mutating func consume(for peer: MCPeerID) -> Bool {
    |                                     `- warning: 'MCPeerID' was deprecated in macOS 27.0: Use Network Framework instead [#DeprecatedDeclaration]
115 |         peers.remove(peer) != nil
116 |     }

/Users/coryparry/Developer/Projects/Intents/Sources/FoundationEvalsDeveloper/DeveloperRunnerClient.swift:118:34: warning: 'MCPeerID' was deprecated in macOS 27.0: Use Network Framework instead [#DeprecatedDeclaration]
116 |     }
117 |
118 |     mutating func forget(_ peer: MCPeerID) {
    |                                  `- warning: 'MCPeerID' was deprecated in macOS 27.0: Use Network Framework instead [#DeprecatedDeclaration]
119 |         peers.remove(peer)
120 |     }

/Users/coryparry/Developer/Projects/Intents/Sources/FoundationEvalsDeveloper/DeveloperRunnerClient.swift:139:45: warning: 'MCPeerID' was deprecated in macOS 27.0: Use Network Framework instead [#DeprecatedDeclaration]
137 |
138 |     @ObservationIgnored private let trustStoreURL: URL?
139 |     @ObservationIgnored private let peerID: MCPeerID
    |                                             `- warning: 'MCPeerID' was deprecated in macOS 27.0: Use Network Framework instead [#DeprecatedDeclaration]
140 |     @ObservationIgnored private let session: MCSession
141 |     @ObservationIgnored private let sessionDelegate: DeveloperClientSessionDelegate

/Users/coryparry/Developer/Projects/Intents/Sources/FoundationEvalsDeveloper/DeveloperRunnerClient.swift:140:46: warning: 'MCSession' was deprecated in macOS 27.0: Use Network Framework instead [#DeprecatedDeclaration]
138 |     @ObservationIgnored private let trustStoreURL: URL?
139 |     @ObservationIgnored private let peerID: MCPeerID
140 |     @ObservationIgnored private let session: MCSession
    |                                              `- warning: 'MCSession' was deprecated in macOS 27.0: Use Network Framework instead [#DeprecatedDeclaration]
141 |     @ObservationIgnored private let sessionDelegate: DeveloperClientSessionDelegate
142 |     @ObservationIgnored private let browserDelegate: DeveloperClientBrowserDelegate

/Users/coryparry/Developer/Projects/Intents/Sources/FoundationEvalsDeveloper/DeveloperRunnerClient.swift:143:46: warning: 'MCNearbyServiceBrowser' was deprecated in macOS 27.0: Use Network Framework instead [#DeprecatedDeclaration]
141 |     @ObservationIgnored private let sessionDelegate: DeveloperClientSessionDelegate
142 |     @ObservationIgnored private let browserDelegate: DeveloperClientBrowserDelegate
143 |     @ObservationIgnored private let browser: MCNearbyServiceBrowser
    |                                              `- warning: 'MCNearbyServiceBrowser' was deprecated in macOS 27.0: Use Network Framework instead [#DeprecatedDeclaration]
144 |     @ObservationIgnored private var selectedCandidatePeerByRunnerID: [UUID: MCPeerID] = [:]
145 |     @ObservationIgnored private var authenticatedPeersByRunnerID: [UUID: DeveloperPeerBox] = [:]

/Users/coryparry/Developer/Projects/Intents/Sources/FoundationEvalsDeveloper/DeveloperRunnerClient.swift:144:77: warning: 'MCPeerID' was deprecated in macOS 27.0: Use Network Framework instead [#DeprecatedDeclaration]
142 |     @ObservationIgnored private let browserDelegate: DeveloperClientBrowserDelegate
143 |     @ObservationIgnored private let browser: MCNearbyServiceBrowser
144 |     @ObservationIgnored private var selectedCandidatePeerByRunnerID: [UUID: MCPeerID] = [:]
    |                                                                             `- warning: 'MCPeerID' was deprecated in macOS 27.0: Use Network Framework instead [#DeprecatedDeclaration]
145 |     @ObservationIgnored private var authenticatedPeersByRunnerID: [UUID: DeveloperPeerBox] = [:]
146 |     @ObservationIgnored private var candidatesByPeer: [MCPeerID: DeveloperClientCandidate] = [:]

/Users/coryparry/Developer/Projects/Intents/Sources/FoundationEvalsDeveloper/DeveloperRunnerClient.swift:146:56: warning: 'MCPeerID' was deprecated in macOS 27.0: Use Network Framework instead [#DeprecatedDeclaration]
144 |     @ObservationIgnored private var selectedCandidatePeerByRunnerID: [UUID: MCPeerID] = [:]
145 |     @ObservationIgnored private var authenticatedPeersByRunnerID: [UUID: DeveloperPeerBox] = [:]
146 |     @ObservationIgnored private var candidatesByPeer: [MCPeerID: DeveloperClientCandidate] = [:]
    |                                                        `- warning: 'MCPeerID' was deprecated in macOS 27.0: Use Network Framework instead [#DeprecatedDeclaration]
147 |     @ObservationIgnored private var trustByRunnerID: [UUID: DeveloperDesktopTrustState.Entry] = [:]
148 |     @ObservationIgnored private var activeRunnerID: UUID?

/Users/coryparry/Developer/Projects/Intents/Sources/FoundationEvalsDeveloper/DeveloperRunnerClient.swift:427:66: warning: 'MCSessionState' was deprecated in macOS 27.0: Use Network Framework instead [#DeprecatedDeclaration]
425 |     }
426 |
427 |     fileprivate func peerChanged(_ box: DeveloperPeerBox, state: MCSessionState) {
    |                                                                  `- warning: 'MCSessionState' was deprecated in macOS 27.0: Use Network Framework instead [#DeprecatedDeclaration]
428 |         guard let runnerID = candidatesByPeer[box.peer]?.runnerID else { return }
429 |         switch state {

/Users/coryparry/Developer/Projects/Intents/Sources/FoundationEvalsDeveloper/DeveloperRunnerClient.swift:829:77: warning: 'MCPeerID' was deprecated in macOS 27.0: Use Network Framework instead [#DeprecatedDeclaration]
827 |     }
828 |
829 |     private func evictCompetingCandidates(for runnerID: UUID, keeping peer: MCPeerID) {
    |                                                                             `- warning: 'MCPeerID' was deprecated in macOS 27.0: Use Network Framework instead [#DeprecatedDeclaration]
830 |         let competingPeers = candidatesByPeer.compactMap { candidatePeer, candidate in
831 |             candidate.runnerID == runnerID && candidatePeer != peer ? candidatePeer : nil

/Users/coryparry/Developer/Projects/Intents/Sources/FoundationEvalsDeveloper/DeveloperRunnerClient.swift:839:71: warning: 'MCPeerID' was deprecated in macOS 27.0: Use Network Framework instead [#DeprecatedDeclaration]
837 |     }
838 |
839 |     private func promoteCandidate(for runnerID: UUID, excluding peer: MCPeerID) {
    |                                                                       `- warning: 'MCPeerID' was deprecated in macOS 27.0: Use Network Framework instead [#DeprecatedDeclaration]
840 |         guard authenticatedPeersByRunnerID[runnerID] == nil else { return }
841 |         guard let candidatePeer = candidatesByPeer.first(where: { candidatePeer, candidate in

[#DeprecatedDeclaration]: <https://docs.swift.org/compiler/documentation/diagnostics/deprecated-declaration>
SwiftCompile normal arm64 Compiling\ DeveloperRunPresentation.swift,\ EvaluationSchemaEditor.swift,\ FeatureConfigurationSummary.swift,\ FeatureControlsView.swift,\ FeatureTraceSection.swift,\ FieldAssertionsEditor.swift,\ IntentLabSetupInstallerView.swift,\ IntentLabView.swift,\ JudgeConfigurationSection.swift,\ JudgeConnectionsSettingsView.swift,\ JudgeEvidenceSection.swift,\ LiveResponseSection.swift,\ MCPSettingsView.swift,\ ModelControlsSection.swift,\ ModelCustomizationSection.swift,\ NativeAutomationEvidenceView.swift,\ PromptTextEditor.swift,\ RunAnalysisSection.swift /Users/coryparry/Developer/Projects/Intents/FoundationEvals/FoundationEvals/Views/DeveloperRunPresentation.swift /Users/coryparry/Developer/Projects/Intents/FoundationEvals/FoundationEvals/Views/EvaluationSchemaEditor.swift /Users/coryparry/Developer/Projects/Intents/FoundationEvals/FoundationEvals/Views/FeatureConfigurationSummary.swift /Users/coryparry/Developer/Projects/Intents/FoundationEvals/FoundationEvals/Views/FeatureControlsView.swift /Users/coryparry/Developer/Projects/Intents/FoundationEvals/FoundationEvals/Views/FeatureTraceSection.swift /Users/coryparry/Developer/Projects/Intents/FoundationEvals/FoundationEvals/Views/FieldAssertionsEditor.swift /Users/coryparry/Developer/Projects/Intents/FoundationEvals/FoundationEvals/Views/IntentLabSetupInstallerView.swift /Users/coryparry/Developer/Projects/Intents/FoundationEvals/FoundationEvals/Views/IntentLabView.swift /Users/coryparry/Developer/Projects/Intents/FoundationEvals/FoundationEvals/Views/JudgeConfigurationSection.swift /Users/coryparry/Developer/Projects/Intents/FoundationEvals/FoundationEvals/Views/JudgeConnectionsSettingsView.swift /Users/coryparry/Developer/Projects/Intents/FoundationEvals/FoundationEvals/Views/JudgeEvidenceSection.swift /Users/coryparry/Developer/Projects/Intents/FoundationEvals/FoundationEvals/Views/LiveResponseSection.swift /Users/coryparry/Developer/Projects/Intents/FoundationEvals/FoundationEvals/Views/MCPSettingsView.swift /Users/coryparry/Developer/Projects/Intents/FoundationEvals/FoundationEvals/Views/ModelControlsSection.swift /Users/coryparry/Developer/Projects/Intents/FoundationEvals/FoundationEvals/Views/ModelCustomizationSection.swift /Users/coryparry/Developer/Projects/Intents/FoundationEvals/FoundationEvals/Views/NativeAutomationEvidenceView.swift /Users/coryparry/Developer/Projects/Intents/FoundationEvals/FoundationEvals/Views/PromptTextEditor.swift /Users/coryparry/Developer/Projects/Intents/FoundationEvals/FoundationEvals/Views/RunAnalysisSection.swift (in target 'FoundationEvals' from project 'FoundationEvals')

SwiftCompile normal arm64 /Users/coryparry/Developer/Projects/Intents/FoundationEvals/FoundationEvals/Views/DeveloperRunPresentation.swift (in target 'FoundationEvals' from project 'FoundationEvals')
    cd /Users/coryparry/Developer/Projects/Intents/FoundationEvals
    builtin-SwiftPerFileCompile DeveloperRunPresentation.swift

SwiftCompile normal arm64 /Users/coryparry/Developer/Projects/Intents/FoundationEvals/FoundationEvals/Views/EvaluationSchemaEditor.swift (in target 'FoundationEvals' from project 'FoundationEvals')
    cd /Users/coryparry/Developer/Projects/Intents/FoundationEvals
    builtin-SwiftPerFileCompile EvaluationSchemaEditor.swift

SwiftCompile normal arm64 /Users/coryparry/Developer/Projects/Intents/FoundationEvals/FoundationEvals/Views/FeatureConfigurationSummary.swift (in target 'FoundationEvals' from project 'FoundationEvals')
    cd /Users/coryparry/Developer/Projects/Intents/FoundationEvals
    builtin-SwiftPerFileCompile FeatureConfigurationSummary.swift

SwiftCompile normal arm64 /Users/coryparry/Developer/Projects/Intents/FoundationEvals/FoundationEvals/Views/FeatureControlsView.swift (in target 'FoundationEvals' from project 'FoundationEvals')
    cd /Users/coryparry/Developer/Projects/Intents/FoundationEvals
    builtin-SwiftPerFileCompile FeatureControlsView.swift

SwiftCompile normal arm64 /Users/coryparry/Developer/Projects/Intents/FoundationEvals/FoundationEvals/Views/FeatureTraceSection.swift (in target 'FoundationEvals' from project 'FoundationEvals')
    cd /Users/coryparry/Developer/Projects/Intents/FoundationEvals
    builtin-SwiftPerFileCompile FeatureTraceSection.swift

SwiftCompile normal arm64 /Users/coryparry/Developer/Projects/Intents/FoundationEvals/FoundationEvals/Views/FieldAssertionsEditor.swift (in target 'FoundationEvals' from project 'FoundationEvals')
    cd /Users/coryparry/Developer/Projects/Intents/FoundationEvals
    builtin-SwiftPerFileCompile FieldAssertionsEditor.swift

SwiftCompile normal arm64 /Users/coryparry/Developer/Projects/Intents/FoundationEvals/FoundationEvals/Views/IntentLabSetupInstallerView.swift (in target 'FoundationEvals' from project 'FoundationEvals')
    cd /Users/coryparry/Developer/Projects/Intents/FoundationEvals
    builtin-SwiftPerFileCompile IntentLabSetupInstallerView.swift

SwiftCompile normal arm64 /Users/coryparry/Developer/Projects/Intents/FoundationEvals/FoundationEvals/Views/IntentLabView.swift (in target 'FoundationEvals' from project 'FoundationEvals')
    cd /Users/coryparry/Developer/Projects/Intents/FoundationEvals
    builtin-SwiftPerFileCompile IntentLabView.swift

SwiftCompile normal arm64 /Users/coryparry/Developer/Projects/Intents/FoundationEvals/FoundationEvals/Views/JudgeConfigurationSection.swift (in target 'FoundationEvals' from project 'FoundationEvals')
    cd /Users/coryparry/Developer/Projects/Intents/FoundationEvals
    builtin-SwiftPerFileCompile JudgeConfigurationSection.swift

SwiftCompile normal arm64 /Users/coryparry/Developer/Projects/Intents/FoundationEvals/FoundationEvals/Views/JudgeConnectionsSettingsView.swift (in target 'FoundationEvals' from project 'FoundationEvals')
    cd /Users/coryparry/Developer/Projects/Intents/FoundationEvals
    builtin-SwiftPerFileCompile JudgeConnectionsSettingsView.swift

SwiftCompile normal arm64 /Users/coryparry/Developer/Projects/Intents/FoundationEvals/FoundationEvals/Views/JudgeEvidenceSection.swift (in target 'FoundationEvals' from project 'FoundationEvals')
    cd /Users/coryparry/Developer/Projects/Intents/FoundationEvals
    builtin-SwiftPerFileCompile JudgeEvidenceSection.swift

SwiftCompile normal arm64 /Users/coryparry/Developer/Projects/Intents/FoundationEvals/FoundationEvals/Views/LiveResponseSection.swift (in target 'FoundationEvals' from project 'FoundationEvals')
    cd /Users/coryparry/Developer/Projects/Intents/FoundationEvals
    builtin-SwiftPerFileCompile LiveResponseSection.swift

SwiftCompile normal arm64 /Users/coryparry/Developer/Projects/Intents/FoundationEvals/FoundationEvals/Views/MCPSettingsView.swift (in target 'FoundationEvals' from project 'FoundationEvals')
    cd /Users/coryparry/Developer/Projects/Intents/FoundationEvals
    builtin-SwiftPerFileCompile MCPSettingsView.swift

SwiftCompile normal arm64 /Users/coryparry/Developer/Projects/Intents/FoundationEvals/FoundationEvals/Views/ModelControlsSection.swift (in target 'FoundationEvals' from project 'FoundationEvals')
    cd /Users/coryparry/Developer/Projects/Intents/FoundationEvals
    builtin-SwiftPerFileCompile ModelControlsSection.swift

SwiftCompile normal arm64 /Users/coryparry/Developer/Projects/Intents/FoundationEvals/FoundationEvals/Views/ModelCustomizationSection.swift (in target 'FoundationEvals' from project 'FoundationEvals')
    cd /Users/coryparry/Developer/Projects/Intents/FoundationEvals
    builtin-SwiftPerFileCompile ModelCustomizationSection.swift

SwiftCompile normal arm64 /Users/coryparry/Developer/Projects/Intents/FoundationEvals/FoundationEvals/Views/NativeAutomationEvidenceView.swift (in target 'FoundationEvals' from project 'FoundationEvals')
    cd /Users/coryparry/Developer/Projects/Intents/FoundationEvals
    builtin-SwiftPerFileCompile NativeAutomationEvidenceView.swift

SwiftCompile normal arm64 /Users/coryparry/Developer/Projects/Intents/FoundationEvals/FoundationEvals/Views/PromptTextEditor.swift (in target 'FoundationEvals' from project 'FoundationEvals')
    cd /Users/coryparry/Developer/Projects/Intents/FoundationEvals
    builtin-SwiftPerFileCompile PromptTextEditor.swift

SwiftCompile normal arm64 /Users/coryparry/Developer/Projects/Intents/FoundationEvals/FoundationEvals/Views/RunAnalysisSection.swift (in target 'FoundationEvals' from project 'FoundationEvals')
    cd /Users/coryparry/Developer/Projects/Intents/FoundationEvals
    builtin-SwiftPerFileCompile RunAnalysisSection.swift

SwiftCompile normal arm64 Compiling\ RunDetailView.swift,\ RunReportSummary.swift,\ RunSummaryDashboard.swift,\ RunWorkflowPanel.swift,\ SampleTraceSection.swift,\ ScenarioEditorView.swift,\ ScenarioReportPresentation.swift,\ ScenarioReportView.swift,\ ScenarioReusableChecksView.swift,\ SpotlightSearchToolEditor.swift,\ SpotlightSearchTraceView.swift,\ SuiteAutosaveObserver.swift,\ SuiteCasesView.swift,\ SuiteDashboardCards.swift,\ SuiteEditorChrome.swift,\ SuiteEditorView.swift,\ SuiteExperimentsView.swift,\ SuiteResultsView.swift /Users/coryparry/Developer/Projects/Intents/FoundationEvals/FoundationEvals/Views/RunDetailView.swift /Users/coryparry/Developer/Projects/Intents/FoundationEvals/FoundationEvals/Views/RunReportSummary.swift /Users/coryparry/Developer/Projects/Intents/FoundationEvals/FoundationEvals/Views/RunSummaryDashboard.swift /Users/coryparry/Developer/Projects/Intents/FoundationEvals/FoundationEvals/Views/RunWorkflowPanel.swift /Users/coryparry/Developer/Projects/Intents/FoundationEvals/FoundationEvals/Views/SampleTraceSection.swift /Users/coryparry/Developer/Projects/Intents/FoundationEvals/FoundationEvals/Views/ScenarioEditorView.swift /Users/coryparry/Developer/Projects/Intents/FoundationEvals/FoundationEvals/Views/ScenarioReportPresentation.swift /Users/coryparry/Developer/Projects/Intents/FoundationEvals/FoundationEvals/Views/ScenarioReportView.swift /Users/coryparry/Developer/Projects/Intents/FoundationEvals/FoundationEvals/Views/ScenarioReusableChecksView.swift /Users/coryparry/Developer/Projects/Intents/FoundationEvals/FoundationEvals/Views/SpotlightSearchToolEditor.swift /Users/coryparry/Developer/Projects/Intents/FoundationEvals/FoundationEvals/Views/SpotlightSearchTraceView.swift /Users/coryparry/Developer/Projects/Intents/FoundationEvals/FoundationEvals/Views/SuiteAutosaveObserver.swift /Users/coryparry/Developer/Projects/Intents/FoundationEvals/FoundationEvals/Views/SuiteCasesView.swift /Users/coryparry/Developer/Projects/Intents/FoundationEvals/FoundationEvals/Views/SuiteDashboardCards.swift /Users/coryparry/Developer/Projects/Intents/FoundationEvals/FoundationEvals/Views/SuiteEditorChrome.swift /Users/coryparry/Developer/Projects/Intents/FoundationEvals/FoundationEvals/Views/SuiteEditorView.swift /Users/coryparry/Developer/Projects/Intents/FoundationEvals/FoundationEvals/Views/SuiteExperimentsView.swift /Users/coryparry/Developer/Projects/Intents/FoundationEvals/FoundationEvals/Views/SuiteResultsView.swift (in target 'FoundationEvals' from project 'FoundationEvals')

SwiftCompile normal arm64 /Users/coryparry/Developer/Projects/Intents/FoundationEvals/FoundationEvals/Views/RunDetailView.swift (in target 'FoundationEvals' from project 'FoundationEvals')
    cd /Users/coryparry/Developer/Projects/Intents/FoundationEvals
    builtin-SwiftPerFileCompile RunDetailView.swift

SwiftCompile normal arm64 /Users/coryparry/Developer/Projects/Intents/FoundationEvals/FoundationEvals/Views/RunReportSummary.swift (in target 'FoundationEvals' from project 'FoundationEvals')
    cd /Users/coryparry/Developer/Projects/Intents/FoundationEvals
    builtin-SwiftPerFileCompile RunReportSummary.swift

SwiftCompile normal arm64 /Users/coryparry/Developer/Projects/Intents/FoundationEvals/FoundationEvals/Views/RunSummaryDashboard.swift (in target 'FoundationEvals' from project 'FoundationEvals')
    cd /Users/coryparry/Developer/Projects/Intents/FoundationEvals
    builtin-SwiftPerFileCompile RunSummaryDashboard.swift

SwiftCompile normal arm64 /Users/coryparry/Developer/Projects/Intents/FoundationEvals/FoundationEvals/Views/RunWorkflowPanel.swift (in target 'FoundationEvals' from project 'FoundationEvals')
    cd /Users/coryparry/Developer/Projects/Intents/FoundationEvals
    builtin-SwiftPerFileCompile RunWorkflowPanel.swift

SwiftCompile normal arm64 /Users/coryparry/Developer/Projects/Intents/FoundationEvals/FoundationEvals/Views/SampleTraceSection.swift (in target 'FoundationEvals' from project 'FoundationEvals')
    cd /Users/coryparry/Developer/Projects/Intents/FoundationEvals
    builtin-SwiftPerFileCompile SampleTraceSection.swift

SwiftCompile normal arm64 /Users/coryparry/Developer/Projects/Intents/FoundationEvals/FoundationEvals/Views/ScenarioEditorView.swift (in target 'FoundationEvals' from project 'FoundationEvals')
    cd /Users/coryparry/Developer/Projects/Intents/FoundationEvals
    builtin-SwiftPerFileCompile ScenarioEditorView.swift

SwiftCompile normal arm64 /Users/coryparry/Developer/Projects/Intents/FoundationEvals/FoundationEvals/Views/ScenarioReportPresentation.swift (in target 'FoundationEvals' from project 'FoundationEvals')
    cd /Users/coryparry/Developer/Projects/Intents/FoundationEvals
    builtin-SwiftPerFileCompile ScenarioReportPresentation.swift

SwiftCompile normal arm64 /Users/coryparry/Developer/Projects/Intents/FoundationEvals/FoundationEvals/Views/ScenarioReportView.swift (in target 'FoundationEvals' from project 'FoundationEvals')
    cd /Users/coryparry/Developer/Projects/Intents/FoundationEvals
    builtin-SwiftPerFileCompile ScenarioReportView.swift

SwiftCompile normal arm64 /Users/coryparry/Developer/Projects/Intents/FoundationEvals/FoundationEvals/Views/ScenarioReusableChecksView.swift (in target 'FoundationEvals' from project 'FoundationEvals')
    cd /Users/coryparry/Developer/Projects/Intents/FoundationEvals
    builtin-SwiftPerFileCompile ScenarioReusableChecksView.swift

SwiftCompile normal arm64 /Users/coryparry/Developer/Projects/Intents/FoundationEvals/FoundationEvals/Views/SpotlightSearchToolEditor.swift (in target 'FoundationEvals' from project 'FoundationEvals')
    cd /Users/coryparry/Developer/Projects/Intents/FoundationEvals
    builtin-SwiftPerFileCompile SpotlightSearchToolEditor.swift

SwiftCompile normal arm64 /Users/coryparry/Developer/Projects/Intents/FoundationEvals/FoundationEvals/Views/SpotlightSearchTraceView.swift (in target 'FoundationEvals' from project 'FoundationEvals')
    cd /Users/coryparry/Developer/Projects/Intents/FoundationEvals
    builtin-SwiftPerFileCompile SpotlightSearchTraceView.swift

SwiftCompile normal arm64 /Users/coryparry/Developer/Projects/Intents/FoundationEvals/FoundationEvals/Views/SuiteAutosaveObserver.swift (in target 'FoundationEvals' from project 'FoundationEvals')
    cd /Users/coryparry/Developer/Projects/Intents/FoundationEvals
    builtin-SwiftPerFileCompile SuiteAutosaveObserver.swift

SwiftCompile normal arm64 /Users/coryparry/Developer/Projects/Intents/FoundationEvals/FoundationEvals/Views/SuiteCasesView.swift (in target 'FoundationEvals' from project 'FoundationEvals')
    cd /Users/coryparry/Developer/Projects/Intents/FoundationEvals
    builtin-SwiftPerFileCompile SuiteCasesView.swift

SwiftCompile normal arm64 /Users/coryparry/Developer/Projects/Intents/FoundationEvals/FoundationEvals/Views/SuiteDashboardCards.swift (in target 'FoundationEvals' from project 'FoundationEvals')
    cd /Users/coryparry/Developer/Projects/Intents/FoundationEvals
    builtin-SwiftPerFileCompile SuiteDashboardCards.swift

SwiftCompile normal arm64 /Users/coryparry/Developer/Projects/Intents/FoundationEvals/FoundationEvals/Views/SuiteEditorChrome.swift (in target 'FoundationEvals' from project 'FoundationEvals')
    cd /Users/coryparry/Developer/Projects/Intents/FoundationEvals
    builtin-SwiftPerFileCompile SuiteEditorChrome.swift

SwiftCompile normal arm64 /Users/coryparry/Developer/Projects/Intents/FoundationEvals/FoundationEvals/Views/SuiteEditorView.swift (in target 'FoundationEvals' from project 'FoundationEvals')
    cd /Users/coryparry/Developer/Projects/Intents/FoundationEvals
    builtin-SwiftPerFileCompile SuiteEditorView.swift

SwiftCompile normal arm64 /Users/coryparry/Developer/Projects/Intents/FoundationEvals/FoundationEvals/Views/SuiteExperimentsView.swift (in target 'FoundationEvals' from project 'FoundationEvals')
    cd /Users/coryparry/Developer/Projects/Intents/FoundationEvals
    builtin-SwiftPerFileCompile SuiteExperimentsView.swift

SwiftCompile normal arm64 /Users/coryparry/Developer/Projects/Intents/FoundationEvals/FoundationEvals/Views/SuiteResultsView.swift (in target 'FoundationEvals' from project 'FoundationEvals')
    cd /Users/coryparry/Developer/Projects/Intents/FoundationEvals
    builtin-SwiftPerFileCompile SuiteResultsView.swift

/Users/coryparry/Developer/Projects/Intents/FoundationEvals/FoundationEvals/Views/ScenarioReportView.swift:256:48: warning: 'appendInterpolation' is deprecated: Localized string interpolation produces an unlocalized, debug description for this type of value. Use a type supported by LocalizedStringKey.StringInterpolation or initialize a LocalizedStringResource instead with an interpolated value that conforms to CustomLocalizedStringResourceConvertible. [#DeprecatedDeclaration]
254 |                             Text(display(result.observations[key])).font(.callout).textSelection(.enabled)
255 |                             if let source = result.observationSources?[key] {
256 |                                 Text("Source: \(source)").font(.caption).foregroundStyle(.secondary)
    |                                                `- warning: 'appendInterpolation' is deprecated: Localized string interpolation produces an unlocalized, debug description for this type of value. Use a type supported by LocalizedStringKey.StringInterpolation or initialize a LocalizedStringResource instead with an interpolated value that conforms to CustomLocalizedStringResourceConvertible. [#DeprecatedDeclaration]
257 |                             }
258 |                         }

[#DeprecatedDeclaration]: <https://docs.swift.org/compiler/documentation/diagnostics/deprecated-declaration>
SwiftDriverJobDiscovery normal arm64 Compiling DeveloperRunPresentation.swift, EvaluationSchemaEditor.swift, FeatureConfigurationSummary.swift, FeatureControlsView.swift, FeatureTraceSection.swift, FieldAssertionsEditor.swift, IntentLabSetupInstallerView.swift, IntentLabView.swift, JudgeConfigurationSection.swift, JudgeConnectionsSettingsView.swift, JudgeEvidenceSection.swift, LiveResponseSection.swift, MCPSettingsView.swift, ModelControlsSection.swift, ModelCustomizationSection.swift, NativeAutomationEvidenceView.swift, PromptTextEditor.swift, RunAnalysisSection.swift (in target 'FoundationEvals' from project 'FoundationEvals')

SwiftCompile normal arm64 Compiling\ EvaluationSchemaBuilder.swift,\ EvaluationSpotlightSearchRuntime.swift,\ EvaluationStarterPacks.swift,\ EvaluationWorkflowHTTPRequest.swift,\ EvaluationWorkflowRecorder.swift,\ EvaluationWorkspacePersistence.swift,\ FoundationEvalsMCPRuntime.swift,\ IntentLabProjectInstaller.swift,\ MCPStoreAuthority.swift,\ MetricScorer.swift,\ ModelContextSizeCache.swift,\ ModelExecutionConfiguration.swift,\ OpenStepProjectDocument.swift,\ QuickActionsRewriteService.swift,\ ReferenceLookupTool.swift,\ ScenarioComparison.swift,\ ScenarioCoordinator.swift,\ ScenarioExecutionRecovery.swift /Users/coryparry/Developer/Projects/Intents/FoundationEvals/FoundationEvals/Services/EvaluationSchemaBuilder.swift /Users/coryparry/Developer/Projects/Intents/FoundationEvals/FoundationEvals/Services/EvaluationSpotlightSearchRuntime.swift /Users/coryparry/Developer/Projects/Intents/FoundationEvals/FoundationEvals/Services/EvaluationStarterPacks.swift /Users/coryparry/Developer/Projects/Intents/FoundationEvals/FoundationEvals/Services/EvaluationWorkflowHTTPRequest.swift /Users/coryparry/Developer/Projects/Intents/FoundationEvals/FoundationEvals/Services/EvaluationWorkflowRecorder.swift /Users/coryparry/Developer/Projects/Intents/FoundationEvals/FoundationEvals/Services/EvaluationWorkspacePersistence.swift /Users/coryparry/Developer/Projects/Intents/FoundationEvals/FoundationEvals/Services/FoundationEvalsMCPRuntime.swift /Users/coryparry/Developer/Projects/Intents/FoundationEvals/FoundationEvals/Services/IntentLabProjectInstaller.swift /Users/coryparry/Developer/Projects/Intents/FoundationEvals/FoundationEvals/Services/MCPStoreAuthority.swift /Users/coryparry/Developer/Projects/Intents/FoundationEvals/FoundationEvals/Services/MetricScorer.swift /Users/coryparry/Developer/Projects/Intents/FoundationEvals/FoundationEvals/Services/ModelContextSizeCache.swift /Users/coryparry/Developer/Projects/Intents/FoundationEvals/FoundationEvals/Services/ModelExecutionConfiguration.swift /Users/coryparry/Developer/Projects/Intents/FoundationEvals/FoundationEvals/Services/OpenStepProjectDocument.swift /Users/coryparry/Developer/Projects/Intents/FoundationEvals/FoundationEvals/Services/QuickActionsRewriteService.swift /Users/coryparry/Developer/Projects/Intents/FoundationEvals/FoundationEvals/Services/ReferenceLookupTool.swift /Users/coryparry/Developer/Projects/Intents/FoundationEvals/FoundationEvals/Services/ScenarioComparison.swift /Users/coryparry/Developer/Projects/Intents/FoundationEvals/FoundationEvals/Services/ScenarioCoordinator.swift /Users/coryparry/Developer/Projects/Intents/FoundationEvals/FoundationEvals/Services/ScenarioExecutionRecovery.swift (in target 'FoundationEvals' from project 'FoundationEvals')

SwiftCompile normal arm64 /Users/coryparry/Developer/Projects/Intents/FoundationEvals/FoundationEvals/Services/EvaluationSchemaBuilder.swift (in target 'FoundationEvals' from project 'FoundationEvals')
    cd /Users/coryparry/Developer/Projects/Intents/FoundationEvals
    builtin-SwiftPerFileCompile EvaluationSchemaBuilder.swift

SwiftCompile normal arm64 /Users/coryparry/Developer/Projects/Intents/FoundationEvals/FoundationEvals/Services/EvaluationSpotlightSearchRuntime.swift (in target 'FoundationEvals' from project 'FoundationEvals')
    cd /Users/coryparry/Developer/Projects/Intents/FoundationEvals
    builtin-SwiftPerFileCompile EvaluationSpotlightSearchRuntime.swift

SwiftCompile normal arm64 /Users/coryparry/Developer/Projects/Intents/FoundationEvals/FoundationEvals/Services/EvaluationStarterPacks.swift (in target 'FoundationEvals' from project 'FoundationEvals')
    cd /Users/coryparry/Developer/Projects/Intents/FoundationEvals
    builtin-SwiftPerFileCompile EvaluationStarterPacks.swift

SwiftCompile normal arm64 /Users/coryparry/Developer/Projects/Intents/FoundationEvals/FoundationEvals/Services/EvaluationWorkflowHTTPRequest.swift (in target 'FoundationEvals' from project 'FoundationEvals')
    cd /Users/coryparry/Developer/Projects/Intents/FoundationEvals
    builtin-SwiftPerFileCompile EvaluationWorkflowHTTPRequest.swift

SwiftCompile normal arm64 /Users/coryparry/Developer/Projects/Intents/FoundationEvals/FoundationEvals/Services/EvaluationWorkflowRecorder.swift (in target 'FoundationEvals' from project 'FoundationEvals')
    cd /Users/coryparry/Developer/Projects/Intents/FoundationEvals
    builtin-SwiftPerFileCompile EvaluationWorkflowRecorder.swift

SwiftCompile normal arm64 /Users/coryparry/Developer/Projects/Intents/FoundationEvals/FoundationEvals/Services/EvaluationWorkspacePersistence.swift (in target 'FoundationEvals' from project 'FoundationEvals')
    cd /Users/coryparry/Developer/Projects/Intents/FoundationEvals
    builtin-SwiftPerFileCompile EvaluationWorkspacePersistence.swift

SwiftCompile normal arm64 /Users/coryparry/Developer/Projects/Intents/FoundationEvals/FoundationEvals/Services/FoundationEvalsMCPRuntime.swift (in target 'FoundationEvals' from project 'FoundationEvals')
    cd /Users/coryparry/Developer/Projects/Intents/FoundationEvals
    builtin-SwiftPerFileCompile FoundationEvalsMCPRuntime.swift

SwiftCompile normal arm64 /Users/coryparry/Developer/Projects/Intents/FoundationEvals/FoundationEvals/Services/IntentLabProjectInstaller.swift (in target 'FoundationEvals' from project 'FoundationEvals')
    cd /Users/coryparry/Developer/Projects/Intents/FoundationEvals
    builtin-SwiftPerFileCompile IntentLabProjectInstaller.swift

SwiftCompile normal arm64 /Users/coryparry/Developer/Projects/Intents/FoundationEvals/FoundationEvals/Services/MCPStoreAuthority.swift (in target 'FoundationEvals' from project 'FoundationEvals')
    cd /Users/coryparry/Developer/Projects/Intents/FoundationEvals
    builtin-SwiftPerFileCompile MCPStoreAuthority.swift

SwiftCompile normal arm64 /Users/coryparry/Developer/Projects/Intents/FoundationEvals/FoundationEvals/Services/MetricScorer.swift (in target 'FoundationEvals' from project 'FoundationEvals')
    cd /Users/coryparry/Developer/Projects/Intents/FoundationEvals
    builtin-SwiftPerFileCompile MetricScorer.swift

SwiftCompile normal arm64 /Users/coryparry/Developer/Projects/Intents/FoundationEvals/FoundationEvals/Services/ModelContextSizeCache.swift (in target 'FoundationEvals' from project 'FoundationEvals')
    cd /Users/coryparry/Developer/Projects/Intents/FoundationEvals
    builtin-SwiftPerFileCompile ModelContextSizeCache.swift

SwiftCompile normal arm64 /Users/coryparry/Developer/Projects/Intents/FoundationEvals/FoundationEvals/Services/ModelExecutionConfiguration.swift (in target 'FoundationEvals' from project 'FoundationEvals')
    cd /Users/coryparry/Developer/Projects/Intents/FoundationEvals
    builtin-SwiftPerFileCompile ModelExecutionConfiguration.swift

SwiftCompile normal arm64 /Users/coryparry/Developer/Projects/Intents/FoundationEvals/FoundationEvals/Services/OpenStepProjectDocument.swift (in target 'FoundationEvals' from project 'FoundationEvals')
    cd /Users/coryparry/Developer/Projects/Intents/FoundationEvals
    builtin-SwiftPerFileCompile OpenStepProjectDocument.swift

SwiftCompile normal arm64 /Users/coryparry/Developer/Projects/Intents/FoundationEvals/FoundationEvals/Services/QuickActionsRewriteService.swift (in target 'FoundationEvals' from project 'FoundationEvals')
    cd /Users/coryparry/Developer/Projects/Intents/FoundationEvals
    builtin-SwiftPerFileCompile QuickActionsRewriteService.swift

SwiftCompile normal arm64 /Users/coryparry/Developer/Projects/Intents/FoundationEvals/FoundationEvals/Services/ReferenceLookupTool.swift (in target 'FoundationEvals' from project 'FoundationEvals')
    cd /Users/coryparry/Developer/Projects/Intents/FoundationEvals
    builtin-SwiftPerFileCompile ReferenceLookupTool.swift

SwiftCompile normal arm64 /Users/coryparry/Developer/Projects/Intents/FoundationEvals/FoundationEvals/Services/ScenarioComparison.swift (in target 'FoundationEvals' from project 'FoundationEvals')
    cd /Users/coryparry/Developer/Projects/Intents/FoundationEvals
    builtin-SwiftPerFileCompile ScenarioComparison.swift

SwiftCompile normal arm64 /Users/coryparry/Developer/Projects/Intents/FoundationEvals/FoundationEvals/Services/ScenarioCoordinator.swift (in target 'FoundationEvals' from project 'FoundationEvals')
    cd /Users/coryparry/Developer/Projects/Intents/FoundationEvals
    builtin-SwiftPerFileCompile ScenarioCoordinator.swift

SwiftCompile normal arm64 /Users/coryparry/Developer/Projects/Intents/FoundationEvals/FoundationEvals/Services/ScenarioExecutionRecovery.swift (in target 'FoundationEvals' from project 'FoundationEvals')
    cd /Users/coryparry/Developer/Projects/Intents/FoundationEvals
    builtin-SwiftPerFileCompile ScenarioExecutionRecovery.swift

SwiftCompile normal arm64 Compiling\ QuickActionsPillPhaseLayout.swift,\ SolidTimelineBar.swift,\ WorkspaceIcon.swift,\ WorkspacePaneLayout.swift,\ WorkspaceStyle.swift,\ AccessibilitySelectionActions.swift,\ AppAutomationCapsuleView.swift,\ AppAutomationDateInput.swift,\ AppAutomationView.swift,\ AppleTestConnectionView.swift,\ AppSettingsView.swift,\ CaseImportView.swift,\ ConversationConfigurationEditor.swift,\ ConversationTraceSection.swift,\ CoreAIModelControls.swift,\ CustomProviderControls.swift,\ DeveloperDevicesView.swift,\ DeveloperIntegrationGuideView.swift /Users/coryparry/Developer/Projects/Intents/FoundationEvals/FoundationEvals/Views/Components/QuickActionsPillPhaseLayout.swift /Users/coryparry/Developer/Projects/Intents/FoundationEvals/FoundationEvals/Views/Components/SolidTimelineBar.swift /Users/coryparry/Developer/Projects/Intents/FoundationEvals/FoundationEvals/Views/Components/WorkspaceIcon.swift /Users/coryparry/Developer/Projects/Intents/FoundationEvals/FoundationEvals/Views/Components/WorkspacePaneLayout.swift /Users/coryparry/Developer/Projects/Intents/FoundationEvals/FoundationEvals/Views/Components/WorkspaceStyle.swift /Users/coryparry/Developer/Projects/Intents/FoundationEvals/FoundationEvals/Views/AccessibilitySelectionActions.swift /Users/coryparry/Developer/Projects/Intents/FoundationEvals/FoundationEvals/Views/AppAutomationCapsuleView.swift /Users/coryparry/Developer/Projects/Intents/FoundationEvals/FoundationEvals/Views/AppAutomationDateInput.swift /Users/coryparry/Developer/Projects/Intents/FoundationEvals/FoundationEvals/Views/AppAutomationView.swift /Users/coryparry/Developer/Projects/Intents/FoundationEvals/FoundationEvals/Views/AppleTestConnectionView.swift /Users/coryparry/Developer/Projects/Intents/FoundationEvals/FoundationEvals/Views/AppSettingsView.swift /Users/coryparry/Developer/Projects/Intents/FoundationEvals/FoundationEvals/Views/CaseImportView.swift /Users/coryparry/Developer/Projects/Intents/FoundationEvals/FoundationEvals/Views/ConversationConfigurationEditor.swift /Users/coryparry/Developer/Projects/Intents/FoundationEvals/FoundationEvals/Views/ConversationTraceSection.swift /Users/coryparry/Developer/Projects/Intents/FoundationEvals/FoundationEvals/Views/CoreAIModelControls.swift /Users/coryparry/Developer/Projects/Intents/FoundationEvals/FoundationEvals/Views/CustomProviderControls.swift /Users/coryparry/Developer/Projects/Intents/FoundationEvals/FoundationEvals/Views/DeveloperDevicesView.swift /Users/coryparry/Developer/Projects/Intents/FoundationEvals/FoundationEvals/Views/DeveloperIntegrationGuideView.swift (in target 'FoundationEvals' from project 'FoundationEvals')

SwiftCompile normal arm64 /Users/coryparry/Developer/Projects/Intents/FoundationEvals/FoundationEvals/Views/Components/QuickActionsPillPhaseLayout.swift (in target 'FoundationEvals' from project 'FoundationEvals')
    cd /Users/coryparry/Developer/Projects/Intents/FoundationEvals
    builtin-SwiftPerFileCompile QuickActionsPillPhaseLayout.swift

SwiftCompile normal arm64 /Users/coryparry/Developer/Projects/Intents/FoundationEvals/FoundationEvals/Views/Components/SolidTimelineBar.swift (in target 'FoundationEvals' from project 'FoundationEvals')
    cd /Users/coryparry/Developer/Projects/Intents/FoundationEvals
    builtin-SwiftPerFileCompile SolidTimelineBar.swift

SwiftCompile normal arm64 /Users/coryparry/Developer/Projects/Intents/FoundationEvals/FoundationEvals/Views/Components/WorkspaceIcon.swift (in target 'FoundationEvals' from project 'FoundationEvals')
    cd /Users/coryparry/Developer/Projects/Intents/FoundationEvals
    builtin-SwiftPerFileCompile WorkspaceIcon.swift

SwiftCompile normal arm64 /Users/coryparry/Developer/Projects/Intents/FoundationEvals/FoundationEvals/Views/Components/WorkspacePaneLayout.swift (in target 'FoundationEvals' from project 'FoundationEvals')
    cd /Users/coryparry/Developer/Projects/Intents/FoundationEvals
    builtin-SwiftPerFileCompile WorkspacePaneLayout.swift

SwiftCompile normal arm64 /Users/coryparry/Developer/Projects/Intents/FoundationEvals/FoundationEvals/Views/Components/WorkspaceStyle.swift (in target 'FoundationEvals' from project 'FoundationEvals')
    cd /Users/coryparry/Developer/Projects/Intents/FoundationEvals
    builtin-SwiftPerFileCompile WorkspaceStyle.swift

SwiftCompile normal arm64 /Users/coryparry/Developer/Projects/Intents/FoundationEvals/FoundationEvals/Views/AccessibilitySelectionActions.swift (in target 'FoundationEvals' from project 'FoundationEvals')
    cd /Users/coryparry/Developer/Projects/Intents/FoundationEvals
    builtin-SwiftPerFileCompile AccessibilitySelectionActions.swift

SwiftCompile normal arm64 /Users/coryparry/Developer/Projects/Intents/FoundationEvals/FoundationEvals/Views/AppAutomationCapsuleView.swift (in target 'FoundationEvals' from project 'FoundationEvals')
    cd /Users/coryparry/Developer/Projects/Intents/FoundationEvals
    builtin-SwiftPerFileCompile AppAutomationCapsuleView.swift

SwiftCompile normal arm64 /Users/coryparry/Developer/Projects/Intents/FoundationEvals/FoundationEvals/Views/AppAutomationDateInput.swift (in target 'FoundationEvals' from project 'FoundationEvals')
    cd /Users/coryparry/Developer/Projects/Intents/FoundationEvals
    builtin-SwiftPerFileCompile AppAutomationDateInput.swift

SwiftCompile normal arm64 /Users/coryparry/Developer/Projects/Intents/FoundationEvals/FoundationEvals/Views/AppAutomationView.swift (in target 'FoundationEvals' from project 'FoundationEvals')
    cd /Users/coryparry/Developer/Projects/Intents/FoundationEvals
    builtin-SwiftPerFileCompile AppAutomationView.swift

SwiftCompile normal arm64 /Users/coryparry/Developer/Projects/Intents/FoundationEvals/FoundationEvals/Views/AppleTestConnectionView.swift (in target 'FoundationEvals' from project 'FoundationEvals')
    cd /Users/coryparry/Developer/Projects/Intents/FoundationEvals
    builtin-SwiftPerFileCompile AppleTestConnectionView.swift

SwiftCompile normal arm64 /Users/coryparry/Developer/Projects/Intents/FoundationEvals/FoundationEvals/Views/AppSettingsView.swift (in target 'FoundationEvals' from project 'FoundationEvals')
    cd /Users/coryparry/Developer/Projects/Intents/FoundationEvals
    builtin-SwiftPerFileCompile AppSettingsView.swift

SwiftCompile normal arm64 /Users/coryparry/Developer/Projects/Intents/FoundationEvals/FoundationEvals/Views/CaseImportView.swift (in target 'FoundationEvals' from project 'FoundationEvals')
    cd /Users/coryparry/Developer/Projects/Intents/FoundationEvals
    builtin-SwiftPerFileCompile CaseImportView.swift

SwiftCompile normal arm64 /Users/coryparry/Developer/Projects/Intents/FoundationEvals/FoundationEvals/Views/ConversationConfigurationEditor.swift (in target 'FoundationEvals' from project 'FoundationEvals')
    cd /Users/coryparry/Developer/Projects/Intents/FoundationEvals
    builtin-SwiftPerFileCompile ConversationConfigurationEditor.swift

SwiftCompile normal arm64 /Users/coryparry/Developer/Projects/Intents/FoundationEvals/FoundationEvals/Views/ConversationTraceSection.swift (in target 'FoundationEvals' from project 'FoundationEvals')
    cd /Users/coryparry/Developer/Projects/Intents/FoundationEvals
    builtin-SwiftPerFileCompile ConversationTraceSection.swift

SwiftCompile normal arm64 /Users/coryparry/Developer/Projects/Intents/FoundationEvals/FoundationEvals/Views/CoreAIModelControls.swift (in target 'FoundationEvals' from project 'FoundationEvals')
    cd /Users/coryparry/Developer/Projects/Intents/FoundationEvals
    builtin-SwiftPerFileCompile CoreAIModelControls.swift

SwiftCompile normal arm64 /Users/coryparry/Developer/Projects/Intents/FoundationEvals/FoundationEvals/Views/CustomProviderControls.swift (in target 'FoundationEvals' from project 'FoundationEvals')
    cd /Users/coryparry/Developer/Projects/Intents/FoundationEvals
    builtin-SwiftPerFileCompile CustomProviderControls.swift

SwiftCompile normal arm64 /Users/coryparry/Developer/Projects/Intents/FoundationEvals/FoundationEvals/Views/DeveloperDevicesView.swift (in target 'FoundationEvals' from project 'FoundationEvals')
    cd /Users/coryparry/Developer/Projects/Intents/FoundationEvals
    builtin-SwiftPerFileCompile DeveloperDevicesView.swift

SwiftCompile normal arm64 /Users/coryparry/Developer/Projects/Intents/FoundationEvals/FoundationEvals/Views/DeveloperIntegrationGuideView.swift (in target 'FoundationEvals' from project 'FoundationEvals')
    cd /Users/coryparry/Developer/Projects/Intents/FoundationEvals
    builtin-SwiftPerFileCompile DeveloperIntegrationGuideView.swift

SwiftDriverJobDiscovery normal arm64 Compiling EvaluationSchemaBuilder.swift, EvaluationSpotlightSearchRuntime.swift, EvaluationStarterPacks.swift, EvaluationWorkflowHTTPRequest.swift, EvaluationWorkflowRecorder.swift, EvaluationWorkspacePersistence.swift, FoundationEvalsMCPRuntime.swift, IntentLabProjectInstaller.swift, MCPStoreAuthority.swift, MetricScorer.swift, ModelContextSizeCache.swift, ModelExecutionConfiguration.swift, OpenStepProjectDocument.swift, QuickActionsRewriteService.swift, ReferenceLookupTool.swift, ScenarioComparison.swift, ScenarioCoordinator.swift, ScenarioExecutionRecovery.swift (in target 'FoundationEvals' from project 'FoundationEvals')

SwiftCompile normal arm64 Compiling\ EvaluationJudgeTrace.swift,\ EvaluationLiveResponse.swift,\ EvaluationModelCustomization.swift,\ EvaluationModels.swift,\ EvaluationRefusalTrace.swift,\ EvaluationRunAnalysis.swift,\ EvaluationScoringTypes.swift,\ EvaluationSpotlightConfiguration.swift,\ EvaluationTranscriptTrace.swift,\ EvaluationVisionToolConfiguration.swift,\ EvaluationWorkflowTrace.swift,\ ScenarioModels.swift,\ WorkflowTimelineInterval.swift,\ WorkflowTracePresentation.swift,\ WorkspacePresentation.swift,\ CoreAIModelLoader.swift,\ EvaluationCaseImporter.swift,\ EvaluationCompatibleJudgeClient.swift /Users/coryparry/Developer/Projects/Intents/FoundationEvals/FoundationEvals/Models/EvaluationJudgeTrace.swift /Users/coryparry/Developer/Projects/Intents/FoundationEvals/FoundationEvals/Models/EvaluationLiveResponse.swift /Users/coryparry/Developer/Projects/Intents/FoundationEvals/FoundationEvals/Models/EvaluationModelCustomization.swift /Users/coryparry/Developer/Projects/Intents/FoundationEvals/FoundationEvals/Models/EvaluationModels.swift /Users/coryparry/Developer/Projects/Intents/FoundationEvals/FoundationEvals/Models/EvaluationRefusalTrace.swift /Users/coryparry/Developer/Projects/Intents/FoundationEvals/FoundationEvals/Models/EvaluationRunAnalysis.swift /Users/coryparry/Developer/Projects/Intents/FoundationEvals/FoundationEvals/Models/EvaluationScoringTypes.swift /Users/coryparry/Developer/Projects/Intents/FoundationEvals/FoundationEvals/Models/EvaluationSpotlightConfiguration.swift /Users/coryparry/Developer/Projects/Intents/FoundationEvals/FoundationEvals/Models/EvaluationTranscriptTrace.swift /Users/coryparry/Developer/Projects/Intents/FoundationEvals/FoundationEvals/Models/EvaluationVisionToolConfiguration.swift /Users/coryparry/Developer/Projects/Intents/FoundationEvals/FoundationEvals/Models/EvaluationWorkflowTrace.swift /Users/coryparry/Developer/Projects/Intents/FoundationEvals/FoundationEvals/Models/ScenarioModels.swift /Users/coryparry/Developer/Projects/Intents/FoundationEvals/FoundationEvals/Models/WorkflowTimelineInterval.swift /Users/coryparry/Developer/Projects/Intents/FoundationEvals/FoundationEvals/Models/WorkflowTracePresentation.swift /Users/coryparry/Developer/Projects/Intents/FoundationEvals/FoundationEvals/Models/WorkspacePresentation.swift /Users/coryparry/Developer/Projects/Intents/FoundationEvals/FoundationEvals/Services/CoreAIModelLoader.swift /Users/coryparry/Developer/Projects/Intents/FoundationEvals/FoundationEvals/Services/EvaluationCaseImporter.swift /Users/coryparry/Developer/Projects/Intents/FoundationEvals/FoundationEvals/Services/EvaluationCompatibleJudgeClient.swift (in target 'FoundationEvals' from project 'FoundationEvals')

SwiftCompile normal arm64 /Users/coryparry/Developer/Projects/Intents/FoundationEvals/FoundationEvals/Models/EvaluationJudgeTrace.swift (in target 'FoundationEvals' from project 'FoundationEvals')
    cd /Users/coryparry/Developer/Projects/Intents/FoundationEvals
    builtin-SwiftPerFileCompile EvaluationJudgeTrace.swift

SwiftCompile normal arm64 /Users/coryparry/Developer/Projects/Intents/FoundationEvals/FoundationEvals/Models/EvaluationLiveResponse.swift (in target 'FoundationEvals' from project 'FoundationEvals')
    cd /Users/coryparry/Developer/Projects/Intents/FoundationEvals
    builtin-SwiftPerFileCompile EvaluationLiveResponse.swift

SwiftCompile normal arm64 /Users/coryparry/Developer/Projects/Intents/FoundationEvals/FoundationEvals/Models/EvaluationModelCustomization.swift (in target 'FoundationEvals' from project 'FoundationEvals')
    cd /Users/coryparry/Developer/Projects/Intents/FoundationEvals
    builtin-SwiftPerFileCompile EvaluationModelCustomization.swift

SwiftCompile normal arm64 /Users/coryparry/Developer/Projects/Intents/FoundationEvals/FoundationEvals/Models/EvaluationModels.swift (in target 'FoundationEvals' from project 'FoundationEvals')
    cd /Users/coryparry/Developer/Projects/Intents/FoundationEvals
    builtin-SwiftPerFileCompile EvaluationModels.swift

SwiftCompile normal arm64 /Users/coryparry/Developer/Projects/Intents/FoundationEvals/FoundationEvals/Models/EvaluationRefusalTrace.swift (in target 'FoundationEvals' from project 'FoundationEvals')
    cd /Users/coryparry/Developer/Projects/Intents/FoundationEvals
    builtin-SwiftPerFileCompile EvaluationRefusalTrace.swift

SwiftCompile normal arm64 /Users/coryparry/Developer/Projects/Intents/FoundationEvals/FoundationEvals/Models/EvaluationRunAnalysis.swift (in target 'FoundationEvals' from project 'FoundationEvals')
    cd /Users/coryparry/Developer/Projects/Intents/FoundationEvals
    builtin-SwiftPerFileCompile EvaluationRunAnalysis.swift

SwiftCompile normal arm64 /Users/coryparry/Developer/Projects/Intents/FoundationEvals/FoundationEvals/Models/EvaluationScoringTypes.swift (in target 'FoundationEvals' from project 'FoundationEvals')
    cd /Users/coryparry/Developer/Projects/Intents/FoundationEvals
    builtin-SwiftPerFileCompile EvaluationScoringTypes.swift

SwiftCompile normal arm64 /Users/coryparry/Developer/Projects/Intents/FoundationEvals/FoundationEvals/Models/EvaluationSpotlightConfiguration.swift (in target 'FoundationEvals' from project 'FoundationEvals')
    cd /Users/coryparry/Developer/Projects/Intents/FoundationEvals
    builtin-SwiftPerFileCompile EvaluationSpotlightConfiguration.swift

SwiftCompile normal arm64 /Users/coryparry/Developer/Projects/Intents/FoundationEvals/FoundationEvals/Models/EvaluationTranscriptTrace.swift (in target 'FoundationEvals' from project 'FoundationEvals')
    cd /Users/coryparry/Developer/Projects/Intents/FoundationEvals
    builtin-SwiftPerFileCompile EvaluationTranscriptTrace.swift

SwiftCompile normal arm64 /Users/coryparry/Developer/Projects/Intents/FoundationEvals/FoundationEvals/Models/EvaluationVisionToolConfiguration.swift (in target 'FoundationEvals' from project 'FoundationEvals')
    cd /Users/coryparry/Developer/Projects/Intents/FoundationEvals
    builtin-SwiftPerFileCompile EvaluationVisionToolConfiguration.swift

SwiftCompile normal arm64 /Users/coryparry/Developer/Projects/Intents/FoundationEvals/FoundationEvals/Models/EvaluationWorkflowTrace.swift (in target 'FoundationEvals' from project 'FoundationEvals')
    cd /Users/coryparry/Developer/Projects/Intents/FoundationEvals
    builtin-SwiftPerFileCompile EvaluationWorkflowTrace.swift

SwiftCompile normal arm64 /Users/coryparry/Developer/Projects/Intents/FoundationEvals/FoundationEvals/Models/ScenarioModels.swift (in target 'FoundationEvals' from project 'FoundationEvals')
    cd /Users/coryparry/Developer/Projects/Intents/FoundationEvals
    builtin-SwiftPerFileCompile ScenarioModels.swift

SwiftCompile normal arm64 /Users/coryparry/Developer/Projects/Intents/FoundationEvals/FoundationEvals/Models/WorkflowTimelineInterval.swift (in target 'FoundationEvals' from project 'FoundationEvals')
    cd /Users/coryparry/Developer/Projects/Intents/FoundationEvals
    builtin-SwiftPerFileCompile WorkflowTimelineInterval.swift

SwiftCompile normal arm64 /Users/coryparry/Developer/Projects/Intents/FoundationEvals/FoundationEvals/Models/WorkflowTracePresentation.swift (in target 'FoundationEvals' from project 'FoundationEvals')
    cd /Users/coryparry/Developer/Projects/Intents/FoundationEvals
    builtin-SwiftPerFileCompile WorkflowTracePresentation.swift

SwiftCompile normal arm64 /Users/coryparry/Developer/Projects/Intents/FoundationEvals/FoundationEvals/Models/WorkspacePresentation.swift (in target 'FoundationEvals' from project 'FoundationEvals')
    cd /Users/coryparry/Developer/Projects/Intents/FoundationEvals
    builtin-SwiftPerFileCompile WorkspacePresentation.swift

SwiftCompile normal arm64 /Users/coryparry/Developer/Projects/Intents/FoundationEvals/FoundationEvals/Services/CoreAIModelLoader.swift (in target 'FoundationEvals' from project 'FoundationEvals')
    cd /Users/coryparry/Developer/Projects/Intents/FoundationEvals
    builtin-SwiftPerFileCompile CoreAIModelLoader.swift

SwiftCompile normal arm64 /Users/coryparry/Developer/Projects/Intents/FoundationEvals/FoundationEvals/Services/EvaluationCaseImporter.swift (in target 'FoundationEvals' from project 'FoundationEvals')
    cd /Users/coryparry/Developer/Projects/Intents/FoundationEvals
    builtin-SwiftPerFileCompile EvaluationCaseImporter.swift

SwiftCompile normal arm64 /Users/coryparry/Developer/Projects/Intents/FoundationEvals/FoundationEvals/Services/EvaluationCompatibleJudgeClient.swift (in target 'FoundationEvals' from project 'FoundationEvals')
    cd /Users/coryparry/Developer/Projects/Intents/FoundationEvals
    builtin-SwiftPerFileCompile EvaluationCompatibleJudgeClient.swift

SwiftDriverJobDiscovery normal arm64 Compiling RunDetailView.swift, RunReportSummary.swift, RunSummaryDashboard.swift, RunWorkflowPanel.swift, SampleTraceSection.swift, ScenarioEditorView.swift, ScenarioReportPresentation.swift, ScenarioReportView.swift, ScenarioReusableChecksView.swift, SpotlightSearchToolEditor.swift, SpotlightSearchTraceView.swift, SuiteAutosaveObserver.swift, SuiteCasesView.swift, SuiteDashboardCards.swift, SuiteEditorChrome.swift, SuiteEditorView.swift, SuiteExperimentsView.swift, SuiteResultsView.swift (in target 'FoundationEvals' from project 'FoundationEvals')

SwiftCompile normal arm64 Compiling\ ScenarioFeatureEvidence.swift,\ ScenarioPersistence.swift,\ ScenarioPersistence+AutomationEvidence.swift,\ ScenarioPhysicalRunnerLease.swift,\ ScenarioResponseAssessmentService.swift,\ ScenarioRunnerReceiptImporter.swift,\ ScenarioSuggestionService.swift,\ ScenarioValidation.swift,\ TelemetryController.swift,\ TelemetryTransport.swift,\ WorkspaceOverviewLoader.swift,\ XcodeConnectionDiscovery.swift,\ XcodeTestExecutor.swift,\ XCTestEvidenceImporter.swift,\ XCTestRunInvocationTransport.swift,\ AppAutomationStore.swift,\ AutomationNativeApplicationSelection.swift,\ AutomationNativeEntitySelection.swift /Users/coryparry/Developer/Projects/Intents/FoundationEvals/FoundationEvals/Services/ScenarioFeatureEvidence.swift /Users/coryparry/Developer/Projects/Intents/FoundationEvals/FoundationEvals/Services/ScenarioPersistence.swift /Users/coryparry/Developer/Projects/Intents/FoundationEvals/FoundationEvals/Services/ScenarioPersistence+AutomationEvidence.swift /Users/coryparry/Developer/Projects/Intents/FoundationEvals/FoundationEvals/Services/ScenarioPhysicalRunnerLease.swift /Users/coryparry/Developer/Projects/Intents/FoundationEvals/FoundationEvals/Services/ScenarioResponseAssessmentService.swift /Users/coryparry/Developer/Projects/Intents/FoundationEvals/FoundationEvals/Services/ScenarioRunnerReceiptImporter.swift /Users/coryparry/Developer/Projects/Intents/FoundationEvals/FoundationEvals/Services/ScenarioSuggestionService.swift /Users/coryparry/Developer/Projects/Intents/FoundationEvals/FoundationEvals/Services/ScenarioValidation.swift /Users/coryparry/Developer/Projects/Intents/FoundationEvals/FoundationEvals/Services/TelemetryController.swift /Users/coryparry/Developer/Projects/Intents/FoundationEvals/FoundationEvals/Services/TelemetryTransport.swift /Users/coryparry/Developer/Projects/Intents/FoundationEvals/FoundationEvals/Services/WorkspaceOverviewLoader.swift /Users/coryparry/Developer/Projects/Intents/FoundationEvals/FoundationEvals/Services/XcodeConnectionDiscovery.swift /Users/coryparry/Developer/Projects/Intents/FoundationEvals/FoundationEvals/Services/XcodeTestExecutor.swift /Users/coryparry/Developer/Projects/Intents/FoundationEvals/FoundationEvals/Services/XCTestEvidenceImporter.swift /Users/coryparry/Developer/Projects/Intents/FoundationEvals/FoundationEvals/Services/XCTestRunInvocationTransport.swift /Users/coryparry/Developer/Projects/Intents/FoundationEvals/FoundationEvals/Stores/AppAutomationStore.swift /Users/coryparry/Developer/Projects/Intents/FoundationEvals/FoundationEvals/Stores/AutomationNativeApplicationSelection.swift /Users/coryparry/Developer/Projects/Intents/FoundationEvals/FoundationEvals/Stores/AutomationNativeEntitySelection.swift (in target 'FoundationEvals' from project 'FoundationEvals')

SwiftCompile normal arm64 /Users/coryparry/Developer/Projects/Intents/FoundationEvals/FoundationEvals/Services/ScenarioFeatureEvidence.swift (in target 'FoundationEvals' from project 'FoundationEvals')
    cd /Users/coryparry/Developer/Projects/Intents/FoundationEvals
    builtin-SwiftPerFileCompile ScenarioFeatureEvidence.swift

SwiftCompile normal arm64 /Users/coryparry/Developer/Projects/Intents/FoundationEvals/FoundationEvals/Services/ScenarioPersistence.swift (in target 'FoundationEvals' from project 'FoundationEvals')
    cd /Users/coryparry/Developer/Projects/Intents/FoundationEvals
    builtin-SwiftPerFileCompile ScenarioPersistence.swift

SwiftCompile normal arm64 /Users/coryparry/Developer/Projects/Intents/FoundationEvals/FoundationEvals/Services/ScenarioPersistence+AutomationEvidence.swift (in target 'FoundationEvals' from project 'FoundationEvals')
    cd /Users/coryparry/Developer/Projects/Intents/FoundationEvals
    builtin-SwiftPerFileCompile ScenarioPersistence+AutomationEvidence.swift

SwiftCompile normal arm64 /Users/coryparry/Developer/Projects/Intents/FoundationEvals/FoundationEvals/Services/ScenarioPhysicalRunnerLease.swift (in target 'FoundationEvals' from project 'FoundationEvals')
    cd /Users/coryparry/Developer/Projects/Intents/FoundationEvals
    builtin-SwiftPerFileCompile ScenarioPhysicalRunnerLease.swift

SwiftCompile normal arm64 /Users/coryparry/Developer/Projects/Intents/FoundationEvals/FoundationEvals/Services/ScenarioResponseAssessmentService.swift (in target 'FoundationEvals' from project 'FoundationEvals')
    cd /Users/coryparry/Developer/Projects/Intents/FoundationEvals
    builtin-SwiftPerFileCompile ScenarioResponseAssessmentService.swift

SwiftCompile normal arm64 /Users/coryparry/Developer/Projects/Intents/FoundationEvals/FoundationEvals/Services/ScenarioRunnerReceiptImporter.swift (in target 'FoundationEvals' from project 'FoundationEvals')
    cd /Users/coryparry/Developer/Projects/Intents/FoundationEvals
    builtin-SwiftPerFileCompile ScenarioRunnerReceiptImporter.swift

SwiftCompile normal arm64 /Users/coryparry/Developer/Projects/Intents/FoundationEvals/FoundationEvals/Services/ScenarioSuggestionService.swift (in target 'FoundationEvals' from project 'FoundationEvals')
    cd /Users/coryparry/Developer/Projects/Intents/FoundationEvals
    builtin-SwiftPerFileCompile ScenarioSuggestionService.swift

SwiftCompile normal arm64 /Users/coryparry/Developer/Projects/Intents/FoundationEvals/FoundationEvals/Services/ScenarioValidation.swift (in target 'FoundationEvals' from project 'FoundationEvals')
    cd /Users/coryparry/Developer/Projects/Intents/FoundationEvals
    builtin-SwiftPerFileCompile ScenarioValidation.swift

SwiftCompile normal arm64 /Users/coryparry/Developer/Projects/Intents/FoundationEvals/FoundationEvals/Services/TelemetryController.swift (in target 'FoundationEvals' from project 'FoundationEvals')
    cd /Users/coryparry/Developer/Projects/Intents/FoundationEvals
    builtin-SwiftPerFileCompile TelemetryController.swift

SwiftCompile normal arm64 /Users/coryparry/Developer/Projects/Intents/FoundationEvals/FoundationEvals/Services/TelemetryTransport.swift (in target 'FoundationEvals' from project 'FoundationEvals')
    cd /Users/coryparry/Developer/Projects/Intents/FoundationEvals
    builtin-SwiftPerFileCompile TelemetryTransport.swift

SwiftCompile normal arm64 /Users/coryparry/Developer/Projects/Intents/FoundationEvals/FoundationEvals/Services/WorkspaceOverviewLoader.swift (in target 'FoundationEvals' from project 'FoundationEvals')
    cd /Users/coryparry/Developer/Projects/Intents/FoundationEvals
    builtin-SwiftPerFileCompile WorkspaceOverviewLoader.swift

SwiftCompile normal arm64 /Users/coryparry/Developer/Projects/Intents/FoundationEvals/FoundationEvals/Services/XcodeConnectionDiscovery.swift (in target 'FoundationEvals' from project 'FoundationEvals')
    cd /Users/coryparry/Developer/Projects/Intents/FoundationEvals
    builtin-SwiftPerFileCompile XcodeConnectionDiscovery.swift

SwiftCompile normal arm64 /Users/coryparry/Developer/Projects/Intents/FoundationEvals/FoundationEvals/Services/XcodeTestExecutor.swift (in target 'FoundationEvals' from project 'FoundationEvals')
    cd /Users/coryparry/Developer/Projects/Intents/FoundationEvals
    builtin-SwiftPerFileCompile XcodeTestExecutor.swift

SwiftCompile normal arm64 /Users/coryparry/Developer/Projects/Intents/FoundationEvals/FoundationEvals/Services/XCTestEvidenceImporter.swift (in target 'FoundationEvals' from project 'FoundationEvals')
    cd /Users/coryparry/Developer/Projects/Intents/FoundationEvals
    builtin-SwiftPerFileCompile XCTestEvidenceImporter.swift

SwiftCompile normal arm64 /Users/coryparry/Developer/Projects/Intents/FoundationEvals/FoundationEvals/Services/XCTestRunInvocationTransport.swift (in target 'FoundationEvals' from project 'FoundationEvals')
    cd /Users/coryparry/Developer/Projects/Intents/FoundationEvals
    builtin-SwiftPerFileCompile XCTestRunInvocationTransport.swift

SwiftCompile normal arm64 /Users/coryparry/Developer/Projects/Intents/FoundationEvals/FoundationEvals/Stores/AppAutomationStore.swift (in target 'FoundationEvals' from project 'FoundationEvals')
    cd /Users/coryparry/Developer/Projects/Intents/FoundationEvals
    builtin-SwiftPerFileCompile AppAutomationStore.swift

SwiftCompile normal arm64 /Users/coryparry/Developer/Projects/Intents/FoundationEvals/FoundationEvals/Stores/AutomationNativeApplicationSelection.swift (in target 'FoundationEvals' from project 'FoundationEvals')
    cd /Users/coryparry/Developer/Projects/Intents/FoundationEvals
    builtin-SwiftPerFileCompile AutomationNativeApplicationSelection.swift

SwiftCompile normal arm64 /Users/coryparry/Developer/Projects/Intents/FoundationEvals/FoundationEvals/Stores/AutomationNativeEntitySelection.swift (in target 'FoundationEvals' from project 'FoundationEvals')
    cd /Users/coryparry/Developer/Projects/Intents/FoundationEvals
    builtin-SwiftPerFileCompile AutomationNativeEntitySelection.swift

SwiftDriverJobDiscovery normal arm64 Compiling QuickActionsPillPhaseLayout.swift, SolidTimelineBar.swift, WorkspaceIcon.swift, WorkspacePaneLayout.swift, WorkspaceStyle.swift, AccessibilitySelectionActions.swift, AppAutomationCapsuleView.swift, AppAutomationDateInput.swift, AppAutomationView.swift, AppleTestConnectionView.swift, AppSettingsView.swift, CaseImportView.swift, ConversationConfigurationEditor.swift, ConversationTraceSection.swift, CoreAIModelControls.swift, CustomProviderControls.swift, DeveloperDevicesView.swift, DeveloperIntegrationGuideView.swift (in target 'FoundationEvals' from project 'FoundationEvals')

SwiftCompile normal arm64 Compiling\ SuiteRunControls.swift,\ TelemetrySettingsView.swift,\ TranscriptFeedbackSection.swift,\ VisionToolControls.swift,\ WorkflowSpanDetail.swift,\ WorkflowTraceView.swift,\ WorkspaceDashboardPanels.swift,\ WorkspaceDashboardPreviews.swift,\ WorkspaceManagerView.swift,\ WorkspaceOverviewView.swift,\ WorkspaceResetControl.swift,\ WorkspaceSidebar.swift,\ WorkspaceSidebarRows.swift,\ ContentView.swift,\ FoundationEvalsApp.swift,\ DeveloperRunnerView.swift,\ GeneratedAssetSymbols.swift /Users/coryparry/Developer/Projects/Intents/FoundationEvals/FoundationEvals/Views/SuiteRunControls.swift /Users/coryparry/Developer/Projects/Intents/FoundationEvals/FoundationEvals/Views/TelemetrySettingsView.swift /Users/coryparry/Developer/Projects/Intents/FoundationEvals/FoundationEvals/Views/TranscriptFeedbackSection.swift /Users/coryparry/Developer/Projects/Intents/FoundationEvals/FoundationEvals/Views/VisionToolControls.swift /Users/coryparry/Developer/Projects/Intents/FoundationEvals/FoundationEvals/Views/WorkflowSpanDetail.swift /Users/coryparry/Developer/Projects/Intents/FoundationEvals/FoundationEvals/Views/WorkflowTraceView.swift /Users/coryparry/Developer/Projects/Intents/FoundationEvals/FoundationEvals/Views/WorkspaceDashboardPanels.swift /Users/coryparry/Developer/Projects/Intents/FoundationEvals/FoundationEvals/Views/WorkspaceDashboardPreviews.swift /Users/coryparry/Developer/Projects/Intents/FoundationEvals/FoundationEvals/Views/WorkspaceManagerView.swift /Users/coryparry/Developer/Projects/Intents/FoundationEvals/FoundationEvals/Views/WorkspaceOverviewView.swift /Users/coryparry/Developer/Projects/Intents/FoundationEvals/FoundationEvals/Views/WorkspaceResetControl.swift /Users/coryparry/Developer/Projects/Intents/FoundationEvals/FoundationEvals/Views/WorkspaceSidebar.swift /Users/coryparry/Developer/Projects/Intents/FoundationEvals/FoundationEvals/Views/WorkspaceSidebarRows.swift /Users/coryparry/Developer/Projects/Intents/FoundationEvals/FoundationEvals/ContentView.swift /Users/coryparry/Developer/Projects/Intents/FoundationEvals/FoundationEvals/FoundationEvalsApp.swift /Users/coryparry/Developer/Projects/Intents/Sources/FoundationEvalsDeveloper/DeveloperRunnerView.swift /tmp/intents-automation-native-saved-build1/Build/Intermediates.noindex/FoundationEvals.build/Debug/FoundationEvals.build/DerivedSources/GeneratedAssetSymbols.swift (in target 'FoundationEvals' from project 'FoundationEvals')

SwiftCompile normal arm64 /Users/coryparry/Developer/Projects/Intents/FoundationEvals/FoundationEvals/Views/SuiteRunControls.swift (in target 'FoundationEvals' from project 'FoundationEvals')
    cd /Users/coryparry/Developer/Projects/Intents/FoundationEvals
    builtin-SwiftPerFileCompile SuiteRunControls.swift

SwiftCompile normal arm64 /Users/coryparry/Developer/Projects/Intents/FoundationEvals/FoundationEvals/Views/TelemetrySettingsView.swift (in target 'FoundationEvals' from project 'FoundationEvals')
    cd /Users/coryparry/Developer/Projects/Intents/FoundationEvals
    builtin-SwiftPerFileCompile TelemetrySettingsView.swift

SwiftCompile normal arm64 /Users/coryparry/Developer/Projects/Intents/FoundationEvals/FoundationEvals/Views/TranscriptFeedbackSection.swift (in target 'FoundationEvals' from project 'FoundationEvals')
    cd /Users/coryparry/Developer/Projects/Intents/FoundationEvals
    builtin-SwiftPerFileCompile TranscriptFeedbackSection.swift

SwiftCompile normal arm64 /Users/coryparry/Developer/Projects/Intents/FoundationEvals/FoundationEvals/Views/VisionToolControls.swift (in target 'FoundationEvals' from project 'FoundationEvals')
    cd /Users/coryparry/Developer/Projects/Intents/FoundationEvals
    builtin-SwiftPerFileCompile VisionToolControls.swift

SwiftCompile normal arm64 /Users/coryparry/Developer/Projects/Intents/FoundationEvals/FoundationEvals/Views/WorkflowSpanDetail.swift (in target 'FoundationEvals' from project 'FoundationEvals')
    cd /Users/coryparry/Developer/Projects/Intents/FoundationEvals
    builtin-SwiftPerFileCompile WorkflowSpanDetail.swift

SwiftCompile normal arm64 /Users/coryparry/Developer/Projects/Intents/FoundationEvals/FoundationEvals/Views/WorkflowTraceView.swift (in target 'FoundationEvals' from project 'FoundationEvals')
    cd /Users/coryparry/Developer/Projects/Intents/FoundationEvals
    builtin-SwiftPerFileCompile WorkflowTraceView.swift

SwiftCompile normal arm64 /Users/coryparry/Developer/Projects/Intents/FoundationEvals/FoundationEvals/Views/WorkspaceDashboardPanels.swift (in target 'FoundationEvals' from project 'FoundationEvals')
    cd /Users/coryparry/Developer/Projects/Intents/FoundationEvals
    builtin-SwiftPerFileCompile WorkspaceDashboardPanels.swift

SwiftCompile normal arm64 /Users/coryparry/Developer/Projects/Intents/FoundationEvals/FoundationEvals/Views/WorkspaceDashboardPreviews.swift (in target 'FoundationEvals' from project 'FoundationEvals')
    cd /Users/coryparry/Developer/Projects/Intents/FoundationEvals
    builtin-SwiftPerFileCompile WorkspaceDashboardPreviews.swift

SwiftCompile normal arm64 /Users/coryparry/Developer/Projects/Intents/FoundationEvals/FoundationEvals/Views/WorkspaceManagerView.swift (in target 'FoundationEvals' from project 'FoundationEvals')
    cd /Users/coryparry/Developer/Projects/Intents/FoundationEvals
    builtin-SwiftPerFileCompile WorkspaceManagerView.swift

SwiftCompile normal arm64 /Users/coryparry/Developer/Projects/Intents/FoundationEvals/FoundationEvals/Views/WorkspaceOverviewView.swift (in target 'FoundationEvals' from project 'FoundationEvals')
    cd /Users/coryparry/Developer/Projects/Intents/FoundationEvals
    builtin-SwiftPerFileCompile WorkspaceOverviewView.swift

SwiftCompile normal arm64 /Users/coryparry/Developer/Projects/Intents/FoundationEvals/FoundationEvals/Views/WorkspaceResetControl.swift (in target 'FoundationEvals' from project 'FoundationEvals')
    cd /Users/coryparry/Developer/Projects/Intents/FoundationEvals
    builtin-SwiftPerFileCompile WorkspaceResetControl.swift

SwiftCompile normal arm64 /Users/coryparry/Developer/Projects/Intents/FoundationEvals/FoundationEvals/Views/WorkspaceSidebar.swift (in target 'FoundationEvals' from project 'FoundationEvals')
    cd /Users/coryparry/Developer/Projects/Intents/FoundationEvals
    builtin-SwiftPerFileCompile WorkspaceSidebar.swift

SwiftCompile normal arm64 /Users/coryparry/Developer/Projects/Intents/FoundationEvals/FoundationEvals/Views/WorkspaceSidebarRows.swift (in target 'FoundationEvals' from project 'FoundationEvals')
    cd /Users/coryparry/Developer/Projects/Intents/FoundationEvals
    builtin-SwiftPerFileCompile WorkspaceSidebarRows.swift

SwiftCompile normal arm64 /Users/coryparry/Developer/Projects/Intents/FoundationEvals/FoundationEvals/ContentView.swift (in target 'FoundationEvals' from project 'FoundationEvals')
    cd /Users/coryparry/Developer/Projects/Intents/FoundationEvals
    builtin-SwiftPerFileCompile ContentView.swift

SwiftCompile normal arm64 /Users/coryparry/Developer/Projects/Intents/FoundationEvals/FoundationEvals/FoundationEvalsApp.swift (in target 'FoundationEvals' from project 'FoundationEvals')
    cd /Users/coryparry/Developer/Projects/Intents/FoundationEvals
    builtin-SwiftPerFileCompile FoundationEvalsApp.swift

SwiftCompile normal arm64 /Users/coryparry/Developer/Projects/Intents/Sources/FoundationEvalsDeveloper/DeveloperRunnerView.swift (in target 'FoundationEvals' from project 'FoundationEvals')
    cd /Users/coryparry/Developer/Projects/Intents/FoundationEvals
    builtin-SwiftPerFileCompile DeveloperRunnerView.swift

SwiftCompile normal arm64 /tmp/intents-automation-native-saved-build1/Build/Intermediates.noindex/FoundationEvals.build/Debug/FoundationEvals.build/DerivedSources/GeneratedAssetSymbols.swift (in target 'FoundationEvals' from project 'FoundationEvals')
    cd /Users/coryparry/Developer/Projects/Intents/FoundationEvals
    builtin-SwiftPerFileCompile GeneratedAssetSymbols.swift

SwiftDriverJobDiscovery normal arm64 Compiling EvaluationJudgeTrace.swift, EvaluationLiveResponse.swift, EvaluationModelCustomization.swift, EvaluationModels.swift, EvaluationRefusalTrace.swift, EvaluationRunAnalysis.swift, EvaluationScoringTypes.swift, EvaluationSpotlightConfiguration.swift, EvaluationTranscriptTrace.swift, EvaluationVisionToolConfiguration.swift, EvaluationWorkflowTrace.swift, ScenarioModels.swift, WorkflowTimelineInterval.swift, WorkflowTracePresentation.swift, WorkspacePresentation.swift, CoreAIModelLoader.swift, EvaluationCaseImporter.swift, EvaluationCompatibleJudgeClient.swift (in target 'FoundationEvals' from project 'FoundationEvals')

SwiftCompile normal arm64 Compiling\ DeveloperProtocol.swift,\ DeveloperFeatureRegistry.swift,\ DeveloperRunnerHostEngine.swift,\ DeveloperRunnerIdentity+Current.swift,\ DeveloperRunnerService.swift,\ DeveloperRunnerClient.swift,\ CodexMCPInstaller.swift,\ MCPSettingsController.swift,\ MCPJSON.swift,\ MCPProtocolHandler.swift,\ MCPServer.swift,\ MCPToolCatalog.swift,\ DevelopmentWorkflowModels.swift,\ EvaluationBuiltinToolTrace.swift,\ EvaluationConversation.swift,\ EvaluationCoreAIConfiguration.swift,\ EvaluationFeatureConfiguration.swift,\ EvaluationFieldAssertion.swift /Users/coryparry/Developer/Projects/Intents/Sources/FoundationEvalsDeveloper/DeveloperProtocol.swift /Users/coryparry/Developer/Projects/Intents/Sources/FoundationEvalsDeveloper/DeveloperFeatureRegistry.swift /Users/coryparry/Developer/Projects/Intents/Sources/FoundationEvalsDeveloper/DeveloperRunnerHostEngine.swift /Users/coryparry/Developer/Projects/Intents/Sources/FoundationEvalsDeveloper/DeveloperRunnerIdentity+Current.swift /Users/coryparry/Developer/Projects/Intents/Sources/FoundationEvalsDeveloper/DeveloperRunnerService.swift /Users/coryparry/Developer/Projects/Intents/Sources/FoundationEvalsDeveloper/DeveloperRunnerClient.swift /Users/coryparry/Developer/Projects/Intents/FoundationEvals/FoundationEvals/MCP/Installer/CodexMCPInstaller.swift /Users/coryparry/Developer/Projects/Intents/FoundationEvals/FoundationEvals/MCP/Installer/MCPSettingsController.swift /Users/coryparry/Developer/Projects/Intents/FoundationEvals/FoundationEvals/MCP/MCPJSON.swift /Users/coryparry/Developer/Projects/Intents/FoundationEvals/FoundationEvals/MCP/MCPProtocolHandler.swift /Users/coryparry/Developer/Projects/Intents/FoundationEvals/FoundationEvals/MCP/MCPServer.swift /Users/coryparry/Developer/Projects/Intents/FoundationEvals/FoundationEvals/MCP/MCPToolCatalog.swift /Users/coryparry/Developer/Projects/Intents/FoundationEvals/FoundationEvals/Models/DevelopmentWorkflowModels.swift /Users/coryparry/Developer/Projects/Intents/FoundationEvals/FoundationEvals/Models/EvaluationBuiltinToolTrace.swift /Users/coryparry/Developer/Projects/Intents/FoundationEvals/FoundationEvals/Models/EvaluationConversation.swift /Users/coryparry/Developer/Projects/Intents/FoundationEvals/FoundationEvals/Models/EvaluationCoreAIConfiguration.swift /Users/coryparry/Developer/Projects/Intents/FoundationEvals/FoundationEvals/Models/EvaluationFeatureConfiguration.swift /Users/coryparry/Developer/Projects/Intents/FoundationEvals/FoundationEvals/Models/EvaluationFieldAssertion.swift (in target 'FoundationEvals' from project 'FoundationEvals')
/Users/coryparry/Developer/Projects/Intents/Sources/FoundationEvalsDeveloper/DeveloperRunnerService.swift:8:15: warning: 'MCPeerID' was deprecated in macOS 27.0: Use Network Framework instead [#DeprecatedDeclaration]
  6 |
  7 | private final class DeveloperRunnerPeerBox: @unchecked Sendable {
  8 |     let peer: MCPeerID
    |               `- warning: 'MCPeerID' was deprecated in macOS 27.0: Use Network Framework instead [#DeprecatedDeclaration]
  9 |     init(_ peer: MCPeerID) { self.peer = peer }
 10 | }

/Users/coryparry/Developer/Projects/Intents/Sources/FoundationEvalsDeveloper/DeveloperRunnerService.swift:9:18: warning: 'MCPeerID' was deprecated in macOS 27.0: Use Network Framework instead [#DeprecatedDeclaration]
  7 | private final class DeveloperRunnerPeerBox: @unchecked Sendable {
  8 |     let peer: MCPeerID
  9 |     init(_ peer: MCPeerID) { self.peer = peer }
    |                  `- warning: 'MCPeerID' was deprecated in macOS 27.0: Use Network Framework instead [#DeprecatedDeclaration]
 10 | }
 11 |

/Users/coryparry/Developer/Projects/Intents/Sources/FoundationEvalsDeveloper/DeveloperRunnerService.swift:14:18: warning: 'MCSession' was deprecated in macOS 27.0: Use Network Framework instead [#DeprecatedDeclaration]
 12 | private final class DeveloperRunnerSessionDelegate: NSObject, MCSessionDelegate, @unchecked Sendable {
 13 |     weak var owner: DeveloperRunnerService?
 14 |     var session: MCSession?
    |                  `- warning: 'MCSession' was deprecated in macOS 27.0: Use Network Framework instead [#DeprecatedDeclaration]
 15 |
 16 |     // MultipeerConnectivity calls these methods on its own queues. The proxy is

/Users/coryparry/Developer/Projects/Intents/Sources/FoundationEvalsDeveloper/DeveloperRunnerService.swift:19:29: warning: 'MCSession' was deprecated in macOS 27.0: Use Network Framework instead [#DeprecatedDeclaration]
 17 |     // @unchecked Sendable because it only copies Data/String values across to
 18 |     // MainActor, while `session` is assigned once before advertising begins.
 19 |     func session(_ session: MCSession, peer peerID: MCPeerID, didChange state: MCSessionState) {
    |                             `- warning: 'MCSession' was deprecated in macOS 27.0: Use Network Framework instead [#DeprecatedDeclaration]
 20 |         let peer = DeveloperRunnerPeerBox(peerID)
 21 |         Task { @MainActor [weak owner] in

/Users/coryparry/Developer/Projects/Intents/Sources/FoundationEvalsDeveloper/DeveloperRunnerService.swift:19:53: warning: 'MCPeerID' was deprecated in macOS 27.0: Use Network Framework instead [#DeprecatedDeclaration]
 17 |     // @unchecked Sendable because it only copies Data/String values across to
 18 |     // MainActor, while `session` is assigned once before advertising begins.
 19 |     func session(_ session: MCSession, peer peerID: MCPeerID, didChange state: MCSessionState) {
    |                                                     `- warning: 'MCPeerID' was deprecated in macOS 27.0: Use Network Framework instead [#DeprecatedDeclaration]
 20 |         let peer = DeveloperRunnerPeerBox(peerID)
 21 |         Task { @MainActor [weak owner] in

/Users/coryparry/Developer/Projects/Intents/Sources/FoundationEvalsDeveloper/DeveloperRunnerService.swift:19:80: warning: 'MCSessionState' was deprecated in macOS 27.0: Use Network Framework instead [#DeprecatedDeclaration]
 17 |     // @unchecked Sendable because it only copies Data/String values across to
 18 |     // MainActor, while `session` is assigned once before advertising begins.
 19 |     func session(_ session: MCSession, peer peerID: MCPeerID, didChange state: MCSessionState) {
    |                                                                                `- warning: 'MCSessionState' was deprecated in macOS 27.0: Use Network Framework instead [#DeprecatedDeclaration]
 20 |         let peer = DeveloperRunnerPeerBox(peerID)
 21 |         Task { @MainActor [weak owner] in

/Users/coryparry/Developer/Projects/Intents/Sources/FoundationEvalsDeveloper/DeveloperRunnerService.swift:26:29: warning: 'MCSession' was deprecated in macOS 27.0: Use Network Framework instead [#DeprecatedDeclaration]
 24 |     }
 25 |
 26 |     func session(_ session: MCSession, didReceive data: Data, fromPeer peerID: MCPeerID) {
    |                             `- warning: 'MCSession' was deprecated in macOS 27.0: Use Network Framework instead [#DeprecatedDeclaration]
 27 |         let peer = DeveloperRunnerPeerBox(peerID)
 28 |         Task { @MainActor [weak owner] in

/Users/coryparry/Developer/Projects/Intents/Sources/FoundationEvalsDeveloper/DeveloperRunnerService.swift:26:80: warning: 'MCPeerID' was deprecated in macOS 27.0: Use Network Framework instead [#DeprecatedDeclaration]
 24 |     }
 25 |
 26 |     func session(_ session: MCSession, didReceive data: Data, fromPeer peerID: MCPeerID) {
    |                                                                                `- warning: 'MCPeerID' was deprecated in macOS 27.0: Use Network Framework instead [#DeprecatedDeclaration]
 27 |         let peer = DeveloperRunnerPeerBox(peerID)
 28 |         Task { @MainActor [weak owner] in

/Users/coryparry/Developer/Projects/Intents/Sources/FoundationEvalsDeveloper/DeveloperRunnerService.swift:34:20: warning: 'MCSession' was deprecated in macOS 27.0: Use Network Framework instead [#DeprecatedDeclaration]
 32 |
 33 |     func session(
 34 |         _ session: MCSession,
    |                    `- warning: 'MCSession' was deprecated in macOS 27.0: Use Network Framework instead [#DeprecatedDeclaration]
 35 |         didReceive stream: InputStream,
 36 |         withName streamName: String,

/Users/coryparry/Developer/Projects/Intents/Sources/FoundationEvalsDeveloper/DeveloperRunnerService.swift:37:26: warning: 'MCPeerID' was deprecated in macOS 27.0: Use Network Framework instead [#DeprecatedDeclaration]
 35 |         didReceive stream: InputStream,
 36 |         withName streamName: String,
 37 |         fromPeer peerID: MCPeerID
    |                          `- warning: 'MCPeerID' was deprecated in macOS 27.0: Use Network Framework instead [#DeprecatedDeclaration]
 38 |     ) {}
 39 |

/Users/coryparry/Developer/Projects/Intents/Sources/FoundationEvalsDeveloper/DeveloperRunnerService.swift:41:20: warning: 'MCSession' was deprecated in macOS 27.0: Use Network Framework instead [#DeprecatedDeclaration]
 39 |
 40 |     func session(
 41 |         _ session: MCSession,
    |                    `- warning: 'MCSession' was deprecated in macOS 27.0: Use Network Framework instead [#DeprecatedDeclaration]
 42 |         didStartReceivingResourceWithName resourceName: String,
 43 |         fromPeer peerID: MCPeerID,

/Users/coryparry/Developer/Projects/Intents/Sources/FoundationEvalsDeveloper/DeveloperRunnerService.swift:43:26: warning: 'MCPeerID' was deprecated in macOS 27.0: Use Network Framework instead [#DeprecatedDeclaration]
 41 |         _ session: MCSession,
 42 |         didStartReceivingResourceWithName resourceName: String,
 43 |         fromPeer peerID: MCPeerID,
    |                          `- warning: 'MCPeerID' was deprecated in macOS 27.0: Use Network Framework instead [#DeprecatedDeclaration]
 44 |         with progress: Progress
 45 |     ) {}

/Users/coryparry/Developer/Projects/Intents/Sources/FoundationEvalsDeveloper/DeveloperRunnerService.swift:48:20: warning: 'MCSession' was deprecated in macOS 27.0: Use Network Framework instead [#DeprecatedDeclaration]
 46 |
 47 |     func session(
 48 |         _ session: MCSession,
    |                    `- warning: 'MCSession' was deprecated in macOS 27.0: Use Network Framework instead [#DeprecatedDeclaration]
 49 |         didFinishReceivingResourceWithName resourceName: String,
 50 |         fromPeer peerID: MCPeerID,

/Users/coryparry/Developer/Projects/Intents/Sources/FoundationEvalsDeveloper/DeveloperRunnerService.swift:50:26: warning: 'MCPeerID' was deprecated in macOS 27.0: Use Network Framework instead [#DeprecatedDeclaration]
 48 |         _ session: MCSession,
 49 |         didFinishReceivingResourceWithName resourceName: String,
 50 |         fromPeer peerID: MCPeerID,
    |                          `- warning: 'MCPeerID' was deprecated in macOS 27.0: Use Network Framework instead [#DeprecatedDeclaration]
 51 |         at localURL: URL?,
 52 |         withError error: (any Error)?

/Users/coryparry/Developer/Projects/Intents/Sources/FoundationEvalsDeveloper/DeveloperRunnerService.swift:12:63: warning: 'MCSessionDelegate' was deprecated in macOS 27.0: Use Network Framework instead [#DeprecatedDeclaration]
 10 | }
 11 |
 12 | private final class DeveloperRunnerSessionDelegate: NSObject, MCSessionDelegate, @unchecked Sendable {
    |                                                               `- warning: 'MCSessionDelegate' was deprecated in macOS 27.0: Use Network Framework instead [#DeprecatedDeclaration]
 13 |     weak var owner: DeveloperRunnerService?
 14 |     var session: MCSession?

/Users/coryparry/Developer/Projects/Intents/Sources/FoundationEvalsDeveloper/DeveloperRunnerService.swift:58:18: warning: 'MCSession' was deprecated in macOS 27.0: Use Network Framework instead [#DeprecatedDeclaration]
 56 | private final class DeveloperRunnerAdvertiserDelegate: NSObject, MCNearbyServiceAdvertiserDelegate, @unchecked Sendable {
 57 |     weak var owner: DeveloperRunnerService?
 58 |     var session: MCSession?
    |                  `- warning: 'MCSession' was deprecated in macOS 27.0: Use Network Framework instead [#DeprecatedDeclaration]
 59 |
 60 |     func advertiser(

/Users/coryparry/Developer/Projects/Intents/Sources/FoundationEvalsDeveloper/DeveloperRunnerService.swift:61:23: warning: 'MCNearbyServiceAdvertiser' was deprecated in macOS 27.0: Use Network Framework instead [#DeprecatedDeclaration]
 59 |
 60 |     func advertiser(
 61 |         _ advertiser: MCNearbyServiceAdvertiser,
    |                       `- warning: 'MCNearbyServiceAdvertiser' was deprecated in macOS 27.0: Use Network Framework instead [#DeprecatedDeclaration]
 62 |         didReceiveInvitationFromPeer peerID: MCPeerID,
 63 |         withContext context: Data?,

/Users/coryparry/Developer/Projects/Intents/Sources/FoundationEvalsDeveloper/DeveloperRunnerService.swift:62:46: warning: 'MCPeerID' was deprecated in macOS 27.0: Use Network Framework instead [#DeprecatedDeclaration]
 60 |     func advertiser(
 61 |         _ advertiser: MCNearbyServiceAdvertiser,
 62 |         didReceiveInvitationFromPeer peerID: MCPeerID,
    |                                              `- warning: 'MCPeerID' was deprecated in macOS 27.0: Use Network Framework instead [#DeprecatedDeclaration]
 63 |         withContext context: Data?,
 64 |         invitationHandler: @escaping (Bool, MCSession?) -> Void

/Users/coryparry/Developer/Projects/Intents/Sources/FoundationEvalsDeveloper/DeveloperRunnerService.swift:64:45: warning: 'MCSession' was deprecated in macOS 27.0: Use Network Framework instead [#DeprecatedDeclaration]
 62 |         didReceiveInvitationFromPeer peerID: MCPeerID,
 63 |         withContext context: Data?,
 64 |         invitationHandler: @escaping (Bool, MCSession?) -> Void
    |                                             `- warning: 'MCSession' was deprecated in macOS 27.0: Use Network Framework instead [#DeprecatedDeclaration]
 65 |     ) {
 66 |         guard let session else {

/Users/coryparry/Developer/Projects/Intents/Sources/FoundationEvalsDeveloper/DeveloperRunnerService.swift:74:23: warning: 'MCNearbyServiceAdvertiser' was deprecated in macOS 27.0: Use Network Framework instead [#DeprecatedDeclaration]
 72 |
 73 |     func advertiser(
 74 |         _ advertiser: MCNearbyServiceAdvertiser,
    |                       `- warning: 'MCNearbyServiceAdvertiser' was deprecated in macOS 27.0: Use Network Framework instead [#DeprecatedDeclaration]
 75 |         didNotStartAdvertisingPeer error: any Error
 76 |     ) {

/Users/coryparry/Developer/Projects/Intents/Sources/FoundationEvalsDeveloper/DeveloperRunnerService.swift:56:66: warning: 'MCNearbyServiceAdvertiserDelegate' was deprecated in macOS 27.0: Use Network Framework instead [#DeprecatedDeclaration]
 54 | }
 55 |
 56 | private final class DeveloperRunnerAdvertiserDelegate: NSObject, MCNearbyServiceAdvertiserDelegate, @unchecked Sendable {
    |                                                                  `- warning: 'MCNearbyServiceAdvertiserDelegate' was deprecated in macOS 27.0: Use Network Framework instead [#DeprecatedDeclaration]
 57 |     weak var owner: DeveloperRunnerService?
 58 |     var session: MCSession?

/Users/coryparry/Developer/Projects/Intents/Sources/FoundationEvalsDeveloper/DeveloperRunnerService.swift:96:45: warning: 'MCPeerID' was deprecated in macOS 27.0: Use Network Framework instead [#DeprecatedDeclaration]
 94 |
 95 |     @ObservationIgnored private let engine: DeveloperRunnerHostEngine
 96 |     @ObservationIgnored private let peerID: MCPeerID
    |                                             `- warning: 'MCPeerID' was deprecated in macOS 27.0: Use Network Framework instead [#DeprecatedDeclaration]
 97 |     @ObservationIgnored private let session: MCSession
 98 |     @ObservationIgnored private let sessionDelegate: DeveloperRunnerSessionDelegate

/Users/coryparry/Developer/Projects/Intents/Sources/FoundationEvalsDeveloper/DeveloperRunnerService.swift:97:46: warning: 'MCSession' was deprecated in macOS 27.0: Use Network Framework instead [#DeprecatedDeclaration]
 95 |     @ObservationIgnored private let engine: DeveloperRunnerHostEngine
 96 |     @ObservationIgnored private let peerID: MCPeerID
 97 |     @ObservationIgnored private let session: MCSession
    |                                              `- warning: 'MCSession' was deprecated in macOS 27.0: Use Network Framework instead [#DeprecatedDeclaration]
 98 |     @ObservationIgnored private let sessionDelegate: DeveloperRunnerSessionDelegate
 99 |     @ObservationIgnored private let advertiserDelegate: DeveloperRunnerAdvertiserDelegate

/Users/coryparry/Developer/Projects/Intents/Sources/FoundationEvalsDeveloper/DeveloperRunnerService.swift:100:49: warning: 'MCNearbyServiceAdvertiser' was deprecated in macOS 27.0: Use Network Framework instead [#DeprecatedDeclaration]
 98 |     @ObservationIgnored private let sessionDelegate: DeveloperRunnerSessionDelegate
 99 |     @ObservationIgnored private let advertiserDelegate: DeveloperRunnerAdvertiserDelegate
100 |     @ObservationIgnored private let advertiser: MCNearbyServiceAdvertiser
    |                                                 `- warning: 'MCNearbyServiceAdvertiser' was deprecated in macOS 27.0: Use Network Framework instead [#DeprecatedDeclaration]
101 |     @ObservationIgnored private var connectionIDs: [MCPeerID: String] = [:]
102 |     @ObservationIgnored private var secureEnvelopeBuffersByPeer: [MCPeerID: DeveloperSecureEnvelopeBuffer] = [:]

/Users/coryparry/Developer/Projects/Intents/Sources/FoundationEvalsDeveloper/DeveloperRunnerService.swift:101:53: warning: 'MCPeerID' was deprecated in macOS 27.0: Use Network Framework instead [#DeprecatedDeclaration]
 99 |     @ObservationIgnored private let advertiserDelegate: DeveloperRunnerAdvertiserDelegate
100 |     @ObservationIgnored private let advertiser: MCNearbyServiceAdvertiser
101 |     @ObservationIgnored private var connectionIDs: [MCPeerID: String] = [:]
    |                                                     `- warning: 'MCPeerID' was deprecated in macOS 27.0: Use Network Framework instead [#DeprecatedDeclaration]
102 |     @ObservationIgnored private var secureEnvelopeBuffersByPeer: [MCPeerID: DeveloperSecureEnvelopeBuffer] = [:]
103 |     @ObservationIgnored private var inboundAcceptanceTasksByPeer: [MCPeerID: Task<Void, Never>] = [:]

/Users/coryparry/Developer/Projects/Intents/Sources/FoundationEvalsDeveloper/DeveloperRunnerService.swift:102:67: warning: 'MCPeerID' was deprecated in macOS 27.0: Use Network Framework instead [#DeprecatedDeclaration]
100 |     @ObservationIgnored private let advertiser: MCNearbyServiceAdvertiser
101 |     @ObservationIgnored private var connectionIDs: [MCPeerID: String] = [:]
102 |     @ObservationIgnored private var secureEnvelopeBuffersByPeer: [MCPeerID: DeveloperSecureEnvelopeBuffer] = [:]
    |                                                                   `- warning: 'MCPeerID' was deprecated in macOS 27.0: Use Network Framework instead [#DeprecatedDeclaration]
103 |     @ObservationIgnored private var inboundAcceptanceTasksByPeer: [MCPeerID: Task<Void, Never>] = [:]
104 |

/Users/coryparry/Developer/Projects/Intents/Sources/FoundationEvalsDeveloper/DeveloperRunnerService.swift:103:68: warning: 'MCPeerID' was deprecated in macOS 27.0: Use Network Framework instead [#DeprecatedDeclaration]
101 |     @ObservationIgnored private var connectionIDs: [MCPeerID: String] = [:]
102 |     @ObservationIgnored private var secureEnvelopeBuffersByPeer: [MCPeerID: DeveloperSecureEnvelopeBuffer] = [:]
103 |     @ObservationIgnored private var inboundAcceptanceTasksByPeer: [MCPeerID: Task<Void, Never>] = [:]
    |                                                                    `- warning: 'MCPeerID' was deprecated in macOS 27.0: Use Network Framework instead [#DeprecatedDeclaration]
104 |
105 |     public init(

/Users/coryparry/Developer/Projects/Intents/Sources/FoundationEvalsDeveloper/DeveloperRunnerService.swift:183:73: warning: 'MCSessionState' was deprecated in macOS 27.0: Use Network Framework instead [#DeprecatedDeclaration]
181 |     }
182 |
183 |     fileprivate func peerChanged(_ peer: DeveloperRunnerPeerBox, state: MCSessionState) {
    |                                                                         `- warning: 'MCSessionState' was deprecated in macOS 27.0: Use Network Framework instead [#DeprecatedDeclaration]
184 |         let name = peer.peer.displayName
185 |         switch state {

/Users/coryparry/Developer/Projects/Intents/Sources/FoundationEvalsDeveloper/DeveloperRunnerService.swift:117:18: warning: 'MCPeerID' was deprecated in macOS 27.0: Use Network Framework instead [#DeprecatedDeclaration]
115 |             trustStore: DeveloperTrustStore(fileURL: trustStoreURL)
116 |         )
117 |         peerID = MCPeerID(displayName: developerPeerDisplayName(identity.displayName, id: identity.id))
    |                  `- warning: 'MCPeerID' was deprecated in macOS 27.0: Use Network Framework instead [#DeprecatedDeclaration]
118 |         sessionDelegate = DeveloperRunnerSessionDelegate()
119 |         advertiserDelegate = DeveloperRunnerAdvertiserDelegate()

/Users/coryparry/Developer/Projects/Intents/Sources/FoundationEvalsDeveloper/DeveloperRunnerService.swift:120:19: warning: 'MCSession' was deprecated in macOS 27.0: Use Network Framework instead [#DeprecatedDeclaration]
118 |         sessionDelegate = DeveloperRunnerSessionDelegate()
119 |         advertiserDelegate = DeveloperRunnerAdvertiserDelegate()
120 |         session = MCSession(
    |                   `- warning: 'MCSession' was deprecated in macOS 27.0: Use Network Framework instead [#DeprecatedDeclaration]
121 |             peer: peerID,
122 |             securityIdentity: nil,

/Users/coryparry/Developer/Projects/Intents/Sources/FoundationEvalsDeveloper/DeveloperRunnerService.swift:125:22: warning: 'MCNearbyServiceAdvertiser' was deprecated in macOS 27.0: Use Network Framework instead [#DeprecatedDeclaration]
123 |             encryptionPreference: .required
124 |         )
125 |         advertiser = MCNearbyServiceAdvertiser(
    |                      `- warning: 'MCNearbyServiceAdvertiser' was deprecated in macOS 27.0: Use Network Framework instead [#DeprecatedDeclaration]
126 |             peer: peerID,
127 |             discoveryInfo: ["runnerID": identity.id.uuidString],

/Users/coryparry/Developer/Projects/Intents/Sources/FoundationEvalsDeveloper/DeveloperRunnerClient.swift:6:15: warning: 'MCPeerID' was deprecated in macOS 27.0: Use Network Framework instead [#DeprecatedDeclaration]
  4 |
  5 | private final class DeveloperPeerBox: @unchecked Sendable {
  6 |     let peer: MCPeerID
    |               `- warning: 'MCPeerID' was deprecated in macOS 27.0: Use Network Framework instead [#DeprecatedDeclaration]
  7 |     init(_ peer: MCPeerID) { self.peer = peer }
  8 | }

/Users/coryparry/Developer/Projects/Intents/Sources/FoundationEvalsDeveloper/DeveloperRunnerClient.swift:7:18: warning: 'MCPeerID' was deprecated in macOS 27.0: Use Network Framework instead [#DeprecatedDeclaration]
  5 | private final class DeveloperPeerBox: @unchecked Sendable {
  6 |     let peer: MCPeerID
  7 |     init(_ peer: MCPeerID) { self.peer = peer }
    |                  `- warning: 'MCPeerID' was deprecated in macOS 27.0: Use Network Framework instead [#DeprecatedDeclaration]
  8 | }
  9 |

/Users/coryparry/Developer/Projects/Intents/Sources/FoundationEvalsDeveloper/DeveloperRunnerClient.swift:24:29: warning: 'MCSession' was deprecated in macOS 27.0: Use Network Framework instead [#DeprecatedDeclaration]
 22 |     weak var owner: DeveloperRunnerClient?
 23 |
 24 |     func session(_ session: MCSession, peer peerID: MCPeerID, didChange state: MCSessionState) {
    |                             `- warning: 'MCSession' was deprecated in macOS 27.0: Use Network Framework instead [#DeprecatedDeclaration]
 25 |         let peer = DeveloperPeerBox(peerID)
 26 |         Task { @MainActor [weak owner] in

/Users/coryparry/Developer/Projects/Intents/Sources/FoundationEvalsDeveloper/DeveloperRunnerClient.swift:24:53: warning: 'MCPeerID' was deprecated in macOS 27.0: Use Network Framework instead [#DeprecatedDeclaration]
 22 |     weak var owner: DeveloperRunnerClient?
 23 |
 24 |     func session(_ session: MCSession, peer peerID: MCPeerID, didChange state: MCSessionState) {
    |                                                     `- warning: 'MCPeerID' was deprecated in macOS 27.0: Use Network Framework instead [#DeprecatedDeclaration]
 25 |         let peer = DeveloperPeerBox(peerID)
 26 |         Task { @MainActor [weak owner] in

/Users/coryparry/Developer/Projects/Intents/Sources/FoundationEvalsDeveloper/DeveloperRunnerClient.swift:24:80: warning: 'MCSessionState' was deprecated in macOS 27.0: Use Network Framework instead [#DeprecatedDeclaration]
 22 |     weak var owner: DeveloperRunnerClient?
 23 |
 24 |     func session(_ session: MCSession, peer peerID: MCPeerID, didChange state: MCSessionState) {
    |                                                                                `- warning: 'MCSessionState' was deprecated in macOS 27.0: Use Network Framework instead [#DeprecatedDeclaration]
 25 |         let peer = DeveloperPeerBox(peerID)
 26 |         Task { @MainActor [weak owner] in

/Users/coryparry/Developer/Projects/Intents/Sources/FoundationEvalsDeveloper/DeveloperRunnerClient.swift:31:29: warning: 'MCSession' was deprecated in macOS 27.0: Use Network Framework instead [#DeprecatedDeclaration]
 29 |     }
 30 |
 31 |     func session(_ session: MCSession, didReceive data: Data, fromPeer peerID: MCPeerID) {
    |                             `- warning: 'MCSession' was deprecated in macOS 27.0: Use Network Framework instead [#DeprecatedDeclaration]
 32 |         let peer = DeveloperPeerBox(peerID)
 33 |         Task { @MainActor [weak owner] in

/Users/coryparry/Developer/Projects/Intents/Sources/FoundationEvalsDeveloper/DeveloperRunnerClient.swift:31:80: warning: 'MCPeerID' was deprecated in macOS 27.0: Use Network Framework instead [#DeprecatedDeclaration]
 29 |     }
 30 |
 31 |     func session(_ session: MCSession, didReceive data: Data, fromPeer peerID: MCPeerID) {
    |                                                                                `- warning: 'MCPeerID' was deprecated in macOS 27.0: Use Network Framework instead [#DeprecatedDeclaration]
 32 |         let peer = DeveloperPeerBox(peerID)
 33 |         Task { @MainActor [weak owner] in

/Users/coryparry/Developer/Projects/Intents/Sources/FoundationEvalsDeveloper/DeveloperRunnerClient.swift:39:20: warning: 'MCSession' was deprecated in macOS 27.0: Use Network Framework instead [#DeprecatedDeclaration]
 37 |
 38 |     func session(
 39 |         _ session: MCSession,
    |                    `- warning: 'MCSession' was deprecated in macOS 27.0: Use Network Framework instead [#DeprecatedDeclaration]
 40 |         didReceive stream: InputStream,
 41 |         withName streamName: String,

/Users/coryparry/Developer/Projects/Intents/Sources/FoundationEvalsDeveloper/DeveloperRunnerClient.swift:42:26: warning: 'MCPeerID' was deprecated in macOS 27.0: Use Network Framework instead [#DeprecatedDeclaration]
 40 |         didReceive stream: InputStream,
 41 |         withName streamName: String,
 42 |         fromPeer peerID: MCPeerID
    |                          `- warning: 'MCPeerID' was deprecated in macOS 27.0: Use Network Framework instead [#DeprecatedDeclaration]
 43 |     ) {}
 44 |

/Users/coryparry/Developer/Projects/Intents/Sources/FoundationEvalsDeveloper/DeveloperRunnerClient.swift:46:20: warning: 'MCSession' was deprecated in macOS 27.0: Use Network Framework instead [#DeprecatedDeclaration]
 44 |
 45 |     func session(
 46 |         _ session: MCSession,
    |                    `- warning: 'MCSession' was deprecated in macOS 27.0: Use Network Framework instead [#DeprecatedDeclaration]
 47 |         didStartReceivingResourceWithName resourceName: String,
 48 |         fromPeer peerID: MCPeerID,

/Users/coryparry/Developer/Projects/Intents/Sources/FoundationEvalsDeveloper/DeveloperRunnerClient.swift:48:26: warning: 'MCPeerID' was deprecated in macOS 27.0: Use Network Framework instead [#DeprecatedDeclaration]
 46 |         _ session: MCSession,
 47 |         didStartReceivingResourceWithName resourceName: String,
 48 |         fromPeer peerID: MCPeerID,
    |                          `- warning: 'MCPeerID' was deprecated in macOS 27.0: Use Network Framework instead [#DeprecatedDeclaration]
 49 |         with progress: Progress
 50 |     ) {}

/Users/coryparry/Developer/Projects/Intents/Sources/FoundationEvalsDeveloper/DeveloperRunnerClient.swift:53:20: warning: 'MCSession' was deprecated in macOS 27.0: Use Network Framework instead [#DeprecatedDeclaration]
 51 |
 52 |     func session(
 53 |         _ session: MCSession,
    |                    `- warning: 'MCSession' was deprecated in macOS 27.0: Use Network Framework instead [#DeprecatedDeclaration]
 54 |         didFinishReceivingResourceWithName resourceName: String,
 55 |         fromPeer peerID: MCPeerID,

/Users/coryparry/Developer/Projects/Intents/Sources/FoundationEvalsDeveloper/DeveloperRunnerClient.swift:55:26: warning: 'MCPeerID' was deprecated in macOS 27.0: Use Network Framework instead [#DeprecatedDeclaration]
 53 |         _ session: MCSession,
 54 |         didFinishReceivingResourceWithName resourceName: String,
 55 |         fromPeer peerID: MCPeerID,
    |                          `- warning: 'MCPeerID' was deprecated in macOS 27.0: Use Network Framework instead [#DeprecatedDeclaration]
 56 |         at localURL: URL?,
 57 |         withError error: (any Error)?

/Users/coryparry/Developer/Projects/Intents/Sources/FoundationEvalsDeveloper/DeveloperRunnerClient.swift:21:63: warning: 'MCSessionDelegate' was deprecated in macOS 27.0: Use Network Framework instead [#DeprecatedDeclaration]
 19 | }
 20 |
 21 | private final class DeveloperClientSessionDelegate: NSObject, MCSessionDelegate, @unchecked Sendable {
    |                                                               `- warning: 'MCSessionDelegate' was deprecated in macOS 27.0: Use Network Framework instead [#DeprecatedDeclaration]
 22 |     weak var owner: DeveloperRunnerClient?
 23 |

/Users/coryparry/Developer/Projects/Intents/Sources/FoundationEvalsDeveloper/DeveloperRunnerClient.swift:65:20: warning: 'MCNearbyServiceBrowser' was deprecated in macOS 27.0: Use Network Framework instead [#DeprecatedDeclaration]
 63 |
 64 |     func browser(
 65 |         _ browser: MCNearbyServiceBrowser,
    |                    `- warning: 'MCNearbyServiceBrowser' was deprecated in macOS 27.0: Use Network Framework instead [#DeprecatedDeclaration]
 66 |         foundPeer peerID: MCPeerID,
 67 |         withDiscoveryInfo info: [String: String]?

/Users/coryparry/Developer/Projects/Intents/Sources/FoundationEvalsDeveloper/DeveloperRunnerClient.swift:66:27: warning: 'MCPeerID' was deprecated in macOS 27.0: Use Network Framework instead [#DeprecatedDeclaration]
 64 |     func browser(
 65 |         _ browser: MCNearbyServiceBrowser,
 66 |         foundPeer peerID: MCPeerID,
    |                           `- warning: 'MCPeerID' was deprecated in macOS 27.0: Use Network Framework instead [#DeprecatedDeclaration]
 67 |         withDiscoveryInfo info: [String: String]?
 68 |     ) {

/Users/coryparry/Developer/Projects/Intents/Sources/FoundationEvalsDeveloper/DeveloperRunnerClient.swift:76:29: warning: 'MCNearbyServiceBrowser' was deprecated in macOS 27.0: Use Network Framework instead [#DeprecatedDeclaration]
 74 |     }
 75 |
 76 |     func browser(_ browser: MCNearbyServiceBrowser, lostPeer peerID: MCPeerID) {
    |                             `- warning: 'MCNearbyServiceBrowser' was deprecated in macOS 27.0: Use Network Framework instead [#DeprecatedDeclaration]
 77 |         let box = DeveloperPeerBox(peerID)
 78 |         Task { @MainActor [weak owner] in

/Users/coryparry/Developer/Projects/Intents/Sources/FoundationEvalsDeveloper/DeveloperRunnerClient.swift:76:70: warning: 'MCPeerID' was deprecated in macOS 27.0: Use Network Framework instead [#DeprecatedDeclaration]
 74 |     }
 75 |
 76 |     func browser(_ browser: MCNearbyServiceBrowser, lostPeer peerID: MCPeerID) {
    |                                                                      `- warning: 'MCPeerID' was deprecated in macOS 27.0: Use Network Framework instead [#DeprecatedDeclaration]
 77 |         let box = DeveloperPeerBox(peerID)
 78 |         Task { @MainActor [weak owner] in

/Users/coryparry/Developer/Projects/Intents/Sources/FoundationEvalsDeveloper/DeveloperRunnerClient.swift:83:29: warning: 'MCNearbyServiceBrowser' was deprecated in macOS 27.0: Use Network Framework instead [#DeprecatedDeclaration]
 81 |     }
 82 |
 83 |     func browser(_ browser: MCNearbyServiceBrowser, didNotStartBrowsingForPeers error: any Error) {
    |                             `- warning: 'MCNearbyServiceBrowser' was deprecated in macOS 27.0: Use Network Framework instead [#DeprecatedDeclaration]
 84 |         let detail = error.localizedDescription
 85 |         Task { @MainActor [weak owner] in

/Users/coryparry/Developer/Projects/Intents/Sources/FoundationEvalsDeveloper/DeveloperRunnerClient.swift:61:63: warning: 'MCNearbyServiceBrowserDelegate' was deprecated in macOS 27.0: Use Network Framework instead [#DeprecatedDeclaration]
 59 | }
 60 |
 61 | private final class DeveloperClientBrowserDelegate: NSObject, MCNearbyServiceBrowserDelegate, @unchecked Sendable {
    |                                                               `- warning: 'MCNearbyServiceBrowserDelegate' was deprecated in macOS 27.0: Use Network Framework instead [#DeprecatedDeclaration]
 62 |     weak var owner: DeveloperRunnerClient?
 63 |

/Users/coryparry/Developer/Projects/Intents/Sources/FoundationEvalsDeveloper/DeveloperRunnerClient.swift:108:28: warning: 'MCPeerID' was deprecated in macOS 27.0: Use Network Framework instead [#DeprecatedDeclaration]
106 |
107 | struct DeveloperIntentionalDisconnects {
108 |     private var peers: Set<MCPeerID> = []
    |                            `- warning: 'MCPeerID' was deprecated in macOS 27.0: Use Network Framework instead [#DeprecatedDeclaration]
109 |
110 |     mutating func begin(for peer: MCPeerID) {

/Users/coryparry/Developer/Projects/Intents/Sources/FoundationEvalsDeveloper/DeveloperRunnerClient.swift:110:35: warning: 'MCPeerID' was deprecated in macOS 27.0: Use Network Framework instead [#DeprecatedDeclaration]
108 |     private var peers: Set<MCPeerID> = []
109 |
110 |     mutating func begin(for peer: MCPeerID) {
    |                                   `- warning: 'MCPeerID' was deprecated in macOS 27.0: Use Network Framework instead [#DeprecatedDeclaration]
111 |         peers.insert(peer)
112 |     }

/Users/coryparry/Developer/Projects/Intents/Sources/FoundationEvalsDeveloper/DeveloperRunnerClient.swift:114:37: warning: 'MCPeerID' was deprecated in macOS 27.0: Use Network Framework instead [#DeprecatedDeclaration]
112 |     }
113 |
114 |     mutating func consume(for peer: MCPeerID) -> Bool {
    |                                     `- warning: 'MCPeerID' was deprecated in macOS 27.0: Use Network Framework instead [#DeprecatedDeclaration]
115 |         peers.remove(peer) != nil
116 |     }

/Users/coryparry/Developer/Projects/Intents/Sources/FoundationEvalsDeveloper/DeveloperRunnerClient.swift:118:34: warning: 'MCPeerID' was deprecated in macOS 27.0: Use Network Framework instead [#DeprecatedDeclaration]
116 |     }
117 |
118 |     mutating func forget(_ peer: MCPeerID) {
    |                                  `- warning: 'MCPeerID' was deprecated in macOS 27.0: Use Network Framework instead [#DeprecatedDeclaration]
119 |         peers.remove(peer)
120 |     }

/Users/coryparry/Developer/Projects/Intents/Sources/FoundationEvalsDeveloper/DeveloperRunnerClient.swift:139:45: warning: 'MCPeerID' was deprecated in macOS 27.0: Use Network Framework instead [#DeprecatedDeclaration]
137 |
138 |     @ObservationIgnored private let trustStoreURL: URL?
139 |     @ObservationIgnored private let peerID: MCPeerID
    |                                             `- warning: 'MCPeerID' was deprecated in macOS 27.0: Use Network Framework instead [#DeprecatedDeclaration]
140 |     @ObservationIgnored private let session: MCSession
141 |     @ObservationIgnored private let sessionDelegate: DeveloperClientSessionDelegate

/Users/coryparry/Developer/Projects/Intents/Sources/FoundationEvalsDeveloper/DeveloperRunnerClient.swift:140:46: warning: 'MCSession' was deprecated in macOS 27.0: Use Network Framework instead [#DeprecatedDeclaration]
138 |     @ObservationIgnored private let trustStoreURL: URL?
139 |     @ObservationIgnored private let peerID: MCPeerID
140 |     @ObservationIgnored private let session: MCSession
    |                                              `- warning: 'MCSession' was deprecated in macOS 27.0: Use Network Framework instead [#DeprecatedDeclaration]
141 |     @ObservationIgnored private let sessionDelegate: DeveloperClientSessionDelegate
142 |     @ObservationIgnored private let browserDelegate: DeveloperClientBrowserDelegate

/Users/coryparry/Developer/Projects/Intents/Sources/FoundationEvalsDeveloper/DeveloperRunnerClient.swift:143:46: warning: 'MCNearbyServiceBrowser' was deprecated in macOS 27.0: Use Network Framework instead [#DeprecatedDeclaration]
141 |     @ObservationIgnored private let sessionDelegate: DeveloperClientSessionDelegate
142 |     @ObservationIgnored private let browserDelegate: DeveloperClientBrowserDelegate
143 |     @ObservationIgnored private let browser: MCNearbyServiceBrowser
    |                                              `- warning: 'MCNearbyServiceBrowser' was deprecated in macOS 27.0: Use Network Framework instead [#DeprecatedDeclaration]
144 |     @ObservationIgnored private var selectedCandidatePeerByRunnerID: [UUID: MCPeerID] = [:]
145 |     @ObservationIgnored private var authenticatedPeersByRunnerID: [UUID: DeveloperPeerBox] = [:]

/Users/coryparry/Developer/Projects/Intents/Sources/FoundationEvalsDeveloper/DeveloperRunnerClient.swift:144:77: warning: 'MCPeerID' was deprecated in macOS 27.0: Use Network Framework instead [#DeprecatedDeclaration]
142 |     @ObservationIgnored private let browserDelegate: DeveloperClientBrowserDelegate
143 |     @ObservationIgnored private let browser: MCNearbyServiceBrowser
144 |     @ObservationIgnored private var selectedCandidatePeerByRunnerID: [UUID: MCPeerID] = [:]
    |                                                                             `- warning: 'MCPeerID' was deprecated in macOS 27.0: Use Network Framework instead [#DeprecatedDeclaration]
145 |     @ObservationIgnored private var authenticatedPeersByRunnerID: [UUID: DeveloperPeerBox] = [:]
146 |     @ObservationIgnored private var candidatesByPeer: [MCPeerID: DeveloperClientCandidate] = [:]

/Users/coryparry/Developer/Projects/Intents/Sources/FoundationEvalsDeveloper/DeveloperRunnerClient.swift:146:56: warning: 'MCPeerID' was deprecated in macOS 27.0: Use Network Framework instead [#DeprecatedDeclaration]
144 |     @ObservationIgnored private var selectedCandidatePeerByRunnerID: [UUID: MCPeerID] = [:]
145 |     @ObservationIgnored private var authenticatedPeersByRunnerID: [UUID: DeveloperPeerBox] = [:]
146 |     @ObservationIgnored private var candidatesByPeer: [MCPeerID: DeveloperClientCandidate] = [:]
    |                                                        `- warning: 'MCPeerID' was deprecated in macOS 27.0: Use Network Framework instead [#DeprecatedDeclaration]
147 |     @ObservationIgnored private var trustByRunnerID: [UUID: DeveloperDesktopTrustState.Entry] = [:]
148 |     @ObservationIgnored private var activeRunnerID: UUID?

/Users/coryparry/Developer/Projects/Intents/Sources/FoundationEvalsDeveloper/DeveloperRunnerClient.swift:427:66: warning: 'MCSessionState' was deprecated in macOS 27.0: Use Network Framework instead [#DeprecatedDeclaration]
425 |     }
426 |
427 |     fileprivate func peerChanged(_ box: DeveloperPeerBox, state: MCSessionState) {
    |                                                                  `- warning: 'MCSessionState' was deprecated in macOS 27.0: Use Network Framework instead [#DeprecatedDeclaration]
428 |         guard let runnerID = candidatesByPeer[box.peer]?.runnerID else { return }
429 |         switch state {

/Users/coryparry/Developer/Projects/Intents/Sources/FoundationEvalsDeveloper/DeveloperRunnerClient.swift:829:77: warning: 'MCPeerID' was deprecated in macOS 27.0: Use Network Framework instead [#DeprecatedDeclaration]
827 |     }
828 |
829 |     private func evictCompetingCandidates(for runnerID: UUID, keeping peer: MCPeerID) {
    |                                                                             `- warning: 'MCPeerID' was deprecated in macOS 27.0: Use Network Framework instead [#DeprecatedDeclaration]
830 |         let competingPeers = candidatesByPeer.compactMap { candidatePeer, candidate in
831 |             candidate.runnerID == runnerID && candidatePeer != peer ? candidatePeer : nil

/Users/coryparry/Developer/Projects/Intents/Sources/FoundationEvalsDeveloper/DeveloperRunnerClient.swift:839:71: warning: 'MCPeerID' was deprecated in macOS 27.0: Use Network Framework instead [#DeprecatedDeclaration]
837 |     }
838 |
839 |     private func promoteCandidate(for runnerID: UUID, excluding peer: MCPeerID) {
    |                                                                       `- warning: 'MCPeerID' was deprecated in macOS 27.0: Use Network Framework instead [#DeprecatedDeclaration]
840 |         guard authenticatedPeersByRunnerID[runnerID] == nil else { return }
841 |         guard let candidatePeer = candidatesByPeer.first(where: { candidatePeer, candidate in

/Users/coryparry/Developer/Projects/Intents/Sources/FoundationEvalsDeveloper/DeveloperRunnerClient.swift:161:18: warning: 'MCPeerID' was deprecated in macOS 27.0: Use Network Framework instead [#DeprecatedDeclaration]
159 |         self.desktopID = desktopID
160 |         self.trustStoreURL = trustStoreURL
161 |         peerID = MCPeerID(displayName: developerPeerDisplayName(displayName, id: desktopID))
    |                  `- warning: 'MCPeerID' was deprecated in macOS 27.0: Use Network Framework instead [#DeprecatedDeclaration]
162 |         sessionDelegate = DeveloperClientSessionDelegate()
163 |         browserDelegate = DeveloperClientBrowserDelegate()


SwiftCompile normal arm64 /Users/coryparry/Developer/Projects/Intents/Sources/FoundationEvalsDeveloper/DeveloperProtocol.swift (in target 'FoundationEvals' from project 'FoundationEvals')
    cd /Users/coryparry/Developer/Projects/Intents/FoundationEvals
    builtin-SwiftPerFileCompile DeveloperProtocol.swift

SwiftCompile normal arm64 /Users/coryparry/Developer/Projects/Intents/Sources/FoundationEvalsDeveloper/DeveloperFeatureRegistry.swift (in target 'FoundationEvals' from project 'FoundationEvals')
    cd /Users/coryparry/Developer/Projects/Intents/FoundationEvals
    builtin-SwiftPerFileCompile DeveloperFeatureRegistry.swift

SwiftCompile normal arm64 /Users/coryparry/Developer/Projects/Intents/Sources/FoundationEvalsDeveloper/DeveloperRunnerHostEngine.swift (in target 'FoundationEvals' from project 'FoundationEvals')
    cd /Users/coryparry/Developer/Projects/Intents/FoundationEvals
    builtin-SwiftPerFileCompile DeveloperRunnerHostEngine.swift

SwiftCompile normal arm64 /Users/coryparry/Developer/Projects/Intents/Sources/FoundationEvalsDeveloper/DeveloperRunnerIdentity+Current.swift (in target 'FoundationEvals' from project 'FoundationEvals')
    cd /Users/coryparry/Developer/Projects/Intents/FoundationEvals
    builtin-SwiftPerFileCompile DeveloperRunnerIdentity+Current.swift

SwiftCompile normal arm64 /Users/coryparry/Developer/Projects/Intents/Sources/FoundationEvalsDeveloper/DeveloperRunnerService.swift (in target 'FoundationEvals' from project 'FoundationEvals')
    cd /Users/coryparry/Developer/Projects/Intents/FoundationEvals
    builtin-SwiftPerFileCompile DeveloperRunnerService.swift

SwiftCompile normal arm64 /Users/coryparry/Developer/Projects/Intents/Sources/FoundationEvalsDeveloper/DeveloperRunnerClient.swift (in target 'FoundationEvals' from project 'FoundationEvals')
    cd /Users/coryparry/Developer/Projects/Intents/FoundationEvals
    builtin-SwiftPerFileCompile DeveloperRunnerClient.swift

SwiftCompile normal arm64 /Users/coryparry/Developer/Projects/Intents/FoundationEvals/FoundationEvals/MCP/Installer/CodexMCPInstaller.swift (in target 'FoundationEvals' from project 'FoundationEvals')
    cd /Users/coryparry/Developer/Projects/Intents/FoundationEvals
    builtin-SwiftPerFileCompile CodexMCPInstaller.swift

SwiftCompile normal arm64 /Users/coryparry/Developer/Projects/Intents/FoundationEvals/FoundationEvals/MCP/Installer/MCPSettingsController.swift (in target 'FoundationEvals' from project 'FoundationEvals')
    cd /Users/coryparry/Developer/Projects/Intents/FoundationEvals
    builtin-SwiftPerFileCompile MCPSettingsController.swift

SwiftCompile normal arm64 /Users/coryparry/Developer/Projects/Intents/FoundationEvals/FoundationEvals/MCP/MCPJSON.swift (in target 'FoundationEvals' from project 'FoundationEvals')
    cd /Users/coryparry/Developer/Projects/Intents/FoundationEvals
    builtin-SwiftPerFileCompile MCPJSON.swift

SwiftCompile normal arm64 /Users/coryparry/Developer/Projects/Intents/FoundationEvals/FoundationEvals/MCP/MCPProtocolHandler.swift (in target 'FoundationEvals' from project 'FoundationEvals')
    cd /Users/coryparry/Developer/Projects/Intents/FoundationEvals
    builtin-SwiftPerFileCompile MCPProtocolHandler.swift

SwiftCompile normal arm64 /Users/coryparry/Developer/Projects/Intents/FoundationEvals/FoundationEvals/MCP/MCPServer.swift (in target 'FoundationEvals' from project 'FoundationEvals')
    cd /Users/coryparry/Developer/Projects/Intents/FoundationEvals
    builtin-SwiftPerFileCompile MCPServer.swift

SwiftCompile normal arm64 /Users/coryparry/Developer/Projects/Intents/FoundationEvals/FoundationEvals/MCP/MCPToolCatalog.swift (in target 'FoundationEvals' from project 'FoundationEvals')
    cd /Users/coryparry/Developer/Projects/Intents/FoundationEvals
    builtin-SwiftPerFileCompile MCPToolCatalog.swift

SwiftCompile normal arm64 /Users/coryparry/Developer/Projects/Intents/FoundationEvals/FoundationEvals/Models/DevelopmentWorkflowModels.swift (in target 'FoundationEvals' from project 'FoundationEvals')
    cd /Users/coryparry/Developer/Projects/Intents/FoundationEvals
    builtin-SwiftPerFileCompile DevelopmentWorkflowModels.swift

SwiftCompile normal arm64 /Users/coryparry/Developer/Projects/Intents/FoundationEvals/FoundationEvals/Models/EvaluationBuiltinToolTrace.swift (in target 'FoundationEvals' from project 'FoundationEvals')
    cd /Users/coryparry/Developer/Projects/Intents/FoundationEvals
    builtin-SwiftPerFileCompile EvaluationBuiltinToolTrace.swift

SwiftCompile normal arm64 /Users/coryparry/Developer/Projects/Intents/FoundationEvals/FoundationEvals/Models/EvaluationConversation.swift (in target 'FoundationEvals' from project 'FoundationEvals')
    cd /Users/coryparry/Developer/Projects/Intents/FoundationEvals
    builtin-SwiftPerFileCompile EvaluationConversation.swift

SwiftCompile normal arm64 /Users/coryparry/Developer/Projects/Intents/FoundationEvals/FoundationEvals/Models/EvaluationCoreAIConfiguration.swift (in target 'FoundationEvals' from project 'FoundationEvals')
    cd /Users/coryparry/Developer/Projects/Intents/FoundationEvals
    builtin-SwiftPerFileCompile EvaluationCoreAIConfiguration.swift

SwiftCompile normal arm64 /Users/coryparry/Developer/Projects/Intents/FoundationEvals/FoundationEvals/Models/EvaluationFeatureConfiguration.swift (in target 'FoundationEvals' from project 'FoundationEvals')
    cd /Users/coryparry/Developer/Projects/Intents/FoundationEvals
    builtin-SwiftPerFileCompile EvaluationFeatureConfiguration.swift

SwiftCompile normal arm64 /Users/coryparry/Developer/Projects/Intents/FoundationEvals/FoundationEvals/Models/EvaluationFieldAssertion.swift (in target 'FoundationEvals' from project 'FoundationEvals')
    cd /Users/coryparry/Developer/Projects/Intents/FoundationEvals
    builtin-SwiftPerFileCompile EvaluationFieldAssertion.swift

/Users/coryparry/Developer/Projects/Intents/Sources/FoundationEvalsDeveloper/DeveloperRunnerClient.swift:164:19: warning: 'MCSession' was deprecated in macOS 27.0: Use Network Framework instead [#DeprecatedDeclaration]
162 |         sessionDelegate = DeveloperClientSessionDelegate()
163 |         browserDelegate = DeveloperClientBrowserDelegate()
164 |         session = MCSession(peer: peerID, securityIdentity: nil, encryptionPreference: .required)
    |                   `- warning: 'MCSession' was deprecated in macOS 27.0: Use Network Framework instead [#DeprecatedDeclaration]
165 |         browser = MCNearbyServiceBrowser(peer: peerID, serviceType: developerRunnerServiceType)
166 |

/Users/coryparry/Developer/Projects/Intents/Sources/FoundationEvalsDeveloper/DeveloperRunnerClient.swift:165:19: warning: 'MCNearbyServiceBrowser' was deprecated in macOS 27.0: Use Network Framework instead [#DeprecatedDeclaration]
163 |         browserDelegate = DeveloperClientBrowserDelegate()
164 |         session = MCSession(peer: peerID, securityIdentity: nil, encryptionPreference: .required)
165 |         browser = MCNearbyServiceBrowser(peer: peerID, serviceType: developerRunnerServiceType)
    |                   `- warning: 'MCNearbyServiceBrowser' was deprecated in macOS 27.0: Use Network Framework instead [#DeprecatedDeclaration]
166 |
167 |         if let trustStoreURL,

[#DeprecatedDeclaration]: <https://docs.swift.org/compiler/documentation/diagnostics/deprecated-declaration>
SwiftDriverJobDiscovery normal arm64 Compiling ScenarioFeatureEvidence.swift, ScenarioPersistence.swift, ScenarioPersistence+AutomationEvidence.swift, ScenarioPhysicalRunnerLease.swift, ScenarioResponseAssessmentService.swift, ScenarioRunnerReceiptImporter.swift, ScenarioSuggestionService.swift, ScenarioValidation.swift, TelemetryController.swift, TelemetryTransport.swift, WorkspaceOverviewLoader.swift, XcodeConnectionDiscovery.swift, XcodeTestExecutor.swift, XCTestEvidenceImporter.swift, XCTestRunInvocationTransport.swift, AppAutomationStore.swift, AutomationNativeApplicationSelection.swift, AutomationNativeEntitySelection.swift (in target 'FoundationEvals' from project 'FoundationEvals')

SwiftCompile normal arm64 Compiling\ AutomationNativeFreshFixtures.swift,\ AutomationNativeMacSavedRuntime.swift,\ AutomationNativeRunPlanning.swift,\ AutomationNativeUIFailureSearch.swift,\ AutomationNativeUIFixComparison.swift,\ AutomationNativeUIFixComparisonCommand.swift,\ AutomationNativeUIReproduction.swift,\ AutomationNativeUIRuntime.swift,\ DeveloperRunnerStore.swift,\ EvaluationAttachmentStorage.swift,\ EvaluationStore.swift,\ EvaluationWorkspaceStatePersistence.swift,\ QuickActionsPillViewModel.swift,\ JSONDocument.swift,\ TelemetryEvent.swift,\ EditorSection.swift,\ PromptQuickActionsSection.swift,\ QuickActionsPill.swift /Users/coryparry/Developer/Projects/Intents/FoundationEvals/FoundationEvals/Stores/AutomationNativeFreshFixtures.swift /Users/coryparry/Developer/Projects/Intents/FoundationEvals/FoundationEvals/Stores/AutomationNativeMacSavedRuntime.swift /Users/coryparry/Developer/Projects/Intents/FoundationEvals/FoundationEvals/Stores/AutomationNativeRunPlanning.swift /Users/coryparry/Developer/Projects/Intents/FoundationEvals/FoundationEvals/Stores/AutomationNativeUIFailureSearch.swift /Users/coryparry/Developer/Projects/Intents/FoundationEvals/FoundationEvals/Stores/AutomationNativeUIFixComparison.swift /Users/coryparry/Developer/Projects/Intents/FoundationEvals/FoundationEvals/Stores/AutomationNativeUIFixComparisonCommand.swift /Users/coryparry/Developer/Projects/Intents/FoundationEvals/FoundationEvals/Stores/AutomationNativeUIReproduction.swift /Users/coryparry/Developer/Projects/Intents/FoundationEvals/FoundationEvals/Stores/AutomationNativeUIRuntime.swift /Users/coryparry/Developer/Projects/Intents/FoundationEvals/FoundationEvals/Stores/DeveloperRunnerStore.swift /Users/coryparry/Developer/Projects/Intents/FoundationEvals/FoundationEvals/Stores/EvaluationAttachmentStorage.swift /Users/coryparry/Developer/Projects/Intents/FoundationEvals/FoundationEvals/Stores/EvaluationStore.swift /Users/coryparry/Developer/Projects/Intents/FoundationEvals/FoundationEvals/Stores/EvaluationWorkspaceStatePersistence.swift /Users/coryparry/Developer/Projects/Intents/FoundationEvals/FoundationEvals/Stores/QuickActionsPillViewModel.swift /Users/coryparry/Developer/Projects/Intents/FoundationEvals/FoundationEvals/Support/JSONDocument.swift /Users/coryparry/Developer/Projects/Intents/FoundationEvals/FoundationEvals/Support/TelemetryEvent.swift /Users/coryparry/Developer/Projects/Intents/FoundationEvals/FoundationEvals/Views/Components/EditorSection.swift /Users/coryparry/Developer/Projects/Intents/FoundationEvals/FoundationEvals/Views/Components/PromptQuickActionsSection.swift /Users/coryparry/Developer/Projects/Intents/FoundationEvals/FoundationEvals/Views/Components/QuickActionsPill.swift (in target 'FoundationEvals' from project 'FoundationEvals')

SwiftCompile normal arm64 /Users/coryparry/Developer/Projects/Intents/FoundationEvals/FoundationEvals/Stores/AutomationNativeFreshFixtures.swift (in target 'FoundationEvals' from project 'FoundationEvals')
    cd /Users/coryparry/Developer/Projects/Intents/FoundationEvals
    builtin-SwiftPerFileCompile AutomationNativeFreshFixtures.swift

SwiftCompile normal arm64 /Users/coryparry/Developer/Projects/Intents/FoundationEvals/FoundationEvals/Stores/AutomationNativeMacSavedRuntime.swift (in target 'FoundationEvals' from project 'FoundationEvals')
    cd /Users/coryparry/Developer/Projects/Intents/FoundationEvals
    builtin-SwiftPerFileCompile AutomationNativeMacSavedRuntime.swift

SwiftCompile normal arm64 /Users/coryparry/Developer/Projects/Intents/FoundationEvals/FoundationEvals/Stores/AutomationNativeRunPlanning.swift (in target 'FoundationEvals' from project 'FoundationEvals')
    cd /Users/coryparry/Developer/Projects/Intents/FoundationEvals
    builtin-SwiftPerFileCompile AutomationNativeRunPlanning.swift

SwiftCompile normal arm64 /Users/coryparry/Developer/Projects/Intents/FoundationEvals/FoundationEvals/Stores/AutomationNativeUIFailureSearch.swift (in target 'FoundationEvals' from project 'FoundationEvals')
    cd /Users/coryparry/Developer/Projects/Intents/FoundationEvals
    builtin-SwiftPerFileCompile AutomationNativeUIFailureSearch.swift

SwiftCompile normal arm64 /Users/coryparry/Developer/Projects/Intents/FoundationEvals/FoundationEvals/Stores/AutomationNativeUIFixComparison.swift (in target 'FoundationEvals' from project 'FoundationEvals')
    cd /Users/coryparry/Developer/Projects/Intents/FoundationEvals
    builtin-SwiftPerFileCompile AutomationNativeUIFixComparison.swift

SwiftCompile normal arm64 /Users/coryparry/Developer/Projects/Intents/FoundationEvals/FoundationEvals/Stores/AutomationNativeUIFixComparisonCommand.swift (in target 'FoundationEvals' from project 'FoundationEvals')
    cd /Users/coryparry/Developer/Projects/Intents/FoundationEvals
    builtin-SwiftPerFileCompile AutomationNativeUIFixComparisonCommand.swift

SwiftCompile normal arm64 /Users/coryparry/Developer/Projects/Intents/FoundationEvals/FoundationEvals/Stores/AutomationNativeUIReproduction.swift (in target 'FoundationEvals' from project 'FoundationEvals')
    cd /Users/coryparry/Developer/Projects/Intents/FoundationEvals
    builtin-SwiftPerFileCompile AutomationNativeUIReproduction.swift

SwiftCompile normal arm64 /Users/coryparry/Developer/Projects/Intents/FoundationEvals/FoundationEvals/Stores/AutomationNativeUIRuntime.swift (in target 'FoundationEvals' from project 'FoundationEvals')
    cd /Users/coryparry/Developer/Projects/Intents/FoundationEvals
    builtin-SwiftPerFileCompile AutomationNativeUIRuntime.swift

SwiftCompile normal arm64 /Users/coryparry/Developer/Projects/Intents/FoundationEvals/FoundationEvals/Stores/DeveloperRunnerStore.swift (in target 'FoundationEvals' from project 'FoundationEvals')
    cd /Users/coryparry/Developer/Projects/Intents/FoundationEvals
    builtin-SwiftPerFileCompile DeveloperRunnerStore.swift

SwiftCompile normal arm64 /Users/coryparry/Developer/Projects/Intents/FoundationEvals/FoundationEvals/Stores/EvaluationAttachmentStorage.swift (in target 'FoundationEvals' from project 'FoundationEvals')
    cd /Users/coryparry/Developer/Projects/Intents/FoundationEvals
    builtin-SwiftPerFileCompile EvaluationAttachmentStorage.swift

SwiftCompile normal arm64 /Users/coryparry/Developer/Projects/Intents/FoundationEvals/FoundationEvals/Stores/EvaluationStore.swift (in target 'FoundationEvals' from project 'FoundationEvals')
    cd /Users/coryparry/Developer/Projects/Intents/FoundationEvals
    builtin-SwiftPerFileCompile EvaluationStore.swift

SwiftCompile normal arm64 /Users/coryparry/Developer/Projects/Intents/FoundationEvals/FoundationEvals/Stores/EvaluationWorkspaceStatePersistence.swift (in target 'FoundationEvals' from project 'FoundationEvals')
    cd /Users/coryparry/Developer/Projects/Intents/FoundationEvals
    builtin-SwiftPerFileCompile EvaluationWorkspaceStatePersistence.swift

SwiftCompile normal arm64 /Users/coryparry/Developer/Projects/Intents/FoundationEvals/FoundationEvals/Stores/QuickActionsPillViewModel.swift (in target 'FoundationEvals' from project 'FoundationEvals')
    cd /Users/coryparry/Developer/Projects/Intents/FoundationEvals
    builtin-SwiftPerFileCompile QuickActionsPillViewModel.swift

SwiftCompile normal arm64 /Users/coryparry/Developer/Projects/Intents/FoundationEvals/FoundationEvals/Support/JSONDocument.swift (in target 'FoundationEvals' from project 'FoundationEvals')
    cd /Users/coryparry/Developer/Projects/Intents/FoundationEvals
    builtin-SwiftPerFileCompile JSONDocument.swift

SwiftCompile normal arm64 /Users/coryparry/Developer/Projects/Intents/FoundationEvals/FoundationEvals/Support/TelemetryEvent.swift (in target 'FoundationEvals' from project 'FoundationEvals')
    cd /Users/coryparry/Developer/Projects/Intents/FoundationEvals
    builtin-SwiftPerFileCompile TelemetryEvent.swift

SwiftCompile normal arm64 /Users/coryparry/Developer/Projects/Intents/FoundationEvals/FoundationEvals/Views/Components/EditorSection.swift (in target 'FoundationEvals' from project 'FoundationEvals')
    cd /Users/coryparry/Developer/Projects/Intents/FoundationEvals
    builtin-SwiftPerFileCompile EditorSection.swift

SwiftCompile normal arm64 /Users/coryparry/Developer/Projects/Intents/FoundationEvals/FoundationEvals/Views/Components/PromptQuickActionsSection.swift (in target 'FoundationEvals' from project 'FoundationEvals')
    cd /Users/coryparry/Developer/Projects/Intents/FoundationEvals
    builtin-SwiftPerFileCompile PromptQuickActionsSection.swift

SwiftCompile normal arm64 /Users/coryparry/Developer/Projects/Intents/FoundationEvals/FoundationEvals/Views/Components/QuickActionsPill.swift (in target 'FoundationEvals' from project 'FoundationEvals')
    cd /Users/coryparry/Developer/Projects/Intents/FoundationEvals
    builtin-SwiftPerFileCompile QuickActionsPill.swift

SwiftDriverJobDiscovery normal arm64 Compiling SuiteRunControls.swift, TelemetrySettingsView.swift, TranscriptFeedbackSection.swift, VisionToolControls.swift, WorkflowSpanDetail.swift, WorkflowTraceView.swift, WorkspaceDashboardPanels.swift, WorkspaceDashboardPreviews.swift, WorkspaceManagerView.swift, WorkspaceOverviewView.swift, WorkspaceResetControl.swift, WorkspaceSidebar.swift, WorkspaceSidebarRows.swift, ContentView.swift, FoundationEvalsApp.swift, DeveloperRunnerView.swift, GeneratedAssetSymbols.swift (in target 'FoundationEvals' from project 'FoundationEvals')

SwiftCompile normal arm64 Compiling\ EvaluationCompatibleJudgeResponse.swift,\ EvaluationConversationRuntime.swift,\ EvaluationCustomTool.swift,\ EvaluationDeveloperFeatureAdapter.swift,\ EvaluationDevelopmentAnalysis.swift,\ EvaluationDynamicProfile.swift,\ EvaluationExactCriterion.swift,\ EvaluationExperimentRunner.swift,\ EvaluationFeatureAdapter.swift,\ EvaluationFeatureResponse.swift,\ EvaluationFieldAssertions.swift,\ EvaluationHTTPLanguageModel.swift,\ EvaluationJudge.swift,\ EvaluationReassessmentService.swift,\ EvaluationRunner.swift,\ EvaluationRunner+Judge.swift,\ EvaluationRunner+Prompt.swift,\ EvaluationRunner+Support.swift /Users/coryparry/Developer/Projects/Intents/FoundationEvals/FoundationEvals/Services/EvaluationCompatibleJudgeResponse.swift /Users/coryparry/Developer/Projects/Intents/FoundationEvals/FoundationEvals/Services/EvaluationConversationRuntime.swift /Users/coryparry/Developer/Projects/Intents/FoundationEvals/FoundationEvals/Services/EvaluationCustomTool.swift /Users/coryparry/Developer/Projects/Intents/FoundationEvals/FoundationEvals/Services/EvaluationDeveloperFeatureAdapter.swift /Users/coryparry/Developer/Projects/Intents/FoundationEvals/FoundationEvals/Services/EvaluationDevelopmentAnalysis.swift /Users/coryparry/Developer/Projects/Intents/FoundationEvals/FoundationEvals/Services/EvaluationDynamicProfile.swift /Users/coryparry/Developer/Projects/Intents/FoundationEvals/FoundationEvals/Services/EvaluationExactCriterion.swift /Users/coryparry/Developer/Projects/Intents/FoundationEvals/FoundationEvals/Services/EvaluationExperimentRunner.swift /Users/coryparry/Developer/Projects/Intents/FoundationEvals/FoundationEvals/Services/EvaluationFeatureAdapter.swift /Users/coryparry/Developer/Projects/Intents/FoundationEvals/FoundationEvals/Services/EvaluationFeatureResponse.swift /Users/coryparry/Developer/Projects/Intents/FoundationEvals/FoundationEvals/Services/EvaluationFieldAssertions.swift /Users/coryparry/Developer/Projects/Intents/FoundationEvals/FoundationEvals/Services/EvaluationHTTPLanguageModel.swift /Users/coryparry/Developer/Projects/Intents/FoundationEvals/FoundationEvals/Services/EvaluationJudge.swift /Users/coryparry/Developer/Projects/Intents/FoundationEvals/FoundationEvals/Services/EvaluationReassessmentService.swift /Users/coryparry/Developer/Projects/Intents/FoundationEvals/FoundationEvals/Services/EvaluationRunner.swift /Users/coryparry/Developer/Projects/Intents/FoundationEvals/FoundationEvals/Services/EvaluationRunner+Judge.swift /Users/coryparry/Developer/Projects/Intents/FoundationEvals/FoundationEvals/Services/EvaluationRunner+Prompt.swift /Users/coryparry/Developer/Projects/Intents/FoundationEvals/FoundationEvals/Services/EvaluationRunner+Support.swift (in target 'FoundationEvals' from project 'FoundationEvals')

SwiftCompile normal arm64 /Users/coryparry/Developer/Projects/Intents/FoundationEvals/FoundationEvals/Services/EvaluationCompatibleJudgeResponse.swift (in target 'FoundationEvals' from project 'FoundationEvals')
    cd /Users/coryparry/Developer/Projects/Intents/FoundationEvals
    builtin-SwiftPerFileCompile EvaluationCompatibleJudgeResponse.swift

SwiftCompile normal arm64 /Users/coryparry/Developer/Projects/Intents/FoundationEvals/FoundationEvals/Services/EvaluationConversationRuntime.swift (in target 'FoundationEvals' from project 'FoundationEvals')
    cd /Users/coryparry/Developer/Projects/Intents/FoundationEvals
    builtin-SwiftPerFileCompile EvaluationConversationRuntime.swift

SwiftCompile normal arm64 /Users/coryparry/Developer/Projects/Intents/FoundationEvals/FoundationEvals/Services/EvaluationCustomTool.swift (in target 'FoundationEvals' from project 'FoundationEvals')
    cd /Users/coryparry/Developer/Projects/Intents/FoundationEvals
    builtin-SwiftPerFileCompile EvaluationCustomTool.swift

SwiftCompile normal arm64 /Users/coryparry/Developer/Projects/Intents/FoundationEvals/FoundationEvals/Services/EvaluationDeveloperFeatureAdapter.swift (in target 'FoundationEvals' from project 'FoundationEvals')
    cd /Users/coryparry/Developer/Projects/Intents/FoundationEvals
    builtin-SwiftPerFileCompile EvaluationDeveloperFeatureAdapter.swift

SwiftCompile normal arm64 /Users/coryparry/Developer/Projects/Intents/FoundationEvals/FoundationEvals/Services/EvaluationDevelopmentAnalysis.swift (in target 'FoundationEvals' from project 'FoundationEvals')
    cd /Users/coryparry/Developer/Projects/Intents/FoundationEvals
    builtin-SwiftPerFileCompile EvaluationDevelopmentAnalysis.swift

SwiftCompile normal arm64 /Users/coryparry/Developer/Projects/Intents/FoundationEvals/FoundationEvals/Services/EvaluationDynamicProfile.swift (in target 'FoundationEvals' from project 'FoundationEvals')
    cd /Users/coryparry/Developer/Projects/Intents/FoundationEvals
    builtin-SwiftPerFileCompile EvaluationDynamicProfile.swift

SwiftCompile normal arm64 /Users/coryparry/Developer/Projects/Intents/FoundationEvals/FoundationEvals/Services/EvaluationExactCriterion.swift (in target 'FoundationEvals' from project 'FoundationEvals')
    cd /Users/coryparry/Developer/Projects/Intents/FoundationEvals
    builtin-SwiftPerFileCompile EvaluationExactCriterion.swift

SwiftCompile normal arm64 /Users/coryparry/Developer/Projects/Intents/FoundationEvals/FoundationEvals/Services/EvaluationExperimentRunner.swift (in target 'FoundationEvals' from project 'FoundationEvals')
    cd /Users/coryparry/Developer/Projects/Intents/FoundationEvals
    builtin-SwiftPerFileCompile EvaluationExperimentRunner.swift

SwiftCompile normal arm64 /Users/coryparry/Developer/Projects/Intents/FoundationEvals/FoundationEvals/Services/EvaluationFeatureAdapter.swift (in target 'FoundationEvals' from project 'FoundationEvals')
    cd /Users/coryparry/Developer/Projects/Intents/FoundationEvals
    builtin-SwiftPerFileCompile EvaluationFeatureAdapter.swift

SwiftCompile normal arm64 /Users/coryparry/Developer/Projects/Intents/FoundationEvals/FoundationEvals/Services/EvaluationFeatureResponse.swift (in target 'FoundationEvals' from project 'FoundationEvals')
    cd /Users/coryparry/Developer/Projects/Intents/FoundationEvals
    builtin-SwiftPerFileCompile EvaluationFeatureResponse.swift

SwiftCompile normal arm64 /Users/coryparry/Developer/Projects/Intents/FoundationEvals/FoundationEvals/Services/EvaluationFieldAssertions.swift (in target 'FoundationEvals' from project 'FoundationEvals')
    cd /Users/coryparry/Developer/Projects/Intents/FoundationEvals
    builtin-SwiftPerFileCompile EvaluationFieldAssertions.swift

SwiftCompile normal arm64 /Users/coryparry/Developer/Projects/Intents/FoundationEvals/FoundationEvals/Services/EvaluationHTTPLanguageModel.swift (in target 'FoundationEvals' from project 'FoundationEvals')
    cd /Users/coryparry/Developer/Projects/Intents/FoundationEvals
    builtin-SwiftPerFileCompile EvaluationHTTPLanguageModel.swift

SwiftCompile normal arm64 /Users/coryparry/Developer/Projects/Intents/FoundationEvals/FoundationEvals/Services/EvaluationJudge.swift (in target 'FoundationEvals' from project 'FoundationEvals')
    cd /Users/coryparry/Developer/Projects/Intents/FoundationEvals
    builtin-SwiftPerFileCompile EvaluationJudge.swift

SwiftCompile normal arm64 /Users/coryparry/Developer/Projects/Intents/FoundationEvals/FoundationEvals/Services/EvaluationReassessmentService.swift (in target 'FoundationEvals' from project 'FoundationEvals')
    cd /Users/coryparry/Developer/Projects/Intents/FoundationEvals
    builtin-SwiftPerFileCompile EvaluationReassessmentService.swift

SwiftCompile normal arm64 /Users/coryparry/Developer/Projects/Intents/FoundationEvals/FoundationEvals/Services/EvaluationRunner.swift (in target 'FoundationEvals' from project 'FoundationEvals')
    cd /Users/coryparry/Developer/Projects/Intents/FoundationEvals
    builtin-SwiftPerFileCompile EvaluationRunner.swift

SwiftCompile normal arm64 /Users/coryparry/Developer/Projects/Intents/FoundationEvals/FoundationEvals/Services/EvaluationRunner+Judge.swift (in target 'FoundationEvals' from project 'FoundationEvals')
    cd /Users/coryparry/Developer/Projects/Intents/FoundationEvals
    builtin-SwiftPerFileCompile EvaluationRunner+Judge.swift

SwiftCompile normal arm64 /Users/coryparry/Developer/Projects/Intents/FoundationEvals/FoundationEvals/Services/EvaluationRunner+Prompt.swift (in target 'FoundationEvals' from project 'FoundationEvals')
    cd /Users/coryparry/Developer/Projects/Intents/FoundationEvals
    builtin-SwiftPerFileCompile EvaluationRunner+Prompt.swift

SwiftCompile normal arm64 /Users/coryparry/Developer/Projects/Intents/FoundationEvals/FoundationEvals/Services/EvaluationRunner+Support.swift (in target 'FoundationEvals' from project 'FoundationEvals')
    cd /Users/coryparry/Developer/Projects/Intents/FoundationEvals
    builtin-SwiftPerFileCompile EvaluationRunner+Support.swift

SwiftDriverJobDiscovery normal arm64 Compiling DeveloperProtocol.swift, DeveloperFeatureRegistry.swift, DeveloperRunnerHostEngine.swift, DeveloperRunnerIdentity+Current.swift, DeveloperRunnerService.swift, DeveloperRunnerClient.swift, CodexMCPInstaller.swift, MCPSettingsController.swift, MCPJSON.swift, MCPProtocolHandler.swift, MCPServer.swift, MCPToolCatalog.swift, DevelopmentWorkflowModels.swift, EvaluationBuiltinToolTrace.swift, EvaluationConversation.swift, EvaluationCoreAIConfiguration.swift, EvaluationFeatureConfiguration.swift, EvaluationFieldAssertion.swift (in target 'FoundationEvals' from project 'FoundationEvals')

SwiftDriverJobDiscovery normal arm64 Compiling AutomationNativeFreshFixtures.swift, AutomationNativeMacSavedRuntime.swift, AutomationNativeRunPlanning.swift, AutomationNativeUIFailureSearch.swift, AutomationNativeUIFixComparison.swift, AutomationNativeUIFixComparisonCommand.swift, AutomationNativeUIReproduction.swift, AutomationNativeUIRuntime.swift, DeveloperRunnerStore.swift, EvaluationAttachmentStorage.swift, EvaluationStore.swift, EvaluationWorkspaceStatePersistence.swift, QuickActionsPillViewModel.swift, JSONDocument.swift, TelemetryEvent.swift, EditorSection.swift, PromptQuickActionsSection.swift, QuickActionsPill.swift (in target 'FoundationEvals' from project 'FoundationEvals')

SwiftDriverJobDiscovery normal arm64 Compiling EvaluationCompatibleJudgeResponse.swift, EvaluationConversationRuntime.swift, EvaluationCustomTool.swift, EvaluationDeveloperFeatureAdapter.swift, EvaluationDevelopmentAnalysis.swift, EvaluationDynamicProfile.swift, EvaluationExactCriterion.swift, EvaluationExperimentRunner.swift, EvaluationFeatureAdapter.swift, EvaluationFeatureResponse.swift, EvaluationFieldAssertions.swift, EvaluationHTTPLanguageModel.swift, EvaluationJudge.swift, EvaluationReassessmentService.swift, EvaluationRunner.swift, EvaluationRunner+Judge.swift, EvaluationRunner+Prompt.swift, EvaluationRunner+Support.swift (in target 'FoundationEvals' from project 'FoundationEvals')

SwiftDriver\ Compilation FoundationEvals normal arm64 com.apple.xcode.tools.swift.compiler (in target 'FoundationEvals' from project 'FoundationEvals')
    cd /Users/coryparry/Developer/Projects/Intents/FoundationEvals
    builtin-Swift-Compilation -- /Applications/Xcode.app/Contents/Developer/Toolchains/XcodeDefault.xctoolchain/usr/bin/swiftc -module-name FoundationEvals -Onone @/tmp/intents-automation-native-saved-build1/Build/Intermediates.noindex/FoundationEvals.build/Debug/FoundationEvals.build/Objects-normal/arm64/Intents.SwiftFileList -DDEBUG -Xcc -fmodule-map-file\=/tmp/intents-automation-native-saved-build1/SourcePackages/checkouts/xgrammar/include/module.modulemap -Xcc -fmodule-map-file\=/tmp/intents-automation-native-saved-build1/Build/Intermediates.noindex/GeneratedModuleMaps/yyjson.modulemap -Xcc -fmodule-map-file\=/tmp/intents-automation-native-saved-build1/SourcePackages/checkouts/coreai-models/swift/Sources/lib/CXGrammar/include/module.modulemap -Xcc -fmodule-map-file\=/tmp/intents-automation-native-saved-build1/Build/Intermediates.noindex/GeneratedModuleMaps/PHPLCrashReporter.modulemap -Xcc -fmodule-map-file\=/tmp/intents-automation-native-saved-build1/Build/Intermediates.noindex/GeneratedModuleMaps/phlibwebp.modulemap -Xcc -fmodule-map-file\=/tmp/intents-automation-native-saved-build1/Build/Intermediates.noindex/GeneratedModuleMaps/PostHogObjCExceptionSupport.modulemap -Xcc -fmodule-map-file\=/tmp/intents-automation-native-saved-build1/Build/Intermediates.noindex/GeneratedModuleMaps/CNIOLLHTTP.modulemap -Xcc -fmodule-map-file\=/tmp/intents-automation-native-saved-build1/SourcePackages/checkouts/swift-atomics/Sources/_AtomicsShims/include/module.modulemap -Xcc -fmodule-map-file\=/tmp/intents-automation-native-saved-build1/SourcePackages/checkouts/swift-system/Sources/CSystem/include/module.modulemap -Xcc -fmodule-map-file\=/tmp/intents-automation-native-saved-build1/Build/Intermediates.noindex/GeneratedModuleMaps/CNIOPosix.modulemap -Xcc -fmodule-map-file\=/tmp/intents-automation-native-saved-build1/Build/Intermediates.noindex/GeneratedModuleMaps/CNIOWASI.modulemap -Xcc -fmodule-map-file\=/tmp/intents-automation-native-saved-build1/SourcePackages/checkouts/swift-nio/Sources/CNIOWindows/include/module.modulemap -Xcc -fmodule-map-file\=/tmp/intents-automation-native-saved-build1/Build/Intermediates.noindex/GeneratedModuleMaps/CNIOLinux.modulemap -Xcc -fmodule-map-file\=/tmp/intents-automation-native-saved-build1/Build/Intermediates.noindex/GeneratedModuleMaps/CNIODarwin.modulemap -Xcc -fmodule-map-file\=/tmp/intents-automation-native-saved-build1/Build/Intermediates.noindex/GeneratedModuleMaps/CNIOFreeBSD.modulemap -Xcc -fmodule-map-file\=/tmp/intents-automation-native-saved-build1/Build/Intermediates.noindex/GeneratedModuleMaps/CNIOOpenBSD.modulemap -Xcc -fmodule-map-file\=/tmp/intents-automation-native-saved-build1/Build/Intermediates.noindex/GeneratedModuleMaps/CNIOAtomics.modulemap -enable-upcoming-feature MemberImportVisibility -enable-upcoming-feature InferIsolatedConformances -enable-upcoming-feature NonisolatedNonsendingByDefault -enable-experimental-feature DebugDescriptionMacro -sdk /Applications/Xcode.app/Contents/Developer/Platforms/MacOSX.platform/Developer/SDKs/MacOSX27.0.sdk -target arm64-apple-macos27.0 -g -module-cache-path /tmp/intents-automation-native-saved-build1/ModuleCache.noindex -Xfrontend -serialize-debugging-options -enable-testing -index-store-path /tmp/intents-automation-native-saved-build1/Index.noindex/DataStore -Xcc -D_LIBCPP_HARDENING_MODE\=_LIBCPP_HARDENING_MODE_DEBUG -swift-version 6 -I /tmp/intents-automation-native-saved-build1/Build/Products/Debug -F /tmp/intents-automation-native-saved-build1/Build/Products/Debug/PackageFrameworks -F /tmp/intents-automation-native-saved-build1/Build/Products/Debug -emit-localized-strings -emit-localized-strings-path /tmp/intents-automation-native-saved-build1/Build/Intermediates.noindex/FoundationEvals.build/Debug/FoundationEvals.build/Objects-normal/arm64 -c -j10 -enable-batch-mode -incremental -Xcc -ivfsstatcache -Xcc /tmp/intents-automation-native-saved-build1/SDKStatCaches.noindex/macosx27.0-26A425-e829b21a6f8c9b70876ba0858053c0447231f6df4def33e022ae2eb8f782df1a.sdkstatcache -output-file-map /tmp/intents-automation-native-saved-build1/Build/Intermediates.noindex/FoundationEvals.build/Debug/FoundationEvals.build/Objects-normal/arm64/FoundationEvals-OutputFileMap.json -save-temps -no-color-diagnostics -explicit-module-build -module-cache-path /tmp/intents-automation-native-saved-build1/Build/Intermediates.noindex/SwiftExplicitPrecompiledModules -clang-scanner-module-cache-path /tmp/intents-automation-native-saved-build1/ModuleCache.noindex -sdk-module-cache-path /tmp/intents-automation-native-saved-build1/SDKExplicitPrecompiledModules -emit-dependencies -emit-module -emit-module-path /tmp/intents-automation-native-saved-build1/Build/Intermediates.noindex/FoundationEvals.build/Debug/FoundationEvals.build/Objects-normal/arm64/FoundationEvals.swiftmodule -serialize-diagnostics -dependency-scan-serialize-diagnostics-path /tmp/intents-automation-native-saved-build1/Build/Intermediates.noindex/FoundationEvals.build/Debug/FoundationEvals.build/Objects-normal/arm64/FoundationEvals-dependency-scan.dia -validate-clang-modules-once -clang-build-session-file /tmp/intents-automation-native-saved-build1/ModuleCache.noindex/Session.modulevalidation -Xcc -fmodules-prune-interval\=86400 -Xcc -fmodules-prune-after\=345600 -emit-const-values -const-gather-protocols-list /tmp/intents-automation-native-saved-build1/Build/Intermediates.noindex/FoundationEvals.build/Debug/FoundationEvals.build/Objects-normal/arm64/FoundationEvals_const_extract_protocols.json -Xcc -iquote -Xcc /tmp/intents-automation-native-saved-build1/Build/Intermediates.noindex/FoundationEvals.build/Debug/FoundationEvals.build/Intents-generated-files.hmap -Xcc -I/tmp/intents-automation-native-saved-build1/Build/Intermediates.noindex/FoundationEvals.build/Debug/FoundationEvals.build/Intents-own-target-headers.hmap -Xcc -I/tmp/intents-automation-native-saved-build1/Build/Intermediates.noindex/FoundationEvals.build/Debug/FoundationEvals.build/Intents-all-non-framework-target-headers.hmap -Xcc -ivfsoverlay -Xcc /tmp/intents-automation-native-saved-build1/Build/Intermediates.noindex/FoundationEvals.build/Debug/FoundationEvals-47497ee4f2b213fa93d3c96adafd960b-VFS/all-product-headers.yaml -Xcc -iquote -Xcc /tmp/intents-automation-native-saved-build1/Build/Intermediates.noindex/FoundationEvals.build/Debug/FoundationEvals.build/Intents-project-headers.hmap -Xcc -I/tmp/intents-automation-native-saved-build1/SourcePackages/checkouts/xgrammar/include -Xcc -I/tmp/intents-automation-native-saved-build1/SourcePackages/checkouts/yyjson/src -Xcc -I/tmp/intents-automation-native-saved-build1/SourcePackages/checkouts/coreai-models/swift/Sources/lib/CXGrammar/include -Xcc -I/tmp/intents-automation-native-saved-build1/SourcePackages/checkouts/posthog-ios/vendor/PHPLCrashReporter/include -Xcc -I/tmp/intents-automation-native-saved-build1/SourcePackages/checkouts/posthog-ios/vendor/libwebp -Xcc -I/tmp/intents-automation-native-saved-build1/SourcePackages/checkouts/posthog-ios/PostHog/ObjCExceptionSupport -Xcc -I/tmp/intents-automation-native-saved-build1/SourcePackages/checkouts/swift-nio/Sources/CNIOLLHTTP/include -Xcc -I/tmp/intents-automation-native-saved-build1/SourcePackages/checkouts/swift-atomics/Sources/_AtomicsShims/include -Xcc -I/tmp/intents-automation-native-saved-build1/SourcePackages/checkouts/swift-system/Sources/CSystem/include -Xcc -I/tmp/intents-automation-native-saved-build1/SourcePackages/checkouts/swift-nio/Sources/CNIOPosix/include -Xcc -I/tmp/intents-automation-native-saved-build1/SourcePackages/checkouts/swift-nio/Sources/CNIOWASI/include -Xcc -I/tmp/intents-automation-native-saved-build1/SourcePackages/checkouts/swift-nio/Sources/CNIOWindows/include -Xcc -I/tmp/intents-automation-native-saved-build1/SourcePackages/checkouts/swift-nio/Sources/CNIOLinux/include -Xcc -I/tmp/intents-automation-native-saved-build1/SourcePackages/checkouts/swift-nio/Sources/CNIODarwin/include -Xcc -I/tmp/intents-automation-native-saved-build1/SourcePackages/checkouts/swift-nio/Sources/CNIOFreeBSD/include -Xcc -I/tmp/intents-automation-native-saved-build1/SourcePackages/checkouts/swift-nio/Sources/CNIOOpenBSD/include -Xcc -I/tmp/intents-automation-native-saved-build1/SourcePackages/checkouts/swift-nio/Sources/CNIOAtomics/include -Xcc -I/tmp/intents-automation-native-saved-build1/Build/Products/Debug/include -Xcc -I/tmp/intents-automation-native-saved-build1/Build/Intermediates.noindex/FoundationEvals.build/Debug/FoundationEvals.build/DerivedSources-normal/arm64 -Xcc -I/tmp/intents-automation-native-saved-build1/Build/Intermediates.noindex/FoundationEvals.build/Debug/FoundationEvals.build/DerivedSources/arm64 -Xcc -I/tmp/intents-automation-native-saved-build1/Build/Intermediates.noindex/FoundationEvals.build/Debug/FoundationEvals.build/DerivedSources -Xcc -DDEBUG\=1 -emit-objc-header -emit-objc-header-path /tmp/intents-automation-native-saved-build1/Build/Intermediates.noindex/FoundationEvals.build/Debug/FoundationEvals.build/Objects-normal/arm64/FoundationEvals-Swift.h -working-directory /Users/coryparry/Developer/Projects/Intents/FoundationEvals -experimental-emit-module-separately -disable-cmo

SwiftDriverJobDiscovery normal arm64 Emitting module for FoundationEvals (in target 'FoundationEvals' from project 'FoundationEvals')

SwiftDriver\ Compilation\ Requirements FoundationEvals normal arm64 com.apple.xcode.tools.swift.compiler (in target 'FoundationEvals' from project 'FoundationEvals')
    cd /Users/coryparry/Developer/Projects/Intents/FoundationEvals
    builtin-Swift-Compilation-Requirements -- /Applications/Xcode.app/Contents/Developer/Toolchains/XcodeDefault.xctoolchain/usr/bin/swiftc -module-name FoundationEvals -Onone @/tmp/intents-automation-native-saved-build1/Build/Intermediates.noindex/FoundationEvals.build/Debug/FoundationEvals.build/Objects-normal/arm64/Intents.SwiftFileList -DDEBUG -Xcc -fmodule-map-file\=/tmp/intents-automation-native-saved-build1/SourcePackages/checkouts/xgrammar/include/module.modulemap -Xcc -fmodule-map-file\=/tmp/intents-automation-native-saved-build1/Build/Intermediates.noindex/GeneratedModuleMaps/yyjson.modulemap -Xcc -fmodule-map-file\=/tmp/intents-automation-native-saved-build1/SourcePackages/checkouts/coreai-models/swift/Sources/lib/CXGrammar/include/module.modulemap -Xcc -fmodule-map-file\=/tmp/intents-automation-native-saved-build1/Build/Intermediates.noindex/GeneratedModuleMaps/PHPLCrashReporter.modulemap -Xcc -fmodule-map-file\=/tmp/intents-automation-native-saved-build1/Build/Intermediates.noindex/GeneratedModuleMaps/phlibwebp.modulemap -Xcc -fmodule-map-file\=/tmp/intents-automation-native-saved-build1/Build/Intermediates.noindex/GeneratedModuleMaps/PostHogObjCExceptionSupport.modulemap -Xcc -fmodule-map-file\=/tmp/intents-automation-native-saved-build1/Build/Intermediates.noindex/GeneratedModuleMaps/CNIOLLHTTP.modulemap -Xcc -fmodule-map-file\=/tmp/intents-automation-native-saved-build1/SourcePackages/checkouts/swift-atomics/Sources/_AtomicsShims/include/module.modulemap -Xcc -fmodule-map-file\=/tmp/intents-automation-native-saved-build1/SourcePackages/checkouts/swift-system/Sources/CSystem/include/module.modulemap -Xcc -fmodule-map-file\=/tmp/intents-automation-native-saved-build1/Build/Intermediates.noindex/GeneratedModuleMaps/CNIOPosix.modulemap -Xcc -fmodule-map-file\=/tmp/intents-automation-native-saved-build1/Build/Intermediates.noindex/GeneratedModuleMaps/CNIOWASI.modulemap -Xcc -fmodule-map-file\=/tmp/intents-automation-native-saved-build1/SourcePackages/checkouts/swift-nio/Sources/CNIOWindows/include/module.modulemap -Xcc -fmodule-map-file\=/tmp/intents-automation-native-saved-build1/Build/Intermediates.noindex/GeneratedModuleMaps/CNIOLinux.modulemap -Xcc -fmodule-map-file\=/tmp/intents-automation-native-saved-build1/Build/Intermediates.noindex/GeneratedModuleMaps/CNIODarwin.modulemap -Xcc -fmodule-map-file\=/tmp/intents-automation-native-saved-build1/Build/Intermediates.noindex/GeneratedModuleMaps/CNIOFreeBSD.modulemap -Xcc -fmodule-map-file\=/tmp/intents-automation-native-saved-build1/Build/Intermediates.noindex/GeneratedModuleMaps/CNIOOpenBSD.modulemap -Xcc -fmodule-map-file\=/tmp/intents-automation-native-saved-build1/Build/Intermediates.noindex/GeneratedModuleMaps/CNIOAtomics.modulemap -enable-upcoming-feature MemberImportVisibility -enable-upcoming-feature InferIsolatedConformances -enable-upcoming-feature NonisolatedNonsendingByDefault -enable-experimental-feature DebugDescriptionMacro -sdk /Applications/Xcode.app/Contents/Developer/Platforms/MacOSX.platform/Developer/SDKs/MacOSX27.0.sdk -target arm64-apple-macos27.0 -g -module-cache-path /tmp/intents-automation-native-saved-build1/ModuleCache.noindex -Xfrontend -serialize-debugging-options -enable-testing -index-store-path /tmp/intents-automation-native-saved-build1/Index.noindex/DataStore -Xcc -D_LIBCPP_HARDENING_MODE\=_LIBCPP_HARDENING_MODE_DEBUG -swift-version 6 -I /tmp/intents-automation-native-saved-build1/Build/Products/Debug -F /tmp/intents-automation-native-saved-build1/Build/Products/Debug/PackageFrameworks -F /tmp/intents-automation-native-saved-build1/Build/Products/Debug -emit-localized-strings -emit-localized-strings-path /tmp/intents-automation-native-saved-build1/Build/Intermediates.noindex/FoundationEvals.build/Debug/FoundationEvals.build/Objects-normal/arm64 -c -j10 -enable-batch-mode -incremental -Xcc -ivfsstatcache -Xcc /tmp/intents-automation-native-saved-build1/SDKStatCaches.noindex/macosx27.0-26A425-e829b21a6f8c9b70876ba0858053c0447231f6df4def33e022ae2eb8f782df1a.sdkstatcache -output-file-map /tmp/intents-automation-native-saved-build1/Build/Intermediates.noindex/FoundationEvals.build/Debug/FoundationEvals.build/Objects-normal/arm64/FoundationEvals-OutputFileMap.json -save-temps -no-color-diagnostics -explicit-module-build -module-cache-path /tmp/intents-automation-native-saved-build1/Build/Intermediates.noindex/SwiftExplicitPrecompiledModules -clang-scanner-module-cache-path /tmp/intents-automation-native-saved-build1/ModuleCache.noindex -sdk-module-cache-path /tmp/intents-automation-native-saved-build1/SDKExplicitPrecompiledModules -emit-dependencies -emit-module -emit-module-path /tmp/intents-automation-native-saved-build1/Build/Intermediates.noindex/FoundationEvals.build/Debug/FoundationEvals.build/Objects-normal/arm64/FoundationEvals.swiftmodule -serialize-diagnostics -dependency-scan-serialize-diagnostics-path /tmp/intents-automation-native-saved-build1/Build/Intermediates.noindex/FoundationEvals.build/Debug/FoundationEvals.build/Objects-normal/arm64/FoundationEvals-dependency-scan.dia -validate-clang-modules-once -clang-build-session-file /tmp/intents-automation-native-saved-build1/ModuleCache.noindex/Session.modulevalidation -Xcc -fmodules-prune-interval\=86400 -Xcc -fmodules-prune-after\=345600 -emit-const-values -const-gather-protocols-list /tmp/intents-automation-native-saved-build1/Build/Intermediates.noindex/FoundationEvals.build/Debug/FoundationEvals.build/Objects-normal/arm64/FoundationEvals_const_extract_protocols.json -Xcc -iquote -Xcc /tmp/intents-automation-native-saved-build1/Build/Intermediates.noindex/FoundationEvals.build/Debug/FoundationEvals.build/Intents-generated-files.hmap -Xcc -I/tmp/intents-automation-native-saved-build1/Build/Intermediates.noindex/FoundationEvals.build/Debug/FoundationEvals.build/Intents-own-target-headers.hmap -Xcc -I/tmp/intents-automation-native-saved-build1/Build/Intermediates.noindex/FoundationEvals.build/Debug/FoundationEvals.build/Intents-all-non-framework-target-headers.hmap -Xcc -ivfsoverlay -Xcc /tmp/intents-automation-native-saved-build1/Build/Intermediates.noindex/FoundationEvals.build/Debug/FoundationEvals-47497ee4f2b213fa93d3c96adafd960b-VFS/all-product-headers.yaml -Xcc -iquote -Xcc /tmp/intents-automation-native-saved-build1/Build/Intermediates.noindex/FoundationEvals.build/Debug/FoundationEvals.build/Intents-project-headers.hmap -Xcc -I/tmp/intents-automation-native-saved-build1/SourcePackages/checkouts/xgrammar/include -Xcc -I/tmp/intents-automation-native-saved-build1/SourcePackages/checkouts/yyjson/src -Xcc -I/tmp/intents-automation-native-saved-build1/SourcePackages/checkouts/coreai-models/swift/Sources/lib/CXGrammar/include -Xcc -I/tmp/intents-automation-native-saved-build1/SourcePackages/checkouts/posthog-ios/vendor/PHPLCrashReporter/include -Xcc -I/tmp/intents-automation-native-saved-build1/SourcePackages/checkouts/posthog-ios/vendor/libwebp -Xcc -I/tmp/intents-automation-native-saved-build1/SourcePackages/checkouts/posthog-ios/PostHog/ObjCExceptionSupport -Xcc -I/tmp/intents-automation-native-saved-build1/SourcePackages/checkouts/swift-nio/Sources/CNIOLLHTTP/include -Xcc -I/tmp/intents-automation-native-saved-build1/SourcePackages/checkouts/swift-atomics/Sources/_AtomicsShims/include -Xcc -I/tmp/intents-automation-native-saved-build1/SourcePackages/checkouts/swift-system/Sources/CSystem/include -Xcc -I/tmp/intents-automation-native-saved-build1/SourcePackages/checkouts/swift-nio/Sources/CNIOPosix/include -Xcc -I/tmp/intents-automation-native-saved-build1/SourcePackages/checkouts/swift-nio/Sources/CNIOWASI/include -Xcc -I/tmp/intents-automation-native-saved-build1/SourcePackages/checkouts/swift-nio/Sources/CNIOWindows/include -Xcc -I/tmp/intents-automation-native-saved-build1/SourcePackages/checkouts/swift-nio/Sources/CNIOLinux/include -Xcc -I/tmp/intents-automation-native-saved-build1/SourcePackages/checkouts/swift-nio/Sources/CNIODarwin/include -Xcc -I/tmp/intents-automation-native-saved-build1/SourcePackages/checkouts/swift-nio/Sources/CNIOFreeBSD/include -Xcc -I/tmp/intents-automation-native-saved-build1/SourcePackages/checkouts/swift-nio/Sources/CNIOOpenBSD/include -Xcc -I/tmp/intents-automation-native-saved-build1/SourcePackages/checkouts/swift-nio/Sources/CNIOAtomics/include -Xcc -I/tmp/intents-automation-native-saved-build1/Build/Products/Debug/include -Xcc -I/tmp/intents-automation-native-saved-build1/Build/Intermediates.noindex/FoundationEvals.build/Debug/FoundationEvals.build/DerivedSources-normal/arm64 -Xcc -I/tmp/intents-automation-native-saved-build1/Build/Intermediates.noindex/FoundationEvals.build/Debug/FoundationEvals.build/DerivedSources/arm64 -Xcc -I/tmp/intents-automation-native-saved-build1/Build/Intermediates.noindex/FoundationEvals.build/Debug/FoundationEvals.build/DerivedSources -Xcc -DDEBUG\=1 -emit-objc-header -emit-objc-header-path /tmp/intents-automation-native-saved-build1/Build/Intermediates.noindex/FoundationEvals.build/Debug/FoundationEvals.build/Objects-normal/arm64/FoundationEvals-Swift.h -working-directory /Users/coryparry/Developer/Projects/Intents/FoundationEvals -experimental-emit-module-separately -disable-cmo

Ld /tmp/intents-automation-native-saved-build1/Build/Products/Debug/Intents.app/Contents/MacOS/FoundationEvals.debug.dylib normal (in target 'FoundationEvals' from project 'FoundationEvals')
    cd /Users/coryparry/Developer/Projects/Intents/FoundationEvals
    /Applications/Xcode.app/Contents/Developer/Toolchains/XcodeDefault.xctoolchain/usr/bin/clang -Xlinker -reproducible -target arm64-apple-macos27.0 -dynamiclib -isysroot /Applications/Xcode.app/Contents/Developer/Platforms/MacOSX.platform/Developer/SDKs/MacOSX27.0.sdk -O0 -Xlinker -no_warn_duplicate_libraries -L/tmp/intents-automation-native-saved-build1/Build/Intermediates.noindex/EagerLinkingTBDs/Debug -L/tmp/intents-automation-native-saved-build1/Build/Products/Debug -F/tmp/intents-automation-native-saved-build1/Build/Intermediates.noindex/EagerLinkingTBDs/Debug -F/tmp/intents-automation-native-saved-build1/Build/Products/Debug/PackageFrameworks -F/tmp/intents-automation-native-saved-build1/Build/Products/Debug -filelist /tmp/intents-automation-native-saved-build1/Build/Intermediates.noindex/FoundationEvals.build/Debug/FoundationEvals.build/Objects-normal/arm64/Intents.LinkFileList -install_name @rpath/FoundationEvals.debug.dylib -Xlinker -rpath -Xlinker @loader_path -Xlinker -rpath -Xlinker /tmp/intents-automation-native-saved-build1/Build/Products/Debug/PackageFrameworks -Xlinker -rpath -Xlinker @executable_path/../Frameworks -Xlinker -object_path_lto -Xlinker /tmp/intents-automation-native-saved-build1/Build/Intermediates.noindex/FoundationEvals.build/Debug/FoundationEvals.build/Objects-normal/arm64/Intents_lto.o -rdynamic -Xlinker -no_deduplicate -Xlinker -dependency_info -Xlinker /tmp/intents-automation-native-saved-build1/Build/Intermediates.noindex/FoundationEvals.build/Debug/FoundationEvals.build/Objects-normal/arm64/Intents_dependency_info.dat -fobjc-link-runtime -L/Applications/Xcode.app/Contents/Developer/Toolchains/XcodeDefault.xctoolchain/usr/lib/swift/macosx -L/usr/lib/swift -Xlinker -add_ast_path -Xlinker /tmp/intents-automation-native-saved-build1/Build/Intermediates.noindex/FoundationEvals.build/Debug/FoundationEvals.build/Objects-normal/arm64/FoundationEvals.swiftmodule -lc++ -lc++ -lc++ -framework Foundation -lc++ -Xlinker -alias -Xlinker _main -Xlinker ___debug_main_executable_dylib_entry_point -framework Sparkle -o /tmp/intents-automation-native-saved-build1/Build/Products/Debug/Intents.app/Contents/MacOS/FoundationEvals.debug.dylib

ConstructStubExecutorLinkFileList /tmp/intents-automation-native-saved-build1/Build/Intermediates.noindex/FoundationEvals.build/Debug/FoundationEvals.build/Intents-ExecutorLinkFileList-normal-arm64.txt (in target 'FoundationEvals' from project 'FoundationEvals')
    cd /Users/coryparry/Developer/Projects/Intents/FoundationEvals
    construct-stub-executor-link-file-list /tmp/intents-automation-native-saved-build1/Build/Products/Debug/Intents.app/Contents/MacOS/FoundationEvals.debug.dylib /Applications/Xcode.app/Contents/Developer/Platforms/MacOSX.platform/Developer/usr/lib/libPreviewsJITStubExecutor_no_swift_entry_point.a /Applications/Xcode.app/Contents/Developer/Platforms/MacOSX.platform/Developer/usr/lib/libPreviewsJITStubExecutor.a --output /tmp/intents-automation-native-saved-build1/Build/Intermediates.noindex/FoundationEvals.build/Debug/FoundationEvals.build/Intents-ExecutorLinkFileList-normal-arm64.txt
note: Using stub executor library with Swift entry point. (in target 'FoundationEvals' from project 'FoundationEvals')

Copy /tmp/intents-automation-native-saved-build1/Build/Products/Debug/FoundationEvals.swiftmodule/arm64-apple-macos.abi.json /tmp/intents-automation-native-saved-build1/Build/Intermediates.noindex/FoundationEvals.build/Debug/FoundationEvals.build/Objects-normal/arm64/FoundationEvals.abi.json (in target 'FoundationEvals' from project 'FoundationEvals')
    cd /Users/coryparry/Developer/Projects/Intents/FoundationEvals
    builtin-copy -exclude .DS_Store -exclude CVS -exclude .svn -exclude .git -exclude .hg -resolve-src-symlinks -rename /tmp/intents-automation-native-saved-build1/Build/Intermediates.noindex/FoundationEvals.build/Debug/FoundationEvals.build/Objects-normal/arm64/FoundationEvals.abi.json /tmp/intents-automation-native-saved-build1/Build/Products/Debug/FoundationEvals.swiftmodule/arm64-apple-macos.abi.json

Ld /tmp/intents-automation-native-saved-build1/Build/Products/Debug/Intents.app/Contents/MacOS/FoundationEvals normal (in target 'FoundationEvals' from project 'FoundationEvals')
    cd /Users/coryparry/Developer/Projects/Intents/FoundationEvals
    /Applications/Xcode.app/Contents/Developer/Toolchains/XcodeDefault.xctoolchain/usr/bin/clang -Xlinker -reproducible -target arm64-apple-macos27.0 -isysroot /Applications/Xcode.app/Contents/Developer/Platforms/MacOSX.platform/Developer/SDKs/MacOSX27.0.sdk -O0 -Xlinker -no_warn_duplicate_libraries -L/tmp/intents-automation-native-saved-build1/Build/Products/Debug -F/tmp/intents-automation-native-saved-build1/Build/Products/Debug/PackageFrameworks -F/tmp/intents-automation-native-saved-build1/Build/Products/Debug -Xlinker -rpath -Xlinker @executable_path -Xlinker -rpath -Xlinker @loader_path -Xlinker -rpath -Xlinker /tmp/intents-automation-native-saved-build1/Build/Products/Debug/PackageFrameworks -Xlinker -rpath -Xlinker @executable_path/../Frameworks -rdynamic -Xlinker -no_deduplicate -e ___debug_blank_executor_main -Xlinker -sectcreate -Xlinker __TEXT -Xlinker __debug_dylib -Xlinker /tmp/intents-automation-native-saved-build1/Build/Intermediates.noindex/FoundationEvals.build/Debug/FoundationEvals.build/Intents-DebugDylibPath-normal-arm64.txt -Xlinker -sectcreate -Xlinker __TEXT -Xlinker __debug_instlnm -Xlinker /tmp/intents-automation-native-saved-build1/Build/Intermediates.noindex/FoundationEvals.build/Debug/FoundationEvals.build/Intents-DebugDylibInstallName-normal-arm64.txt -Xlinker -filelist -Xlinker /tmp/intents-automation-native-saved-build1/Build/Intermediates.noindex/FoundationEvals.build/Debug/FoundationEvals.build/Intents-ExecutorLinkFileList-normal-arm64.txt /tmp/intents-automation-native-saved-build1/Build/Products/Debug/Intents.app/Contents/MacOS/FoundationEvals.debug.dylib -o /tmp/intents-automation-native-saved-build1/Build/Products/Debug/Intents.app/Contents/MacOS/FoundationEvals

ExtractAppIntentsMetadata (in target 'FoundationEvals' from project 'FoundationEvals')
    cd /Users/coryparry/Developer/Projects/Intents/FoundationEvals
    /Applications/Xcode.app/Contents/Developer/Toolchains/XcodeDefault.xctoolchain/usr/bin/appintentsmetadataprocessor --toolchain-dir /var/run/com.apple.security.cryptexd/mnt/com.apple.MobileAsset.MetalToolchain-v27.1.266.1.24H2xD/Metal.xctoolchain --module-name FoundationEvals --sdk-root /Applications/Xcode.app/Contents/Developer/Platforms/MacOSX.platform/Developer/SDKs/MacOSX27.0.sdk --xcode-version 27A266a --platform-family macOS --deployment-target 27.0 --bundle-identifier com.coryparry.FoundationEvals --output /tmp/intents-automation-native-saved-build1/Build/Products/Debug/Intents.app/Contents/Resources --target-triple arm64-apple-macos27.0 --binary-file /tmp/intents-automation-native-saved-build1/Build/Products/Debug/Intents.app/Contents/MacOS/FoundationEvals --dependency-file /tmp/intents-automation-native-saved-build1/Build/Intermediates.noindex/FoundationEvals.build/Debug/FoundationEvals.build/Objects-normal/arm64/Intents_dependency_info.dat --stringsdata-file /tmp/intents-automation-native-saved-build1/Build/Intermediates.noindex/FoundationEvals.build/Debug/FoundationEvals.build/Objects-normal/arm64/ExtractedAppShortcutsMetadata.stringsdata --source-file-list /tmp/intents-automation-native-saved-build1/Build/Intermediates.noindex/FoundationEvals.build/Debug/FoundationEvals.build/Objects-normal/arm64/Intents.SwiftFileList --metadata-file-list /tmp/intents-automation-native-saved-build1/Build/Intermediates.noindex/FoundationEvals.build/Debug/FoundationEvals.build/Intents.DependencyMetadataFileList --static-metadata-file-list /tmp/intents-automation-native-saved-build1/Build/Intermediates.noindex/FoundationEvals.build/Debug/FoundationEvals.build/Intents.DependencyStaticMetadataFileList --swift-const-vals-list /tmp/intents-automation-native-saved-build1/Build/Intermediates.noindex/FoundationEvals.build/Debug/FoundationEvals.build/Objects-normal/arm64/Intents.SwiftConstValuesFileList --compile-time-extraction --deployment-aware-processing --no-app-shortcuts-localization
2026-10-07 23:22:39.200 appintentsmetadataprocessor[37162:1291651] Starting appintentsmetadataprocessor export
2026-10-07 23:22:39.202 appintentsmetadataprocessor[37162:1291651] warning: Metadata extraction skipped, no AppIntents.framework dependency found

CopySwiftLibs /tmp/intents-automation-native-saved-build1/Build/Products/Debug/Intents.app (in target 'FoundationEvals' from project 'FoundationEvals')
    cd /Users/coryparry/Developer/Projects/Intents/FoundationEvals
    builtin-swiftStdLibTool --copy --verbose --scan-executable /tmp/intents-automation-native-saved-build1/Build/Products/Debug/Intents.app/Contents/MacOS/FoundationEvals.debug.dylib --scan-folder /tmp/intents-automation-native-saved-build1/Build/Products/Debug/Intents.app/Contents/Frameworks --scan-folder /tmp/intents-automation-native-saved-build1/Build/Products/Debug/Intents.app/Contents/PlugIns --scan-folder /tmp/intents-automation-native-saved-build1/Build/Products/Debug/Intents.app/Contents/Library/SystemExtensions --scan-folder /tmp/intents-automation-native-saved-build1/Build/Products/Debug/Intents.app/Contents/Extensions --platform macosx --toolchain /var/run/com.apple.security.cryptexd/mnt/com.apple.MobileAsset.MetalToolchain-v27.1.266.1.24H2xD/Metal.xctoolchain --toolchain /Applications/Xcode.app/Contents/Developer/Toolchains/XcodeDefault.xctoolchain --destination /tmp/intents-automation-native-saved-build1/Build/Products/Debug/Intents.app/Contents/Frameworks --strip-bitcode --strip-bitcode-tool /Applications/Xcode.app/Contents/Developer/Toolchains/XcodeDefault.xctoolchain/usr/bin/bitcode_strip --emit-dependency-info /tmp/intents-automation-native-saved-build1/Build/Intermediates.noindex/FoundationEvals.build/Debug/FoundationEvals.build/SwiftStdLibToolInputDependencies.dep --filter-for-swift-os
Ignoring --strip-bitcode because --sign was not passed

ProcessInfoPlistFile /tmp/intents-automation-native-saved-build1/Build/Products/Debug/Intents.app/Contents/Info.plist /Users/coryparry/Developer/Projects/Intents/FoundationEvals/Configuration/AppInfo.plist (in target 'FoundationEvals' from project 'FoundationEvals')
    cd /Users/coryparry/Developer/Projects/Intents/FoundationEvals
    builtin-infoPlistUtility /Users/coryparry/Developer/Projects/Intents/FoundationEvals/Configuration/AppInfo.plist -producttype com.apple.product-type.application -genpkginfo /tmp/intents-automation-native-saved-build1/Build/Products/Debug/Intents.app/Contents/PkgInfo -expandbuildsettings -platform macosx -additionalcontentfile /tmp/intents-automation-native-saved-build1/Build/Intermediates.noindex/FoundationEvals.build/Debug/FoundationEvals.build/assetcatalog_generated_info.plist -scanforprivacyfile /tmp/intents-automation-native-saved-build1/Build/Products/Debug/Intents.app/Contents/Frameworks/Sparkle.framework -scanforprivacyfile /tmp/intents-automation-native-saved-build1/Build/Products/Debug/Intents.app/Contents/Resources/PostHog_PHPLCrashReporter.bundle -scanforprivacyfile /tmp/intents-automation-native-saved-build1/Build/Products/Debug/Intents.app/Contents/Resources/PostHog_PostHog.bundle -scanforprivacyfile /tmp/intents-automation-native-saved-build1/Build/Products/Debug/Intents.app/Contents/Resources/swift-crypto_Crypto.bundle -scanforprivacyfile /tmp/intents-automation-native-saved-build1/Build/Products/Debug/Intents.app/Contents/Resources/swift-nio_NIOPosix.bundle -scanforprivacyfile /tmp/intents-automation-native-saved-build1/Build/Products/Debug/Intents.app/Contents/Resources/swift-nio__NIOFileSystem.bundle -scanforprivacyfile /tmp/intents-automation-native-saved-build1/Build/Products/Debug/Intents.app/Contents/Resources/swift-transformers_Hub.bundle -o /tmp/intents-automation-native-saved-build1/Build/Products/Debug/Intents.app/Contents/Info.plist

PruneExplicitPrecompiledModules /tmp/intents-automation-native-saved-build1/Build/Intermediates.noindex/ExplicitPrecompiledModules

PruneExplicitPrecompiledModules /tmp/intents-automation-native-saved-build1/Build/Intermediates.noindex/SwiftExplicitPrecompiledModules

PruneExplicitPrecompiledModules /tmp/intents-automation-native-saved-build1/SDKExplicitPrecompiledModules

** BUILD SUCCEEDED **
