Command line invocation:
    /Applications/Xcode.app/Contents/Developer/usr/bin/xcodebuild build-for-testing -project /Users/coryparry/Developer/Projects/Intents/Tools/IntentsAutomation/.runtime/mac-host-preparation-1/prepare-0CCE5972-531F-459D-A609-B3580AF4C2E2/source/Subject.xcodeproj -scheme IntentsAutomationHost_c5efa9471bed -configuration Debug -destination platform=macOS -sdk macosx -derivedDataPath /Users/coryparry/Developer/Projects/Intents/Tools/IntentsAutomation/.runtime/mac-host-preparation-1/prepare-0CCE5972-531F-459D-A609-B3580AF4C2E2/DerivedData -jobs 2 BUILD_DIR=/Users/coryparry/Developer/Projects/Intents/Tools/IntentsAutomation/.runtime/mac-host-preparation-1/prepare-0CCE5972-531F-459D-A609-B3580AF4C2E2/DerivedData/Build/Products CODE_SIGNING_ALLOWED=YES

Build settings from command line:
    BUILD_DIR = /Users/coryparry/Developer/Projects/Intents/Tools/IntentsAutomation/.runtime/mac-host-preparation-1/prepare-0CCE5972-531F-459D-A609-B3580AF4C2E2/DerivedData/Build/Products
    CODE_SIGNING_ALLOWED = YES
    SDKROOT = macosx27.0

Build Preparation
Build task concurrency set to 2 via user default IDEBuildOperationMaxNumberOfConcurrentCompileTasks

ComputePackagePrebuildTargetDependencyGraph

Prepare packages

CreateBuildRequest

SendProjectDescription

CreateBuildOperation

ComputeTargetDependencyGraph
note: Building targets in dependency order
note: Target dependency graph (2 targets)
    Target 'IntentsAutomationHost_c5efa9471bed' in project 'Subject'
        ➜ Explicit dependency on target 'Subject' in project 'Subject'
    Target 'Subject' in project 'Subject' (no dependencies)

GatherProvisioningInputs

CreateBuildDescription

ExecuteExternalTool /Applications/Xcode.app/Contents/Developer/Toolchains/XcodeDefault.xctoolchain/usr/bin/swiftc --version

ExecuteExternalTool /Applications/Xcode.app/Contents/Developer/Toolchains/XcodeDefault.xctoolchain/usr/bin/clang -v -E -dM -isysroot /Applications/Xcode.app/Contents/Developer/Platforms/MacOSX.platform/Developer/SDKs/MacOSX27.0.sdk -x c -c /dev/null

ExecuteExternalTool /Applications/Xcode.app/Contents/Developer/Toolchains/XcodeDefault.xctoolchain/usr/bin/ld -version_details

Build description signature: f7b195b455eaf861a2ff568945ac7d96
Build description path: /Users/coryparry/Developer/Projects/Intents/Tools/IntentsAutomation/.runtime/mac-host-preparation-1/prepare-0CCE5972-531F-459D-A609-B3580AF4C2E2/DerivedData/Build/Intermediates.noindex/XCBuildData/f7b195b455eaf861a2ff568945ac7d96.xcbuilddata
CreateBuildDirectory /Users/coryparry/Developer/Projects/Intents/Tools/IntentsAutomation/.runtime/mac-host-preparation-1/prepare-0CCE5972-531F-459D-A609-B3580AF4C2E2/DerivedData/ModuleCache.noindex
    cd /Users/coryparry/Developer/Projects/Intents/Tools/IntentsAutomation/.runtime/mac-host-preparation-1/prepare-0CCE5972-531F-459D-A609-B3580AF4C2E2/source/Subject.xcodeproj
    builtin-create-build-directory /Users/coryparry/Developer/Projects/Intents/Tools/IntentsAutomation/.runtime/mac-host-preparation-1/prepare-0CCE5972-531F-459D-A609-B3580AF4C2E2/DerivedData/ModuleCache.noindex

CreateBuildDirectory /Users/coryparry/Developer/Projects/Intents/Tools/IntentsAutomation/.runtime/mac-host-preparation-1/prepare-0CCE5972-531F-459D-A609-B3580AF4C2E2/DerivedData/SDKExplicitPrecompiledModules
    cd /Users/coryparry/Developer/Projects/Intents/Tools/IntentsAutomation/.runtime/mac-host-preparation-1/prepare-0CCE5972-531F-459D-A609-B3580AF4C2E2/source/Subject.xcodeproj
    builtin-create-build-directory /Users/coryparry/Developer/Projects/Intents/Tools/IntentsAutomation/.runtime/mac-host-preparation-1/prepare-0CCE5972-531F-459D-A609-B3580AF4C2E2/DerivedData/SDKExplicitPrecompiledModules

CreateBuildDirectory /Users/coryparry/Developer/Projects/Intents/Tools/IntentsAutomation/.runtime/mac-host-preparation-1/prepare-0CCE5972-531F-459D-A609-B3580AF4C2E2/DerivedData/CompilationCache.noindex
    cd /Users/coryparry/Developer/Projects/Intents/Tools/IntentsAutomation/.runtime/mac-host-preparation-1/prepare-0CCE5972-531F-459D-A609-B3580AF4C2E2/source/Subject.xcodeproj
    builtin-create-build-directory /Users/coryparry/Developer/Projects/Intents/Tools/IntentsAutomation/.runtime/mac-host-preparation-1/prepare-0CCE5972-531F-459D-A609-B3580AF4C2E2/DerivedData/CompilationCache.noindex

CreateBuildDirectory /Users/coryparry/Developer/Projects/Intents/Tools/IntentsAutomation/.runtime/mac-host-preparation-1/prepare-0CCE5972-531F-459D-A609-B3580AF4C2E2/DerivedData/Build/Products
    cd /Users/coryparry/Developer/Projects/Intents/Tools/IntentsAutomation/.runtime/mac-host-preparation-1/prepare-0CCE5972-531F-459D-A609-B3580AF4C2E2/source/Subject.xcodeproj
    builtin-create-build-directory /Users/coryparry/Developer/Projects/Intents/Tools/IntentsAutomation/.runtime/mac-host-preparation-1/prepare-0CCE5972-531F-459D-A609-B3580AF4C2E2/DerivedData/Build/Products

CreateBuildDirectory /Users/coryparry/Developer/Projects/Intents/Tools/IntentsAutomation/.runtime/mac-host-preparation-1/prepare-0CCE5972-531F-459D-A609-B3580AF4C2E2/DerivedData/Build/Intermediates.noindex
    cd /Users/coryparry/Developer/Projects/Intents/Tools/IntentsAutomation/.runtime/mac-host-preparation-1/prepare-0CCE5972-531F-459D-A609-B3580AF4C2E2/source/Subject.xcodeproj
    builtin-create-build-directory /Users/coryparry/Developer/Projects/Intents/Tools/IntentsAutomation/.runtime/mac-host-preparation-1/prepare-0CCE5972-531F-459D-A609-B3580AF4C2E2/DerivedData/Build/Intermediates.noindex

CreateBuildDirectory /Users/coryparry/Developer/Projects/Intents/Tools/IntentsAutomation/.runtime/mac-host-preparation-1/prepare-0CCE5972-531F-459D-A609-B3580AF4C2E2/DerivedData/Build/Products/Debug
    cd /Users/coryparry/Developer/Projects/Intents/Tools/IntentsAutomation/.runtime/mac-host-preparation-1/prepare-0CCE5972-531F-459D-A609-B3580AF4C2E2/source/Subject.xcodeproj
    builtin-create-build-directory /Users/coryparry/Developer/Projects/Intents/Tools/IntentsAutomation/.runtime/mac-host-preparation-1/prepare-0CCE5972-531F-459D-A609-B3580AF4C2E2/DerivedData/Build/Products/Debug

ClangStatCache /Applications/Xcode.app/Contents/Developer/Toolchains/XcodeDefault.xctoolchain/usr/bin/clang-stat-cache /Applications/Xcode.app/Contents/Developer/Platforms/MacOSX.platform/Developer/SDKs/MacOSX27.0.sdk /Users/coryparry/Developer/Projects/Intents/Tools/IntentsAutomation/.runtime/mac-host-preparation-1/prepare-0CCE5972-531F-459D-A609-B3580AF4C2E2/DerivedData/SDKStatCaches.noindex/macosx27.0-26A425-e829b21a6f8c9b70876ba0858053c0447231f6df4def33e022ae2eb8f782df1a.sdkstatcache
    cd /Users/coryparry/Developer/Projects/Intents/Tools/IntentsAutomation/.runtime/mac-host-preparation-1/prepare-0CCE5972-531F-459D-A609-B3580AF4C2E2/source/Subject.xcodeproj
    /Applications/Xcode.app/Contents/Developer/Toolchains/XcodeDefault.xctoolchain/usr/bin/clang-stat-cache /Applications/Xcode.app/Contents/Developer/Platforms/MacOSX.platform/Developer/SDKs/MacOSX27.0.sdk -o /Users/coryparry/Developer/Projects/Intents/Tools/IntentsAutomation/.runtime/mac-host-preparation-1/prepare-0CCE5972-531F-459D-A609-B3580AF4C2E2/DerivedData/SDKStatCaches.noindex/macosx27.0-26A425-e829b21a6f8c9b70876ba0858053c0447231f6df4def33e022ae2eb8f782df1a.sdkstatcache

WriteAuxiliaryFile /Users/coryparry/Developer/Projects/Intents/Tools/IntentsAutomation/.runtime/mac-host-preparation-1/prepare-0CCE5972-531F-459D-A609-B3580AF4C2E2/DerivedData/Build/Intermediates.noindex/Subject.build/Debug/Subject-7bd413a0546028326518ee063fe9597a-VFS/all-product-headers.yaml
    cd /Users/coryparry/Developer/Projects/Intents/Tools/IntentsAutomation/.runtime/mac-host-preparation-1/prepare-0CCE5972-531F-459D-A609-B3580AF4C2E2/source/Subject.xcodeproj
    write-file /Users/coryparry/Developer/Projects/Intents/Tools/IntentsAutomation/.runtime/mac-host-preparation-1/prepare-0CCE5972-531F-459D-A609-B3580AF4C2E2/DerivedData/Build/Intermediates.noindex/Subject.build/Debug/Subject-7bd413a0546028326518ee063fe9597a-VFS/all-product-headers.yaml

CreateBuildDirectory /Users/coryparry/Developer/Projects/Intents/Tools/IntentsAutomation/.runtime/mac-host-preparation-1/prepare-0CCE5972-531F-459D-A609-B3580AF4C2E2/DerivedData/Build/Intermediates.noindex/SwiftExplicitPrecompiledModules
    cd /Users/coryparry/Developer/Projects/Intents/Tools/IntentsAutomation/.runtime/mac-host-preparation-1/prepare-0CCE5972-531F-459D-A609-B3580AF4C2E2/source/Subject.xcodeproj
    builtin-create-build-directory /Users/coryparry/Developer/Projects/Intents/Tools/IntentsAutomation/.runtime/mac-host-preparation-1/prepare-0CCE5972-531F-459D-A609-B3580AF4C2E2/DerivedData/Build/Intermediates.noindex/SwiftExplicitPrecompiledModules

CreateBuildDirectory /Users/coryparry/Developer/Projects/Intents/Tools/IntentsAutomation/.runtime/mac-host-preparation-1/prepare-0CCE5972-531F-459D-A609-B3580AF4C2E2/DerivedData/Build/Intermediates.noindex/PrecompiledHeaders
    cd /Users/coryparry/Developer/Projects/Intents/Tools/IntentsAutomation/.runtime/mac-host-preparation-1/prepare-0CCE5972-531F-459D-A609-B3580AF4C2E2/source/Subject.xcodeproj
    builtin-create-build-directory /Users/coryparry/Developer/Projects/Intents/Tools/IntentsAutomation/.runtime/mac-host-preparation-1/prepare-0CCE5972-531F-459D-A609-B3580AF4C2E2/DerivedData/Build/Intermediates.noindex/PrecompiledHeaders

CreateBuildDirectory /Users/coryparry/Developer/Projects/Intents/Tools/IntentsAutomation/.runtime/mac-host-preparation-1/prepare-0CCE5972-531F-459D-A609-B3580AF4C2E2/DerivedData/Build/Intermediates.noindex/ExplicitPrecompiledModules
    cd /Users/coryparry/Developer/Projects/Intents/Tools/IntentsAutomation/.runtime/mac-host-preparation-1/prepare-0CCE5972-531F-459D-A609-B3580AF4C2E2/source/Subject.xcodeproj
    builtin-create-build-directory /Users/coryparry/Developer/Projects/Intents/Tools/IntentsAutomation/.runtime/mac-host-preparation-1/prepare-0CCE5972-531F-459D-A609-B3580AF4C2E2/DerivedData/Build/Intermediates.noindex/ExplicitPrecompiledModules

CreateBuildDirectory /Users/coryparry/Developer/Projects/Intents/Tools/IntentsAutomation/.runtime/mac-host-preparation-1/prepare-0CCE5972-531F-459D-A609-B3580AF4C2E2/DerivedData/Build/Intermediates.noindex/EagerLinkingTBDs/Debug
    cd /Users/coryparry/Developer/Projects/Intents/Tools/IntentsAutomation/.runtime/mac-host-preparation-1/prepare-0CCE5972-531F-459D-A609-B3580AF4C2E2/source/Subject.xcodeproj
    builtin-create-build-directory /Users/coryparry/Developer/Projects/Intents/Tools/IntentsAutomation/.runtime/mac-host-preparation-1/prepare-0CCE5972-531F-459D-A609-B3580AF4C2E2/DerivedData/Build/Intermediates.noindex/EagerLinkingTBDs/Debug

WriteAuxiliaryFile /Users/coryparry/Developer/Projects/Intents/Tools/IntentsAutomation/.runtime/mac-host-preparation-1/prepare-0CCE5972-531F-459D-A609-B3580AF4C2E2/DerivedData/Build/Intermediates.noindex/Subject.build/Debug/Subject.build/empty-Subject.plist (in target 'Subject' from project 'Subject')
    cd /Users/coryparry/Developer/Projects/Intents/Tools/IntentsAutomation/.runtime/mac-host-preparation-1/prepare-0CCE5972-531F-459D-A609-B3580AF4C2E2/source
    write-file /Users/coryparry/Developer/Projects/Intents/Tools/IntentsAutomation/.runtime/mac-host-preparation-1/prepare-0CCE5972-531F-459D-A609-B3580AF4C2E2/DerivedData/Build/Intermediates.noindex/Subject.build/Debug/Subject.build/empty-Subject.plist

WriteAuxiliaryFile /Users/coryparry/Developer/Projects/Intents/Tools/IntentsAutomation/.runtime/mac-host-preparation-1/prepare-0CCE5972-531F-459D-A609-B3580AF4C2E2/DerivedData/Build/Intermediates.noindex/Subject.build/Debug/Subject.build/Subject.hmap (in target 'Subject' from project 'Subject')
    cd /Users/coryparry/Developer/Projects/Intents/Tools/IntentsAutomation/.runtime/mac-host-preparation-1/prepare-0CCE5972-531F-459D-A609-B3580AF4C2E2/source
    write-file /Users/coryparry/Developer/Projects/Intents/Tools/IntentsAutomation/.runtime/mac-host-preparation-1/prepare-0CCE5972-531F-459D-A609-B3580AF4C2E2/DerivedData/Build/Intermediates.noindex/Subject.build/Debug/Subject.build/Subject.hmap

WriteAuxiliaryFile /Users/coryparry/Developer/Projects/Intents/Tools/IntentsAutomation/.runtime/mac-host-preparation-1/prepare-0CCE5972-531F-459D-A609-B3580AF4C2E2/DerivedData/Build/Intermediates.noindex/Subject.build/Debug/Subject.build/Subject.DependencyStaticMetadataFileList (in target 'Subject' from project 'Subject')
    cd /Users/coryparry/Developer/Projects/Intents/Tools/IntentsAutomation/.runtime/mac-host-preparation-1/prepare-0CCE5972-531F-459D-A609-B3580AF4C2E2/source
    write-file /Users/coryparry/Developer/Projects/Intents/Tools/IntentsAutomation/.runtime/mac-host-preparation-1/prepare-0CCE5972-531F-459D-A609-B3580AF4C2E2/DerivedData/Build/Intermediates.noindex/Subject.build/Debug/Subject.build/Subject.DependencyStaticMetadataFileList

WriteAuxiliaryFile /Users/coryparry/Developer/Projects/Intents/Tools/IntentsAutomation/.runtime/mac-host-preparation-1/prepare-0CCE5972-531F-459D-A609-B3580AF4C2E2/DerivedData/Build/Intermediates.noindex/Subject.build/Debug/Subject.build/Subject.DependencyMetadataFileList (in target 'Subject' from project 'Subject')
    cd /Users/coryparry/Developer/Projects/Intents/Tools/IntentsAutomation/.runtime/mac-host-preparation-1/prepare-0CCE5972-531F-459D-A609-B3580AF4C2E2/source
    write-file /Users/coryparry/Developer/Projects/Intents/Tools/IntentsAutomation/.runtime/mac-host-preparation-1/prepare-0CCE5972-531F-459D-A609-B3580AF4C2E2/DerivedData/Build/Intermediates.noindex/Subject.build/Debug/Subject.build/Subject.DependencyMetadataFileList

WriteAuxiliaryFile /Users/coryparry/Developer/Projects/Intents/Tools/IntentsAutomation/.runtime/mac-host-preparation-1/prepare-0CCE5972-531F-459D-A609-B3580AF4C2E2/DerivedData/Build/Intermediates.noindex/Subject.build/Debug/Subject.build/Subject-project-headers.hmap (in target 'Subject' from project 'Subject')
    cd /Users/coryparry/Developer/Projects/Intents/Tools/IntentsAutomation/.runtime/mac-host-preparation-1/prepare-0CCE5972-531F-459D-A609-B3580AF4C2E2/source
    write-file /Users/coryparry/Developer/Projects/Intents/Tools/IntentsAutomation/.runtime/mac-host-preparation-1/prepare-0CCE5972-531F-459D-A609-B3580AF4C2E2/DerivedData/Build/Intermediates.noindex/Subject.build/Debug/Subject.build/Subject-project-headers.hmap

WriteAuxiliaryFile /Users/coryparry/Developer/Projects/Intents/Tools/IntentsAutomation/.runtime/mac-host-preparation-1/prepare-0CCE5972-531F-459D-A609-B3580AF4C2E2/DerivedData/Build/Intermediates.noindex/Subject.build/Debug/Subject.build/Subject-own-target-headers.hmap (in target 'Subject' from project 'Subject')
    cd /Users/coryparry/Developer/Projects/Intents/Tools/IntentsAutomation/.runtime/mac-host-preparation-1/prepare-0CCE5972-531F-459D-A609-B3580AF4C2E2/source
    write-file /Users/coryparry/Developer/Projects/Intents/Tools/IntentsAutomation/.runtime/mac-host-preparation-1/prepare-0CCE5972-531F-459D-A609-B3580AF4C2E2/DerivedData/Build/Intermediates.noindex/Subject.build/Debug/Subject.build/Subject-own-target-headers.hmap

WriteAuxiliaryFile /Users/coryparry/Developer/Projects/Intents/Tools/IntentsAutomation/.runtime/mac-host-preparation-1/prepare-0CCE5972-531F-459D-A609-B3580AF4C2E2/DerivedData/Build/Intermediates.noindex/Subject.build/Debug/Subject.build/Subject-generated-files.hmap (in target 'Subject' from project 'Subject')
    cd /Users/coryparry/Developer/Projects/Intents/Tools/IntentsAutomation/.runtime/mac-host-preparation-1/prepare-0CCE5972-531F-459D-A609-B3580AF4C2E2/source
    write-file /Users/coryparry/Developer/Projects/Intents/Tools/IntentsAutomation/.runtime/mac-host-preparation-1/prepare-0CCE5972-531F-459D-A609-B3580AF4C2E2/DerivedData/Build/Intermediates.noindex/Subject.build/Debug/Subject.build/Subject-generated-files.hmap

WriteAuxiliaryFile /Users/coryparry/Developer/Projects/Intents/Tools/IntentsAutomation/.runtime/mac-host-preparation-1/prepare-0CCE5972-531F-459D-A609-B3580AF4C2E2/DerivedData/Build/Intermediates.noindex/Subject.build/Debug/Subject.build/Subject-all-target-headers.hmap (in target 'Subject' from project 'Subject')
    cd /Users/coryparry/Developer/Projects/Intents/Tools/IntentsAutomation/.runtime/mac-host-preparation-1/prepare-0CCE5972-531F-459D-A609-B3580AF4C2E2/source
    write-file /Users/coryparry/Developer/Projects/Intents/Tools/IntentsAutomation/.runtime/mac-host-preparation-1/prepare-0CCE5972-531F-459D-A609-B3580AF4C2E2/DerivedData/Build/Intermediates.noindex/Subject.build/Debug/Subject.build/Subject-all-target-headers.hmap

WriteAuxiliaryFile /Users/coryparry/Developer/Projects/Intents/Tools/IntentsAutomation/.runtime/mac-host-preparation-1/prepare-0CCE5972-531F-459D-A609-B3580AF4C2E2/DerivedData/Build/Intermediates.noindex/Subject.build/Debug/Subject.build/Subject-all-non-framework-target-headers.hmap (in target 'Subject' from project 'Subject')
    cd /Users/coryparry/Developer/Projects/Intents/Tools/IntentsAutomation/.runtime/mac-host-preparation-1/prepare-0CCE5972-531F-459D-A609-B3580AF4C2E2/source
    write-file /Users/coryparry/Developer/Projects/Intents/Tools/IntentsAutomation/.runtime/mac-host-preparation-1/prepare-0CCE5972-531F-459D-A609-B3580AF4C2E2/DerivedData/Build/Intermediates.noindex/Subject.build/Debug/Subject.build/Subject-all-non-framework-target-headers.hmap

WriteAuxiliaryFile /Users/coryparry/Developer/Projects/Intents/Tools/IntentsAutomation/.runtime/mac-host-preparation-1/prepare-0CCE5972-531F-459D-A609-B3580AF4C2E2/DerivedData/Build/Intermediates.noindex/Subject.build/Debug/Subject.build/Objects-normal/arm64/Subject_const_extract_protocols.json (in target 'Subject' from project 'Subject')
    cd /Users/coryparry/Developer/Projects/Intents/Tools/IntentsAutomation/.runtime/mac-host-preparation-1/prepare-0CCE5972-531F-459D-A609-B3580AF4C2E2/source
    write-file /Users/coryparry/Developer/Projects/Intents/Tools/IntentsAutomation/.runtime/mac-host-preparation-1/prepare-0CCE5972-531F-459D-A609-B3580AF4C2E2/DerivedData/Build/Intermediates.noindex/Subject.build/Debug/Subject.build/Objects-normal/arm64/Subject_const_extract_protocols.json

WriteAuxiliaryFile /Users/coryparry/Developer/Projects/Intents/Tools/IntentsAutomation/.runtime/mac-host-preparation-1/prepare-0CCE5972-531F-459D-A609-B3580AF4C2E2/DerivedData/Build/Intermediates.noindex/Subject.build/Debug/Subject.build/Objects-normal/arm64/Subject.SwiftFileList (in target 'Subject' from project 'Subject')
    cd /Users/coryparry/Developer/Projects/Intents/Tools/IntentsAutomation/.runtime/mac-host-preparation-1/prepare-0CCE5972-531F-459D-A609-B3580AF4C2E2/source
    write-file /Users/coryparry/Developer/Projects/Intents/Tools/IntentsAutomation/.runtime/mac-host-preparation-1/prepare-0CCE5972-531F-459D-A609-B3580AF4C2E2/DerivedData/Build/Intermediates.noindex/Subject.build/Debug/Subject.build/Objects-normal/arm64/Subject.SwiftFileList

WriteAuxiliaryFile /Users/coryparry/Developer/Projects/Intents/Tools/IntentsAutomation/.runtime/mac-host-preparation-1/prepare-0CCE5972-531F-459D-A609-B3580AF4C2E2/DerivedData/Build/Intermediates.noindex/Subject.build/Debug/Subject.build/Objects-normal/arm64/Subject.SwiftConstValuesFileList (in target 'Subject' from project 'Subject')
    cd /Users/coryparry/Developer/Projects/Intents/Tools/IntentsAutomation/.runtime/mac-host-preparation-1/prepare-0CCE5972-531F-459D-A609-B3580AF4C2E2/source
    write-file /Users/coryparry/Developer/Projects/Intents/Tools/IntentsAutomation/.runtime/mac-host-preparation-1/prepare-0CCE5972-531F-459D-A609-B3580AF4C2E2/DerivedData/Build/Intermediates.noindex/Subject.build/Debug/Subject.build/Objects-normal/arm64/Subject.SwiftConstValuesFileList

WriteAuxiliaryFile /Users/coryparry/Developer/Projects/Intents/Tools/IntentsAutomation/.runtime/mac-host-preparation-1/prepare-0CCE5972-531F-459D-A609-B3580AF4C2E2/DerivedData/Build/Intermediates.noindex/Subject.build/Debug/Subject.build/Objects-normal/arm64/Subject.LinkFileList (in target 'Subject' from project 'Subject')
    cd /Users/coryparry/Developer/Projects/Intents/Tools/IntentsAutomation/.runtime/mac-host-preparation-1/prepare-0CCE5972-531F-459D-A609-B3580AF4C2E2/source
    write-file /Users/coryparry/Developer/Projects/Intents/Tools/IntentsAutomation/.runtime/mac-host-preparation-1/prepare-0CCE5972-531F-459D-A609-B3580AF4C2E2/DerivedData/Build/Intermediates.noindex/Subject.build/Debug/Subject.build/Objects-normal/arm64/Subject.LinkFileList

WriteAuxiliaryFile /Users/coryparry/Developer/Projects/Intents/Tools/IntentsAutomation/.runtime/mac-host-preparation-1/prepare-0CCE5972-531F-459D-A609-B3580AF4C2E2/DerivedData/Build/Intermediates.noindex/Subject.build/Debug/Subject.build/Objects-normal/arm64/Subject-OutputFileMap.json (in target 'Subject' from project 'Subject')
    cd /Users/coryparry/Developer/Projects/Intents/Tools/IntentsAutomation/.runtime/mac-host-preparation-1/prepare-0CCE5972-531F-459D-A609-B3580AF4C2E2/source
    write-file /Users/coryparry/Developer/Projects/Intents/Tools/IntentsAutomation/.runtime/mac-host-preparation-1/prepare-0CCE5972-531F-459D-A609-B3580AF4C2E2/DerivedData/Build/Intermediates.noindex/Subject.build/Debug/Subject.build/Objects-normal/arm64/Subject-OutputFileMap.json

WriteAuxiliaryFile /Users/coryparry/Developer/Projects/Intents/Tools/IntentsAutomation/.runtime/mac-host-preparation-1/prepare-0CCE5972-531F-459D-A609-B3580AF4C2E2/DerivedData/Build/Intermediates.noindex/Subject.build/Debug/Subject.build/DerivedSources/Entitlements.plist (in target 'Subject' from project 'Subject')
    cd /Users/coryparry/Developer/Projects/Intents/Tools/IntentsAutomation/.runtime/mac-host-preparation-1/prepare-0CCE5972-531F-459D-A609-B3580AF4C2E2/source
    write-file /Users/coryparry/Developer/Projects/Intents/Tools/IntentsAutomation/.runtime/mac-host-preparation-1/prepare-0CCE5972-531F-459D-A609-B3580AF4C2E2/DerivedData/Build/Intermediates.noindex/Subject.build/Debug/Subject.build/DerivedSources/Entitlements.plist

MkDir /Users/coryparry/Developer/Projects/Intents/Tools/IntentsAutomation/.runtime/mac-host-preparation-1/prepare-0CCE5972-531F-459D-A609-B3580AF4C2E2/DerivedData/Build/Products/Debug/Subject.app/Contents/MacOS (in target 'Subject' from project 'Subject')
    cd /Users/coryparry/Developer/Projects/Intents/Tools/IntentsAutomation/.runtime/mac-host-preparation-1/prepare-0CCE5972-531F-459D-A609-B3580AF4C2E2/source
    /bin/mkdir -p /Users/coryparry/Developer/Projects/Intents/Tools/IntentsAutomation/.runtime/mac-host-preparation-1/prepare-0CCE5972-531F-459D-A609-B3580AF4C2E2/DerivedData/Build/Products/Debug/Subject.app/Contents/MacOS

MkDir /Users/coryparry/Developer/Projects/Intents/Tools/IntentsAutomation/.runtime/mac-host-preparation-1/prepare-0CCE5972-531F-459D-A609-B3580AF4C2E2/DerivedData/Build/Products/Debug/Subject.app/Contents (in target 'Subject' from project 'Subject')
    cd /Users/coryparry/Developer/Projects/Intents/Tools/IntentsAutomation/.runtime/mac-host-preparation-1/prepare-0CCE5972-531F-459D-A609-B3580AF4C2E2/source
    /bin/mkdir -p /Users/coryparry/Developer/Projects/Intents/Tools/IntentsAutomation/.runtime/mac-host-preparation-1/prepare-0CCE5972-531F-459D-A609-B3580AF4C2E2/DerivedData/Build/Products/Debug/Subject.app/Contents

MkDir /Users/coryparry/Developer/Projects/Intents/Tools/IntentsAutomation/.runtime/mac-host-preparation-1/prepare-0CCE5972-531F-459D-A609-B3580AF4C2E2/DerivedData/Build/Products/Debug/Subject.app (in target 'Subject' from project 'Subject')
    cd /Users/coryparry/Developer/Projects/Intents/Tools/IntentsAutomation/.runtime/mac-host-preparation-1/prepare-0CCE5972-531F-459D-A609-B3580AF4C2E2/source
    /bin/mkdir -p /Users/coryparry/Developer/Projects/Intents/Tools/IntentsAutomation/.runtime/mac-host-preparation-1/prepare-0CCE5972-531F-459D-A609-B3580AF4C2E2/DerivedData/Build/Products/Debug/Subject.app

WriteAuxiliaryFile /Users/coryparry/Developer/Projects/Intents/Tools/IntentsAutomation/.runtime/mac-host-preparation-1/prepare-0CCE5972-531F-459D-A609-B3580AF4C2E2/DerivedData/Build/Intermediates.noindex/Subject.build/Debug/IntentsAutomationHost_c5efa9471bed.build/empty-IntentsAutomationHost_c5efa9471bed.plist (in target 'IntentsAutomationHost_c5efa9471bed' from project 'Subject')
    cd /Users/coryparry/Developer/Projects/Intents/Tools/IntentsAutomation/.runtime/mac-host-preparation-1/prepare-0CCE5972-531F-459D-A609-B3580AF4C2E2/source
    write-file /Users/coryparry/Developer/Projects/Intents/Tools/IntentsAutomation/.runtime/mac-host-preparation-1/prepare-0CCE5972-531F-459D-A609-B3580AF4C2E2/DerivedData/Build/Intermediates.noindex/Subject.build/Debug/IntentsAutomationHost_c5efa9471bed.build/empty-IntentsAutomationHost_c5efa9471bed.plist

WriteAuxiliaryFile /Users/coryparry/Developer/Projects/Intents/Tools/IntentsAutomation/.runtime/mac-host-preparation-1/prepare-0CCE5972-531F-459D-A609-B3580AF4C2E2/DerivedData/Build/Intermediates.noindex/Subject.build/Debug/IntentsAutomationHost_c5efa9471bed.build/ProductTypeInfoPlistAdditions.plist (in target 'IntentsAutomationHost_c5efa9471bed' from project 'Subject')
    cd /Users/coryparry/Developer/Projects/Intents/Tools/IntentsAutomation/.runtime/mac-host-preparation-1/prepare-0CCE5972-531F-459D-A609-B3580AF4C2E2/source
    write-file /Users/coryparry/Developer/Projects/Intents/Tools/IntentsAutomation/.runtime/mac-host-preparation-1/prepare-0CCE5972-531F-459D-A609-B3580AF4C2E2/DerivedData/Build/Intermediates.noindex/Subject.build/Debug/IntentsAutomationHost_c5efa9471bed.build/ProductTypeInfoPlistAdditions.plist

WriteAuxiliaryFile /Users/coryparry/Developer/Projects/Intents/Tools/IntentsAutomation/.runtime/mac-host-preparation-1/prepare-0CCE5972-531F-459D-A609-B3580AF4C2E2/DerivedData/Build/Intermediates.noindex/Subject.build/Debug/IntentsAutomationHost_c5efa9471bed.build/Objects-normal/arm64/IntentsAutomationHost_c5efa9471bed_const_extract_protocols.json (in target 'IntentsAutomationHost_c5efa9471bed' from project 'Subject')
    cd /Users/coryparry/Developer/Projects/Intents/Tools/IntentsAutomation/.runtime/mac-host-preparation-1/prepare-0CCE5972-531F-459D-A609-B3580AF4C2E2/source
    write-file /Users/coryparry/Developer/Projects/Intents/Tools/IntentsAutomation/.runtime/mac-host-preparation-1/prepare-0CCE5972-531F-459D-A609-B3580AF4C2E2/DerivedData/Build/Intermediates.noindex/Subject.build/Debug/IntentsAutomationHost_c5efa9471bed.build/Objects-normal/arm64/IntentsAutomationHost_c5efa9471bed_const_extract_protocols.json

WriteAuxiliaryFile /Users/coryparry/Developer/Projects/Intents/Tools/IntentsAutomation/.runtime/mac-host-preparation-1/prepare-0CCE5972-531F-459D-A609-B3580AF4C2E2/DerivedData/Build/Intermediates.noindex/Subject.build/Debug/IntentsAutomationHost_c5efa9471bed.build/Objects-normal/arm64/IntentsAutomationHost_c5efa9471bed.SwiftFileList (in target 'IntentsAutomationHost_c5efa9471bed' from project 'Subject')
    cd /Users/coryparry/Developer/Projects/Intents/Tools/IntentsAutomation/.runtime/mac-host-preparation-1/prepare-0CCE5972-531F-459D-A609-B3580AF4C2E2/source
    write-file /Users/coryparry/Developer/Projects/Intents/Tools/IntentsAutomation/.runtime/mac-host-preparation-1/prepare-0CCE5972-531F-459D-A609-B3580AF4C2E2/DerivedData/Build/Intermediates.noindex/Subject.build/Debug/IntentsAutomationHost_c5efa9471bed.build/Objects-normal/arm64/IntentsAutomationHost_c5efa9471bed.SwiftFileList

WriteAuxiliaryFile /Users/coryparry/Developer/Projects/Intents/Tools/IntentsAutomation/.runtime/mac-host-preparation-1/prepare-0CCE5972-531F-459D-A609-B3580AF4C2E2/DerivedData/Build/Intermediates.noindex/Subject.build/Debug/IntentsAutomationHost_c5efa9471bed.build/Objects-normal/arm64/IntentsAutomationHost_c5efa9471bed.SwiftConstValuesFileList (in target 'IntentsAutomationHost_c5efa9471bed' from project 'Subject')
    cd /Users/coryparry/Developer/Projects/Intents/Tools/IntentsAutomation/.runtime/mac-host-preparation-1/prepare-0CCE5972-531F-459D-A609-B3580AF4C2E2/source
    write-file /Users/coryparry/Developer/Projects/Intents/Tools/IntentsAutomation/.runtime/mac-host-preparation-1/prepare-0CCE5972-531F-459D-A609-B3580AF4C2E2/DerivedData/Build/Intermediates.noindex/Subject.build/Debug/IntentsAutomationHost_c5efa9471bed.build/Objects-normal/arm64/IntentsAutomationHost_c5efa9471bed.SwiftConstValuesFileList

WriteAuxiliaryFile /Users/coryparry/Developer/Projects/Intents/Tools/IntentsAutomation/.runtime/mac-host-preparation-1/prepare-0CCE5972-531F-459D-A609-B3580AF4C2E2/DerivedData/Build/Intermediates.noindex/Subject.build/Debug/IntentsAutomationHost_c5efa9471bed.build/Objects-normal/arm64/IntentsAutomationHost_c5efa9471bed.LinkFileList (in target 'IntentsAutomationHost_c5efa9471bed' from project 'Subject')
    cd /Users/coryparry/Developer/Projects/Intents/Tools/IntentsAutomation/.runtime/mac-host-preparation-1/prepare-0CCE5972-531F-459D-A609-B3580AF4C2E2/source
    write-file /Users/coryparry/Developer/Projects/Intents/Tools/IntentsAutomation/.runtime/mac-host-preparation-1/prepare-0CCE5972-531F-459D-A609-B3580AF4C2E2/DerivedData/Build/Intermediates.noindex/Subject.build/Debug/IntentsAutomationHost_c5efa9471bed.build/Objects-normal/arm64/IntentsAutomationHost_c5efa9471bed.LinkFileList

WriteAuxiliaryFile /Users/coryparry/Developer/Projects/Intents/Tools/IntentsAutomation/.runtime/mac-host-preparation-1/prepare-0CCE5972-531F-459D-A609-B3580AF4C2E2/DerivedData/Build/Intermediates.noindex/Subject.build/Debug/IntentsAutomationHost_c5efa9471bed.build/Objects-normal/arm64/IntentsAutomationHost_c5efa9471bed-OutputFileMap.json (in target 'IntentsAutomationHost_c5efa9471bed' from project 'Subject')
    cd /Users/coryparry/Developer/Projects/Intents/Tools/IntentsAutomation/.runtime/mac-host-preparation-1/prepare-0CCE5972-531F-459D-A609-B3580AF4C2E2/source
    write-file /Users/coryparry/Developer/Projects/Intents/Tools/IntentsAutomation/.runtime/mac-host-preparation-1/prepare-0CCE5972-531F-459D-A609-B3580AF4C2E2/DerivedData/Build/Intermediates.noindex/Subject.build/Debug/IntentsAutomationHost_c5efa9471bed.build/Objects-normal/arm64/IntentsAutomationHost_c5efa9471bed-OutputFileMap.json

WriteAuxiliaryFile /Users/coryparry/Developer/Projects/Intents/Tools/IntentsAutomation/.runtime/mac-host-preparation-1/prepare-0CCE5972-531F-459D-A609-B3580AF4C2E2/DerivedData/Build/Intermediates.noindex/Subject.build/Debug/IntentsAutomationHost_c5efa9471bed.build/IntentsAutomationHost_c5efa9471bed.hmap (in target 'IntentsAutomationHost_c5efa9471bed' from project 'Subject')
    cd /Users/coryparry/Developer/Projects/Intents/Tools/IntentsAutomation/.runtime/mac-host-preparation-1/prepare-0CCE5972-531F-459D-A609-B3580AF4C2E2/source
    write-file /Users/coryparry/Developer/Projects/Intents/Tools/IntentsAutomation/.runtime/mac-host-preparation-1/prepare-0CCE5972-531F-459D-A609-B3580AF4C2E2/DerivedData/Build/Intermediates.noindex/Subject.build/Debug/IntentsAutomationHost_c5efa9471bed.build/IntentsAutomationHost_c5efa9471bed.hmap

WriteAuxiliaryFile /Users/coryparry/Developer/Projects/Intents/Tools/IntentsAutomation/.runtime/mac-host-preparation-1/prepare-0CCE5972-531F-459D-A609-B3580AF4C2E2/DerivedData/Build/Intermediates.noindex/Subject.build/Debug/IntentsAutomationHost_c5efa9471bed.build/IntentsAutomationHost_c5efa9471bed.DependencyStaticMetadataFileList (in target 'IntentsAutomationHost_c5efa9471bed' from project 'Subject')
    cd /Users/coryparry/Developer/Projects/Intents/Tools/IntentsAutomation/.runtime/mac-host-preparation-1/prepare-0CCE5972-531F-459D-A609-B3580AF4C2E2/source
    write-file /Users/coryparry/Developer/Projects/Intents/Tools/IntentsAutomation/.runtime/mac-host-preparation-1/prepare-0CCE5972-531F-459D-A609-B3580AF4C2E2/DerivedData/Build/Intermediates.noindex/Subject.build/Debug/IntentsAutomationHost_c5efa9471bed.build/IntentsAutomationHost_c5efa9471bed.DependencyStaticMetadataFileList

WriteAuxiliaryFile /Users/coryparry/Developer/Projects/Intents/Tools/IntentsAutomation/.runtime/mac-host-preparation-1/prepare-0CCE5972-531F-459D-A609-B3580AF4C2E2/DerivedData/Build/Intermediates.noindex/Subject.build/Debug/IntentsAutomationHost_c5efa9471bed.build/IntentsAutomationHost_c5efa9471bed.DependencyMetadataFileList (in target 'IntentsAutomationHost_c5efa9471bed' from project 'Subject')
    cd /Users/coryparry/Developer/Projects/Intents/Tools/IntentsAutomation/.runtime/mac-host-preparation-1/prepare-0CCE5972-531F-459D-A609-B3580AF4C2E2/source
    write-file /Users/coryparry/Developer/Projects/Intents/Tools/IntentsAutomation/.runtime/mac-host-preparation-1/prepare-0CCE5972-531F-459D-A609-B3580AF4C2E2/DerivedData/Build/Intermediates.noindex/Subject.build/Debug/IntentsAutomationHost_c5efa9471bed.build/IntentsAutomationHost_c5efa9471bed.DependencyMetadataFileList

WriteAuxiliaryFile /Users/coryparry/Developer/Projects/Intents/Tools/IntentsAutomation/.runtime/mac-host-preparation-1/prepare-0CCE5972-531F-459D-A609-B3580AF4C2E2/DerivedData/Build/Intermediates.noindex/Subject.build/Debug/IntentsAutomationHost_c5efa9471bed.build/IntentsAutomationHost_c5efa9471bed-project-headers.hmap (in target 'IntentsAutomationHost_c5efa9471bed' from project 'Subject')
    cd /Users/coryparry/Developer/Projects/Intents/Tools/IntentsAutomation/.runtime/mac-host-preparation-1/prepare-0CCE5972-531F-459D-A609-B3580AF4C2E2/source
    write-file /Users/coryparry/Developer/Projects/Intents/Tools/IntentsAutomation/.runtime/mac-host-preparation-1/prepare-0CCE5972-531F-459D-A609-B3580AF4C2E2/DerivedData/Build/Intermediates.noindex/Subject.build/Debug/IntentsAutomationHost_c5efa9471bed.build/IntentsAutomationHost_c5efa9471bed-project-headers.hmap

WriteAuxiliaryFile /Users/coryparry/Developer/Projects/Intents/Tools/IntentsAutomation/.runtime/mac-host-preparation-1/prepare-0CCE5972-531F-459D-A609-B3580AF4C2E2/DerivedData/Build/Intermediates.noindex/Subject.build/Debug/IntentsAutomationHost_c5efa9471bed.build/IntentsAutomationHost_c5efa9471bed-own-target-headers.hmap (in target 'IntentsAutomationHost_c5efa9471bed' from project 'Subject')
    cd /Users/coryparry/Developer/Projects/Intents/Tools/IntentsAutomation/.runtime/mac-host-preparation-1/prepare-0CCE5972-531F-459D-A609-B3580AF4C2E2/source
    write-file /Users/coryparry/Developer/Projects/Intents/Tools/IntentsAutomation/.runtime/mac-host-preparation-1/prepare-0CCE5972-531F-459D-A609-B3580AF4C2E2/DerivedData/Build/Intermediates.noindex/Subject.build/Debug/IntentsAutomationHost_c5efa9471bed.build/IntentsAutomationHost_c5efa9471bed-own-target-headers.hmap

WriteAuxiliaryFile /Users/coryparry/Developer/Projects/Intents/Tools/IntentsAutomation/.runtime/mac-host-preparation-1/prepare-0CCE5972-531F-459D-A609-B3580AF4C2E2/DerivedData/Build/Intermediates.noindex/Subject.build/Debug/IntentsAutomationHost_c5efa9471bed.build/IntentsAutomationHost_c5efa9471bed-generated-files.hmap (in target 'IntentsAutomationHost_c5efa9471bed' from project 'Subject')
    cd /Users/coryparry/Developer/Projects/Intents/Tools/IntentsAutomation/.runtime/mac-host-preparation-1/prepare-0CCE5972-531F-459D-A609-B3580AF4C2E2/source
    write-file /Users/coryparry/Developer/Projects/Intents/Tools/IntentsAutomation/.runtime/mac-host-preparation-1/prepare-0CCE5972-531F-459D-A609-B3580AF4C2E2/DerivedData/Build/Intermediates.noindex/Subject.build/Debug/IntentsAutomationHost_c5efa9471bed.build/IntentsAutomationHost_c5efa9471bed-generated-files.hmap

WriteAuxiliaryFile /Users/coryparry/Developer/Projects/Intents/Tools/IntentsAutomation/.runtime/mac-host-preparation-1/prepare-0CCE5972-531F-459D-A609-B3580AF4C2E2/DerivedData/Build/Intermediates.noindex/Subject.build/Debug/IntentsAutomationHost_c5efa9471bed.build/IntentsAutomationHost_c5efa9471bed-all-target-headers.hmap (in target 'IntentsAutomationHost_c5efa9471bed' from project 'Subject')
    cd /Users/coryparry/Developer/Projects/Intents/Tools/IntentsAutomation/.runtime/mac-host-preparation-1/prepare-0CCE5972-531F-459D-A609-B3580AF4C2E2/source
    write-file /Users/coryparry/Developer/Projects/Intents/Tools/IntentsAutomation/.runtime/mac-host-preparation-1/prepare-0CCE5972-531F-459D-A609-B3580AF4C2E2/DerivedData/Build/Intermediates.noindex/Subject.build/Debug/IntentsAutomationHost_c5efa9471bed.build/IntentsAutomationHost_c5efa9471bed-all-target-headers.hmap

WriteAuxiliaryFile /Users/coryparry/Developer/Projects/Intents/Tools/IntentsAutomation/.runtime/mac-host-preparation-1/prepare-0CCE5972-531F-459D-A609-B3580AF4C2E2/DerivedData/Build/Intermediates.noindex/Subject.build/Debug/IntentsAutomationHost_c5efa9471bed.build/IntentsAutomationHost_c5efa9471bed-all-non-framework-target-headers.hmap (in target 'IntentsAutomationHost_c5efa9471bed' from project 'Subject')
    cd /Users/coryparry/Developer/Projects/Intents/Tools/IntentsAutomation/.runtime/mac-host-preparation-1/prepare-0CCE5972-531F-459D-A609-B3580AF4C2E2/source
    write-file /Users/coryparry/Developer/Projects/Intents/Tools/IntentsAutomation/.runtime/mac-host-preparation-1/prepare-0CCE5972-531F-459D-A609-B3580AF4C2E2/DerivedData/Build/Intermediates.noindex/Subject.build/Debug/IntentsAutomationHost_c5efa9471bed.build/IntentsAutomationHost_c5efa9471bed-all-non-framework-target-headers.hmap

WriteAuxiliaryFile /Users/coryparry/Developer/Projects/Intents/Tools/IntentsAutomation/.runtime/mac-host-preparation-1/prepare-0CCE5972-531F-459D-A609-B3580AF4C2E2/DerivedData/Build/Intermediates.noindex/Subject.build/Debug/IntentsAutomationHost_c5efa9471bed.build/DerivedSources/Entitlements.plist (in target 'IntentsAutomationHost_c5efa9471bed' from project 'Subject')
    cd /Users/coryparry/Developer/Projects/Intents/Tools/IntentsAutomation/.runtime/mac-host-preparation-1/prepare-0CCE5972-531F-459D-A609-B3580AF4C2E2/source
    write-file /Users/coryparry/Developer/Projects/Intents/Tools/IntentsAutomation/.runtime/mac-host-preparation-1/prepare-0CCE5972-531F-459D-A609-B3580AF4C2E2/DerivedData/Build/Intermediates.noindex/Subject.build/Debug/IntentsAutomationHost_c5efa9471bed.build/DerivedSources/Entitlements.plist

MkDir /Users/coryparry/Developer/Projects/Intents/Tools/IntentsAutomation/.runtime/mac-host-preparation-1/prepare-0CCE5972-531F-459D-A609-B3580AF4C2E2/DerivedData/Build/Products/Debug/IntentsAutomationHost_c5efa9471bed-Runner.app/Contents/PlugIns/IntentsAutomationHost_c5efa9471bed.xctest/Contents/MacOS (in target 'IntentsAutomationHost_c5efa9471bed' from project 'Subject')
    cd /Users/coryparry/Developer/Projects/Intents/Tools/IntentsAutomation/.runtime/mac-host-preparation-1/prepare-0CCE5972-531F-459D-A609-B3580AF4C2E2/source
    /bin/mkdir -p /Users/coryparry/Developer/Projects/Intents/Tools/IntentsAutomation/.runtime/mac-host-preparation-1/prepare-0CCE5972-531F-459D-A609-B3580AF4C2E2/DerivedData/Build/Products/Debug/IntentsAutomationHost_c5efa9471bed-Runner.app/Contents/PlugIns/IntentsAutomationHost_c5efa9471bed.xctest/Contents/MacOS

MkDir /Users/coryparry/Developer/Projects/Intents/Tools/IntentsAutomation/.runtime/mac-host-preparation-1/prepare-0CCE5972-531F-459D-A609-B3580AF4C2E2/DerivedData/Build/Products/Debug/IntentsAutomationHost_c5efa9471bed-Runner.app/Contents/PlugIns/IntentsAutomationHost_c5efa9471bed.xctest/Contents (in target 'IntentsAutomationHost_c5efa9471bed' from project 'Subject')
    cd /Users/coryparry/Developer/Projects/Intents/Tools/IntentsAutomation/.runtime/mac-host-preparation-1/prepare-0CCE5972-531F-459D-A609-B3580AF4C2E2/source
    /bin/mkdir -p /Users/coryparry/Developer/Projects/Intents/Tools/IntentsAutomation/.runtime/mac-host-preparation-1/prepare-0CCE5972-531F-459D-A609-B3580AF4C2E2/DerivedData/Build/Products/Debug/IntentsAutomationHost_c5efa9471bed-Runner.app/Contents/PlugIns/IntentsAutomationHost_c5efa9471bed.xctest/Contents

MkDir /Users/coryparry/Developer/Projects/Intents/Tools/IntentsAutomation/.runtime/mac-host-preparation-1/prepare-0CCE5972-531F-459D-A609-B3580AF4C2E2/DerivedData/Build/Products/Debug/IntentsAutomationHost_c5efa9471bed-Runner.app/Contents/PlugIns/IntentsAutomationHost_c5efa9471bed.xctest (in target 'IntentsAutomationHost_c5efa9471bed' from project 'Subject')
    cd /Users/coryparry/Developer/Projects/Intents/Tools/IntentsAutomation/.runtime/mac-host-preparation-1/prepare-0CCE5972-531F-459D-A609-B3580AF4C2E2/source
    /bin/mkdir -p /Users/coryparry/Developer/Projects/Intents/Tools/IntentsAutomation/.runtime/mac-host-preparation-1/prepare-0CCE5972-531F-459D-A609-B3580AF4C2E2/DerivedData/Build/Products/Debug/IntentsAutomationHost_c5efa9471bed-Runner.app/Contents/PlugIns/IntentsAutomationHost_c5efa9471bed.xctest

ProcessProductPackaging "" /Users/coryparry/Developer/Projects/Intents/Tools/IntentsAutomation/.runtime/mac-host-preparation-1/prepare-0CCE5972-531F-459D-A609-B3580AF4C2E2/DerivedData/Build/Intermediates.noindex/Subject.build/Debug/Subject.build/Subject.app.xcent (in target 'Subject' from project 'Subject')
    cd /Users/coryparry/Developer/Projects/Intents/Tools/IntentsAutomation/.runtime/mac-host-preparation-1/prepare-0CCE5972-531F-459D-A609-B3580AF4C2E2/source

    Entitlements:

    {
    "com.apple.security.get-task-allow" = 1;
}

    builtin-productPackagingUtility -entitlements -format xml -o /Users/coryparry/Developer/Projects/Intents/Tools/IntentsAutomation/.runtime/mac-host-preparation-1/prepare-0CCE5972-531F-459D-A609-B3580AF4C2E2/DerivedData/Build/Intermediates.noindex/Subject.build/Debug/Subject.build/Subject.app.xcent

ProcessProductPackagingDER /Users/coryparry/Developer/Projects/Intents/Tools/IntentsAutomation/.runtime/mac-host-preparation-1/prepare-0CCE5972-531F-459D-A609-B3580AF4C2E2/DerivedData/Build/Intermediates.noindex/Subject.build/Debug/Subject.build/Subject.app.xcent /Users/coryparry/Developer/Projects/Intents/Tools/IntentsAutomation/.runtime/mac-host-preparation-1/prepare-0CCE5972-531F-459D-A609-B3580AF4C2E2/DerivedData/Build/Intermediates.noindex/Subject.build/Debug/Subject.build/Subject.app.xcent.der (in target 'Subject' from project 'Subject')
    cd /Users/coryparry/Developer/Projects/Intents/Tools/IntentsAutomation/.runtime/mac-host-preparation-1/prepare-0CCE5972-531F-459D-A609-B3580AF4C2E2/source
    /usr/bin/derq query -f xml -i /Users/coryparry/Developer/Projects/Intents/Tools/IntentsAutomation/.runtime/mac-host-preparation-1/prepare-0CCE5972-531F-459D-A609-B3580AF4C2E2/DerivedData/Build/Intermediates.noindex/Subject.build/Debug/Subject.build/Subject.app.xcent -o /Users/coryparry/Developer/Projects/Intents/Tools/IntentsAutomation/.runtime/mac-host-preparation-1/prepare-0CCE5972-531F-459D-A609-B3580AF4C2E2/DerivedData/Build/Intermediates.noindex/Subject.build/Debug/Subject.build/Subject.app.xcent.der --raw

ProcessInfoPlistFile /Users/coryparry/Developer/Projects/Intents/Tools/IntentsAutomation/.runtime/mac-host-preparation-1/prepare-0CCE5972-531F-459D-A609-B3580AF4C2E2/DerivedData/Build/Products/Debug/Subject.app/Contents/Info.plist /Users/coryparry/Developer/Projects/Intents/Tools/IntentsAutomation/.runtime/mac-host-preparation-1/prepare-0CCE5972-531F-459D-A609-B3580AF4C2E2/DerivedData/Build/Intermediates.noindex/Subject.build/Debug/Subject.build/empty-Subject.plist (in target 'Subject' from project 'Subject')
    cd /Users/coryparry/Developer/Projects/Intents/Tools/IntentsAutomation/.runtime/mac-host-preparation-1/prepare-0CCE5972-531F-459D-A609-B3580AF4C2E2/source
    builtin-infoPlistUtility /Users/coryparry/Developer/Projects/Intents/Tools/IntentsAutomation/.runtime/mac-host-preparation-1/prepare-0CCE5972-531F-459D-A609-B3580AF4C2E2/DerivedData/Build/Intermediates.noindex/Subject.build/Debug/Subject.build/empty-Subject.plist -producttype com.apple.product-type.application -genpkginfo /Users/coryparry/Developer/Projects/Intents/Tools/IntentsAutomation/.runtime/mac-host-preparation-1/prepare-0CCE5972-531F-459D-A609-B3580AF4C2E2/DerivedData/Build/Products/Debug/Subject.app/Contents/PkgInfo -expandbuildsettings -platform macosx -o /Users/coryparry/Developer/Projects/Intents/Tools/IntentsAutomation/.runtime/mac-host-preparation-1/prepare-0CCE5972-531F-459D-A609-B3580AF4C2E2/DerivedData/Build/Products/Debug/Subject.app/Contents/Info.plist

SwiftDriver Subject normal arm64 com.apple.xcode.tools.swift.compiler (in target 'Subject' from project 'Subject')
    cd /Users/coryparry/Developer/Projects/Intents/Tools/IntentsAutomation/.runtime/mac-host-preparation-1/prepare-0CCE5972-531F-459D-A609-B3580AF4C2E2/source
    builtin-SwiftDriver -- /Applications/Xcode.app/Contents/Developer/Toolchains/XcodeDefault.xctoolchain/usr/bin/swiftc -module-name Subject -O @/Users/coryparry/Developer/Projects/Intents/Tools/IntentsAutomation/.runtime/mac-host-preparation-1/prepare-0CCE5972-531F-459D-A609-B3580AF4C2E2/DerivedData/Build/Intermediates.noindex/Subject.build/Debug/Subject.build/Objects-normal/arm64/Subject.SwiftFileList -enable-experimental-feature DebugDescriptionMacro -sdk /Applications/Xcode.app/Contents/Developer/Platforms/MacOSX.platform/Developer/SDKs/MacOSX27.0.sdk -target arm64-apple-macos27.0 -g -module-cache-path /Users/coryparry/Developer/Projects/Intents/Tools/IntentsAutomation/.runtime/mac-host-preparation-1/prepare-0CCE5972-531F-459D-A609-B3580AF4C2E2/DerivedData/ModuleCache.noindex -Xfrontend -serialize-debugging-options -swift-version 6 -I /Users/coryparry/Developer/Projects/Intents/Tools/IntentsAutomation/.runtime/mac-host-preparation-1/prepare-0CCE5972-531F-459D-A609-B3580AF4C2E2/DerivedData/Build/Products/Debug -F /Users/coryparry/Developer/Projects/Intents/Tools/IntentsAutomation/.runtime/mac-host-preparation-1/prepare-0CCE5972-531F-459D-A609-B3580AF4C2E2/DerivedData/Build/Products/Debug -parse-as-library -c -j10 -enable-batch-mode -incremental -Xcc -ivfsstatcache -Xcc /Users/coryparry/Developer/Projects/Intents/Tools/IntentsAutomation/.runtime/mac-host-preparation-1/prepare-0CCE5972-531F-459D-A609-B3580AF4C2E2/DerivedData/SDKStatCaches.noindex/macosx27.0-26A425-e829b21a6f8c9b70876ba0858053c0447231f6df4def33e022ae2eb8f782df1a.sdkstatcache -output-file-map /Users/coryparry/Developer/Projects/Intents/Tools/IntentsAutomation/.runtime/mac-host-preparation-1/prepare-0CCE5972-531F-459D-A609-B3580AF4C2E2/DerivedData/Build/Intermediates.noindex/Subject.build/Debug/Subject.build/Objects-normal/arm64/Subject-OutputFileMap.json -save-temps -no-color-diagnostics -explicit-module-build -module-cache-path /Users/coryparry/Developer/Projects/Intents/Tools/IntentsAutomation/.runtime/mac-host-preparation-1/prepare-0CCE5972-531F-459D-A609-B3580AF4C2E2/DerivedData/Build/Intermediates.noindex/SwiftExplicitPrecompiledModules -clang-scanner-module-cache-path /Users/coryparry/Developer/Projects/Intents/Tools/IntentsAutomation/.runtime/mac-host-preparation-1/prepare-0CCE5972-531F-459D-A609-B3580AF4C2E2/DerivedData/ModuleCache.noindex -sdk-module-cache-path /Users/coryparry/Developer/Projects/Intents/Tools/IntentsAutomation/.runtime/mac-host-preparation-1/prepare-0CCE5972-531F-459D-A609-B3580AF4C2E2/DerivedData/SDKExplicitPrecompiledModules -emit-dependencies -emit-module -emit-module-path /Users/coryparry/Developer/Projects/Intents/Tools/IntentsAutomation/.runtime/mac-host-preparation-1/prepare-0CCE5972-531F-459D-A609-B3580AF4C2E2/DerivedData/Build/Intermediates.noindex/Subject.build/Debug/Subject.build/Objects-normal/arm64/Subject.swiftmodule -serialize-diagnostics -dependency-scan-serialize-diagnostics-path /Users/coryparry/Developer/Projects/Intents/Tools/IntentsAutomation/.runtime/mac-host-preparation-1/prepare-0CCE5972-531F-459D-A609-B3580AF4C2E2/DerivedData/Build/Intermediates.noindex/Subject.build/Debug/Subject.build/Objects-normal/arm64/Subject-dependency-scan.dia -validate-clang-modules-once -clang-build-session-file /Users/coryparry/Developer/Projects/Intents/Tools/IntentsAutomation/.runtime/mac-host-preparation-1/prepare-0CCE5972-531F-459D-A609-B3580AF4C2E2/DerivedData/ModuleCache.noindex/Session.modulevalidation -Xcc -fmodules-prune-interval\=86400 -Xcc -fmodules-prune-after\=345600 -emit-const-values -const-gather-protocols-list /Users/coryparry/Developer/Projects/Intents/Tools/IntentsAutomation/.runtime/mac-host-preparation-1/prepare-0CCE5972-531F-459D-A609-B3580AF4C2E2/DerivedData/Build/Intermediates.noindex/Subject.build/Debug/Subject.build/Objects-normal/arm64/Subject_const_extract_protocols.json -Xcc -iquote -Xcc /Users/coryparry/Developer/Projects/Intents/Tools/IntentsAutomation/.runtime/mac-host-preparation-1/prepare-0CCE5972-531F-459D-A609-B3580AF4C2E2/DerivedData/Build/Intermediates.noindex/Subject.build/Debug/Subject.build/Subject-generated-files.hmap -Xcc -I/Users/coryparry/Developer/Projects/Intents/Tools/IntentsAutomation/.runtime/mac-host-preparation-1/prepare-0CCE5972-531F-459D-A609-B3580AF4C2E2/DerivedData/Build/Intermediates.noindex/Subject.build/Debug/Subject.build/Subject-own-target-headers.hmap -Xcc -I/Users/coryparry/Developer/Projects/Intents/Tools/IntentsAutomation/.runtime/mac-host-preparation-1/prepare-0CCE5972-531F-459D-A609-B3580AF4C2E2/DerivedData/Build/Intermediates.noindex/Subject.build/Debug/Subject.build/Subject-all-target-headers.hmap -Xcc -iquote -Xcc /Users/coryparry/Developer/Projects/Intents/Tools/IntentsAutomation/.runtime/mac-host-preparation-1/prepare-0CCE5972-531F-459D-A609-B3580AF4C2E2/DerivedData/Build/Intermediates.noindex/Subject.build/Debug/Subject.build/Subject-project-headers.hmap -Xcc -I/Users/coryparry/Developer/Projects/Intents/Tools/IntentsAutomation/.runtime/mac-host-preparation-1/prepare-0CCE5972-531F-459D-A609-B3580AF4C2E2/DerivedData/Build/Products/Debug/include -Xcc -I/Users/coryparry/Developer/Projects/Intents/Tools/IntentsAutomation/.runtime/mac-host-preparation-1/prepare-0CCE5972-531F-459D-A609-B3580AF4C2E2/DerivedData/Build/Intermediates.noindex/Subject.build/Debug/Subject.build/DerivedSources-normal/arm64 -Xcc -I/Users/coryparry/Developer/Projects/Intents/Tools/IntentsAutomation/.runtime/mac-host-preparation-1/prepare-0CCE5972-531F-459D-A609-B3580AF4C2E2/DerivedData/Build/Intermediates.noindex/Subject.build/Debug/Subject.build/DerivedSources/arm64 -Xcc -I/Users/coryparry/Developer/Projects/Intents/Tools/IntentsAutomation/.runtime/mac-host-preparation-1/prepare-0CCE5972-531F-459D-A609-B3580AF4C2E2/DerivedData/Build/Intermediates.noindex/Subject.build/Debug/Subject.build/DerivedSources -emit-objc-header -emit-objc-header-path /Users/coryparry/Developer/Projects/Intents/Tools/IntentsAutomation/.runtime/mac-host-preparation-1/prepare-0CCE5972-531F-459D-A609-B3580AF4C2E2/DerivedData/Build/Intermediates.noindex/Subject.build/Debug/Subject.build/Objects-normal/arm64/Subject-Swift.h -working-directory /Users/coryparry/Developer/Projects/Intents/Tools/IntentsAutomation/.runtime/mac-host-preparation-1/prepare-0CCE5972-531F-459D-A609-B3580AF4C2E2/source -experimental-emit-module-separately -disable-cmo

SwiftExplicitDependencyGeneratePcm arm64 /Users/coryparry/Developer/Projects/Intents/Tools/IntentsAutomation/.runtime/mac-host-preparation-1/prepare-0CCE5972-531F-459D-A609-B3580AF4C2E2/DerivedData/SDKExplicitPrecompiledModules/_SwiftConcurrencyShims-5QSGMMB0ER547Q1KE076GSVXP.pcm

SwiftExplicitDependencyGeneratePcm arm64 /Users/coryparry/Developer/Projects/Intents/Tools/IntentsAutomation/.runtime/mac-host-preparation-1/prepare-0CCE5972-531F-459D-A609-B3580AF4C2E2/DerivedData/SDKExplicitPrecompiledModules/SwiftShims-9547FSCLULG2K4SZDANUGRWOT.pcm

SwiftExplicitDependencyGeneratePcm arm64 /Users/coryparry/Developer/Projects/Intents/Tools/IntentsAutomation/.runtime/mac-host-preparation-1/prepare-0CCE5972-531F-459D-A609-B3580AF4C2E2/DerivedData/SDKExplicitPrecompiledModules/ptrauth-3H79CUPRNSF04GFN0R9BR0B6G.pcm

SwiftExplicitDependencyGeneratePcm arm64 /Users/coryparry/Developer/Projects/Intents/Tools/IntentsAutomation/.runtime/mac-host-preparation-1/prepare-0CCE5972-531F-459D-A609-B3580AF4C2E2/DerivedData/SDKExplicitPrecompiledModules/ptrcheck-6OV7XZCVK3Z6IARQG9QC004V0.pcm

SwiftExplicitDependencyGeneratePcm arm64 /Users/coryparry/Developer/Projects/Intents/Tools/IntentsAutomation/.runtime/mac-host-preparation-1/prepare-0CCE5972-531F-459D-A609-B3580AF4C2E2/DerivedData/SDKExplicitPrecompiledModules/_Builtin_stdarg-8SKEDZ2HNKDJBD2CR4DXVZKNT.pcm

SwiftExplicitDependencyGeneratePcm arm64 /Users/coryparry/Developer/Projects/Intents/Tools/IntentsAutomation/.runtime/mac-host-preparation-1/prepare-0CCE5972-531F-459D-A609-B3580AF4C2E2/DerivedData/SDKExplicitPrecompiledModules/_Builtin_stdbool-CXR64YE9WKG75A17V6RJMTQKS.pcm

SwiftExplicitDependencyGeneratePcm arm64 /Users/coryparry/Developer/Projects/Intents/Tools/IntentsAutomation/.runtime/mac-host-preparation-1/prepare-0CCE5972-531F-459D-A609-B3580AF4C2E2/DerivedData/SDKExplicitPrecompiledModules/_AvailabilityInternal-4QBH12GJKGERU76GV3F5BF62Q.pcm

SwiftExplicitDependencyGeneratePcm arm64 /Users/coryparry/Developer/Projects/Intents/Tools/IntentsAutomation/.runtime/mac-host-preparation-1/prepare-0CCE5972-531F-459D-A609-B3580AF4C2E2/DerivedData/SDKExplicitPrecompiledModules/DeveloperToolsSupport-9GZLMF7XXXCZ7EK7CQJWWF2QY.pcm

SwiftExplicitDependencyGeneratePcm arm64 /Users/coryparry/Developer/Projects/Intents/Tools/IntentsAutomation/.runtime/mac-host-preparation-1/prepare-0CCE5972-531F-459D-A609-B3580AF4C2E2/DerivedData/SDKExplicitPrecompiledModules/_Builtin_float-6T0G0JF40V741R7CUD697U9TK.pcm

SwiftExplicitDependencyGeneratePcm arm64 /Users/coryparry/Developer/Projects/Intents/Tools/IntentsAutomation/.runtime/mac-host-preparation-1/prepare-0CCE5972-531F-459D-A609-B3580AF4C2E2/DerivedData/SDKExplicitPrecompiledModules/_Builtin_stddef-9R3HKLP5I3IFGT7TDF06KEXFB.pcm

SwiftExplicitDependencyGeneratePcm arm64 /Users/coryparry/Developer/Projects/Intents/Tools/IntentsAutomation/.runtime/mac-host-preparation-1/prepare-0CCE5972-531F-459D-A609-B3580AF4C2E2/DerivedData/SDKExplicitPrecompiledModules/_DarwinFoundation1-5OTW2MMCW0TP795Q2S3BK5094.pcm

SwiftExplicitDependencyGeneratePcm arm64 /Users/coryparry/Developer/Projects/Intents/Tools/IntentsAutomation/.runtime/mac-host-preparation-1/prepare-0CCE5972-531F-459D-A609-B3580AF4C2E2/DerivedData/SDKExplicitPrecompiledModules/_DarwinFoundation2-8O5RXH2VDP5TLEZ0HUVP9SZC4.pcm

SwiftExplicitDependencyGeneratePcm arm64 /Users/coryparry/Developer/Projects/Intents/Tools/IntentsAutomation/.runtime/mac-host-preparation-1/prepare-0CCE5972-531F-459D-A609-B3580AF4C2E2/DerivedData/SDKExplicitPrecompiledModules/_Builtin_limits-5DKX7WX312YE6ZFJEI1JRNKIH.pcm

SwiftExplicitDependencyGeneratePcm arm64 /Users/coryparry/Developer/Projects/Intents/Tools/IntentsAutomation/.runtime/mac-host-preparation-1/prepare-0CCE5972-531F-459D-A609-B3580AF4C2E2/DerivedData/SDKExplicitPrecompiledModules/ExtensionFoundation-857ZNME1F30AP899HT6N5MYDH.pcm

SwiftExplicitDependencyGeneratePcm arm64 /Users/coryparry/Developer/Projects/Intents/Tools/IntentsAutomation/.runtime/mac-host-preparation-1/prepare-0CCE5972-531F-459D-A609-B3580AF4C2E2/DerivedData/SDKExplicitPrecompiledModules/string_h-9FOV9ST3AB967E72GOJCN42FK.pcm

SwiftExplicitDependencyGeneratePcm arm64 /Users/coryparry/Developer/Projects/Intents/Tools/IntentsAutomation/.runtime/mac-host-preparation-1/prepare-0CCE5972-531F-459D-A609-B3580AF4C2E2/DerivedData/SDKExplicitPrecompiledModules/sys_types-4E8Q4NMJ4BK6574AX4HV9W28.pcm

SwiftExplicitDependencyGeneratePcm arm64 /Users/coryparry/Developer/Projects/Intents/Tools/IntentsAutomation/.runtime/mac-host-preparation-1/prepare-0CCE5972-531F-459D-A609-B3580AF4C2E2/DerivedData/SDKExplicitPrecompiledModules/_Builtin_tgmath-4DH7GXAXZGD4MN6RJZR0WAJMN.pcm

SwiftExplicitDependencyGeneratePcm arm64 /Users/coryparry/Developer/Projects/Intents/Tools/IntentsAutomation/.runtime/mac-host-preparation-1/prepare-0CCE5972-531F-459D-A609-B3580AF4C2E2/DerivedData/SDKExplicitPrecompiledModules/_Builtin_stdint-23VWEESQ588TH48SK4DIPG9BR.pcm

SwiftExplicitDependencyGeneratePcm arm64 /Users/coryparry/Developer/Projects/Intents/Tools/IntentsAutomation/.runtime/mac-host-preparation-1/prepare-0CCE5972-531F-459D-A609-B3580AF4C2E2/DerivedData/SDKExplicitPrecompiledModules/_Builtin_stdatomic-4TNR2H5M8NO7RG78WPX06O0OG.pcm

SwiftExplicitDependencyGeneratePcm arm64 /Users/coryparry/Developer/Projects/Intents/Tools/IntentsAutomation/.runtime/mac-host-preparation-1/prepare-0CCE5972-531F-459D-A609-B3580AF4C2E2/DerivedData/SDKExplicitPrecompiledModules/libDER-6XUWJGQVKQGNOWJFMYVJHBP04.pcm

SwiftExplicitDependencyGeneratePcm arm64 /Users/coryparry/Developer/Projects/Intents/Tools/IntentsAutomation/.runtime/mac-host-preparation-1/prepare-0CCE5972-531F-459D-A609-B3580AF4C2E2/DerivedData/SDKExplicitPrecompiledModules/_DarwinFoundation3-5CZQ5KB7FWGZC0ANDKF63551S.pcm

SwiftExplicitDependencyGeneratePcm arm64 /Users/coryparry/Developer/Projects/Intents/Tools/IntentsAutomation/.runtime/mac-host-preparation-1/prepare-0CCE5972-531F-459D-A609-B3580AF4C2E2/DerivedData/SDKExplicitPrecompiledModules/_Builtin_intrinsics-1SD2FVMQ311NIS1IJVGEX6XR2.pcm

SwiftExplicitDependencyGeneratePcm arm64 /Users/coryparry/Developer/Projects/Intents/Tools/IntentsAutomation/.runtime/mac-host-preparation-1/prepare-0CCE5972-531F-459D-A609-B3580AF4C2E2/DerivedData/SDKExplicitPrecompiledModules/_Builtin_inttypes-533E096DNGWT0LKQ4A2W7V2FV.pcm

SwiftExplicitDependencyGeneratePcm arm64 /Users/coryparry/Developer/Projects/Intents/Tools/IntentsAutomation/.runtime/mac-host-preparation-1/prepare-0CCE5972-531F-459D-A609-B3580AF4C2E2/DerivedData/SDKExplicitPrecompiledModules/Darwin-4YDP0LIJ8TFW2UGOU0EDBERT7.pcm

SwiftExplicitDependencyGeneratePcm arm64 /Users/coryparry/Developer/Projects/Intents/Tools/IntentsAutomation/.runtime/mac-host-preparation-1/prepare-0CCE5972-531F-459D-A609-B3580AF4C2E2/DerivedData/SDKExplicitPrecompiledModules/simd-EL4KX2VCZDD9B5S3702DEL8W7.pcm

SwiftExplicitDependencyGeneratePcm arm64 /Users/coryparry/Developer/Projects/Intents/Tools/IntentsAutomation/.runtime/mac-host-preparation-1/prepare-0CCE5972-531F-459D-A609-B3580AF4C2E2/DerivedData/SDKExplicitPrecompiledModules/launch-AS74YQ9LVGIMC5RQVRU7WXA6G.pcm

SwiftExplicitDependencyGeneratePcm arm64 /Users/coryparry/Developer/Projects/Intents/Tools/IntentsAutomation/.runtime/mac-host-preparation-1/prepare-0CCE5972-531F-459D-A609-B3580AF4C2E2/DerivedData/SDKExplicitPrecompiledModules/libkern-AW35SBWKK9NIDPM90BH3XZK2C.pcm

SwiftExplicitDependencyGeneratePcm arm64 /Users/coryparry/Developer/Projects/Intents/Tools/IntentsAutomation/.runtime/mac-host-preparation-1/prepare-0CCE5972-531F-459D-A609-B3580AF4C2E2/DerivedData/SDKExplicitPrecompiledModules/MachO-5JWZC3RIXLYBYO8RCGR80MIL.pcm

SwiftExplicitDependencyGeneratePcm arm64 /Users/coryparry/Developer/Projects/Intents/Tools/IntentsAutomation/.runtime/mac-host-preparation-1/prepare-0CCE5972-531F-459D-A609-B3580AF4C2E2/DerivedData/SDKExplicitPrecompiledModules/Spatial-78B4E1CT52LRQCZOUNPR2LX71.pcm

SwiftExplicitDependencyGeneratePcm arm64 /Users/coryparry/Developer/Projects/Intents/Tools/IntentsAutomation/.runtime/mac-host-preparation-1/prepare-0CCE5972-531F-459D-A609-B3580AF4C2E2/DerivedData/SDKExplicitPrecompiledModules/CUPS-AUPCI9BNRFF7PNAYJ5WMB9XZD.pcm

SwiftExplicitDependencyGeneratePcm arm64 /Users/coryparry/Developer/Projects/Intents/Tools/IntentsAutomation/.runtime/mac-host-preparation-1/prepare-0CCE5972-531F-459D-A609-B3580AF4C2E2/DerivedData/SDKExplicitPrecompiledModules/ObjectiveC-EM9EB1NNRLC4BU851REIE85CA.pcm

SwiftExplicitDependencyGeneratePcm arm64 /Users/coryparry/Developer/Projects/Intents/Tools/IntentsAutomation/.runtime/mac-host-preparation-1/prepare-0CCE5972-531F-459D-A609-B3580AF4C2E2/DerivedData/SDKExplicitPrecompiledModules/os_object-EWOZ76F16RXMJWKW7JEP2AITV.pcm

SwiftExplicitDependencyGeneratePcm arm64 /Users/coryparry/Developer/Projects/Intents/Tools/IntentsAutomation/.runtime/mac-host-preparation-1/prepare-0CCE5972-531F-459D-A609-B3580AF4C2E2/DerivedData/SDKExplicitPrecompiledModules/os_workgroup-2ZJJU7845C8XH6IOKK04GCDPV.pcm

SwiftExplicitDependencyGeneratePcm arm64 /Users/coryparry/Developer/Projects/Intents/Tools/IntentsAutomation/.runtime/mac-host-preparation-1/prepare-0CCE5972-531F-459D-A609-B3580AF4C2E2/DerivedData/SDKExplicitPrecompiledModules/Dispatch-1F1TO6XWCEQKXQNVURMQH3I7C.pcm

SwiftExplicitDependencyGeneratePcm arm64 /Users/coryparry/Developer/Projects/Intents/Tools/IntentsAutomation/.runtime/mac-host-preparation-1/prepare-0CCE5972-531F-459D-A609-B3580AF4C2E2/DerivedData/SDKExplicitPrecompiledModules/CoreFoundation-5663AC1AGGAVF3IC62CCZ282P.pcm

SwiftExplicitDependencyGeneratePcm arm64 /Users/coryparry/Developer/Projects/Intents/Tools/IntentsAutomation/.runtime/mac-host-preparation-1/prepare-0CCE5972-531F-459D-A609-B3580AF4C2E2/DerivedData/SDKExplicitPrecompiledModules/dnssd-5KMVZF1LS10IKWBFLGUIA66AO.pcm

SwiftExplicitDependencyGeneratePcm arm64 /Users/coryparry/Developer/Projects/Intents/Tools/IntentsAutomation/.runtime/mac-host-preparation-1/prepare-0CCE5972-531F-459D-A609-B3580AF4C2E2/DerivedData/SDKExplicitPrecompiledModules/XPC-DZHZ3EEUIQ30SRNJYA46IXYWN.pcm

SwiftExplicitDependencyGeneratePcm arm64 /Users/coryparry/Developer/Projects/Intents/Tools/IntentsAutomation/.runtime/mac-host-preparation-1/prepare-0CCE5972-531F-459D-A609-B3580AF4C2E2/DerivedData/SDKExplicitPrecompiledModules/IOKit-BJN0MKY7UP6ZN7OJHIM4VMY0A.pcm

SwiftExplicitDependencyGeneratePcm arm64 /Users/coryparry/Developer/Projects/Intents/Tools/IntentsAutomation/.runtime/mac-host-preparation-1/prepare-0CCE5972-531F-459D-A609-B3580AF4C2E2/DerivedData/SDKExplicitPrecompiledModules/CoreAudioTypes-9PZO53K4UJDPUQP8SPSOUJ9GH.pcm

SwiftExplicitDependencyGeneratePcm arm64 /Users/coryparry/Developer/Projects/Intents/Tools/IntentsAutomation/.runtime/mac-host-preparation-1/prepare-0CCE5972-531F-459D-A609-B3580AF4C2E2/DerivedData/SDKExplicitPrecompiledModules/ColorSync-14D7YZWTO6J4NGT37WFQ0NIQY.pcm

SwiftExplicitDependencyGeneratePcm arm64 /Users/coryparry/Developer/Projects/Intents/Tools/IntentsAutomation/.runtime/mac-host-preparation-1/prepare-0CCE5972-531F-459D-A609-B3580AF4C2E2/DerivedData/SDKExplicitPrecompiledModules/Security-AND85F96GCHJHOS1OG806OMNO.pcm

SwiftExplicitDependencyGeneratePcm arm64 /Users/coryparry/Developer/Projects/Intents/Tools/IntentsAutomation/.runtime/mac-host-preparation-1/prepare-0CCE5972-531F-459D-A609-B3580AF4C2E2/DerivedData/SDKExplicitPrecompiledModules/CFNetwork-16H3P3SVM0TJB1QRC05PBTPE1.pcm

SwiftExplicitDependencyGeneratePcm arm64 /Users/coryparry/Developer/Projects/Intents/Tools/IntentsAutomation/.runtime/mac-host-preparation-1/prepare-0CCE5972-531F-459D-A609-B3580AF4C2E2/DerivedData/SDKExplicitPrecompiledModules/DiskArbitration-EW3XA1SXPLBZKFZOFR5ISEYW6.pcm

SwiftExplicitDependencyGeneratePcm arm64 /Users/coryparry/Developer/Projects/Intents/Tools/IntentsAutomation/.runtime/mac-host-preparation-1/prepare-0CCE5972-531F-459D-A609-B3580AF4C2E2/DerivedData/SDKExplicitPrecompiledModules/os-ERCT1W4YQ0888LAHRS20ZIALF.pcm

SwiftExplicitDependencyGeneratePcm arm64 /Users/coryparry/Developer/Projects/Intents/Tools/IntentsAutomation/.runtime/mac-host-preparation-1/prepare-0CCE5972-531F-459D-A609-B3580AF4C2E2/DerivedData/SDKExplicitPrecompiledModules/CoreGraphics-F1J0Z4680OTDUWIEWF6S6YCS1.pcm

SwiftExplicitDependencyGeneratePcm arm64 /Users/coryparry/Developer/Projects/Intents/Tools/IntentsAutomation/.runtime/mac-host-preparation-1/prepare-0CCE5972-531F-459D-A609-B3580AF4C2E2/DerivedData/SDKExplicitPrecompiledModules/CoreServices-5BIRQ0IEYWT6LMU0EWH5NW1R1.pcm

SwiftExplicitDependencyGeneratePcm arm64 /Users/coryparry/Developer/Projects/Intents/Tools/IntentsAutomation/.runtime/mac-host-preparation-1/prepare-0CCE5972-531F-459D-A609-B3580AF4C2E2/DerivedData/SDKExplicitPrecompiledModules/CoreText-6UMRL4HY7ZTQMZMEE618QKB75.pcm

SwiftExplicitDependencyGeneratePcm arm64 /Users/coryparry/Developer/Projects/Intents/Tools/IntentsAutomation/.runtime/mac-host-preparation-1/prepare-0CCE5972-531F-459D-A609-B3580AF4C2E2/DerivedData/SDKExplicitPrecompiledModules/ImageIO-4KC6S818YBF1618LII9NVHN93.pcm

SwiftExplicitDependencyGeneratePcm arm64 /Users/coryparry/Developer/Projects/Intents/Tools/IntentsAutomation/.runtime/mac-host-preparation-1/prepare-0CCE5972-531F-459D-A609-B3580AF4C2E2/DerivedData/SDKExplicitPrecompiledModules/Foundation-C17ES5BKMAY6KC3BUVUMDBSK8.pcm

SwiftExplicitDependencyGeneratePcm arm64 /Users/coryparry/Developer/Projects/Intents/Tools/IntentsAutomation/.runtime/mac-host-preparation-1/prepare-0CCE5972-531F-459D-A609-B3580AF4C2E2/DerivedData/SDKExplicitPrecompiledModules/UniformTypeIdentifiers-5XIT1V6H776D7XMYIV4FF354S.pcm

SwiftExplicitDependencyGeneratePcm arm64 /Users/coryparry/Developer/Projects/Intents/Tools/IntentsAutomation/.runtime/mac-host-preparation-1/prepare-0CCE5972-531F-459D-A609-B3580AF4C2E2/DerivedData/SDKExplicitPrecompiledModules/OSLog-B40QE0T0HFOSB8C2Y7VVAH6HA.pcm

SwiftExplicitDependencyGeneratePcm arm64 /Users/coryparry/Developer/Projects/Intents/Tools/IntentsAutomation/.runtime/mac-host-preparation-1/prepare-0CCE5972-531F-459D-A609-B3580AF4C2E2/DerivedData/SDKExplicitPrecompiledModules/Network-54DA4MCKPPGBI83JSI1W88CPF.pcm

SwiftExplicitDependencyGeneratePcm arm64 /Users/coryparry/Developer/Projects/Intents/Tools/IntentsAutomation/.runtime/mac-host-preparation-1/prepare-0CCE5972-531F-459D-A609-B3580AF4C2E2/DerivedData/SDKExplicitPrecompiledModules/CoreAudio-DS1MK1OFQKX8FA2YHAGWPLM69.pcm

SwiftExplicitDependencyGeneratePcm arm64 /Users/coryparry/Developer/Projects/Intents/Tools/IntentsAutomation/.runtime/mac-host-preparation-1/prepare-0CCE5972-531F-459D-A609-B3580AF4C2E2/DerivedData/SDKExplicitPrecompiledModules/CoreTransferable-24JQIHZIXF7CEAJ18YNZFVRK8.pcm

SwiftExplicitDependencyGeneratePcm arm64 /Users/coryparry/Developer/Projects/Intents/Tools/IntentsAutomation/.runtime/mac-host-preparation-1/prepare-0CCE5972-531F-459D-A609-B3580AF4C2E2/DerivedData/SDKExplicitPrecompiledModules/ApplicationServices-GH3UP2UPHI00ATWPET2IAD27.pcm

SwiftExplicitDependencyGeneratePcm arm64 /Users/coryparry/Developer/Projects/Intents/Tools/IntentsAutomation/.runtime/mac-host-preparation-1/prepare-0CCE5972-531F-459D-A609-B3580AF4C2E2/DerivedData/SDKExplicitPrecompiledModules/DataDetection-EBH1NLDCUQMW5SU44AVA1NVC9.pcm

SwiftExplicitDependencyGeneratePcm arm64 /Users/coryparry/Developer/Projects/Intents/Tools/IntentsAutomation/.runtime/mac-host-preparation-1/prepare-0CCE5972-531F-459D-A609-B3580AF4C2E2/DerivedData/SDKExplicitPrecompiledModules/AppIntents-A5TAUHU2EA8RH677HYBJ5F314.pcm

SwiftExplicitDependencyGeneratePcm arm64 /Users/coryparry/Developer/Projects/Intents/Tools/IntentsAutomation/.runtime/mac-host-preparation-1/prepare-0CCE5972-531F-459D-A609-B3580AF4C2E2/DerivedData/SDKExplicitPrecompiledModules/Accessibility-DPNZKJYQ51AR26UJ8N9BNPWBK.pcm

SwiftExplicitDependencyGeneratePcm arm64 /Users/coryparry/Developer/Projects/Intents/Tools/IntentsAutomation/.runtime/mac-host-preparation-1/prepare-0CCE5972-531F-459D-A609-B3580AF4C2E2/DerivedData/SDKExplicitPrecompiledModules/RelevanceKit-7YTOTCTQEYBKZ0V796L1WAJXV.pcm

SwiftExplicitDependencyGeneratePcm arm64 /Users/coryparry/Developer/Projects/Intents/Tools/IntentsAutomation/.runtime/mac-host-preparation-1/prepare-0CCE5972-531F-459D-A609-B3580AF4C2E2/DerivedData/SDKExplicitPrecompiledModules/IOSurface-3RW1PV4TIU91LIR4NUFQ7CCT9.pcm

SwiftExplicitDependencyGeneratePcm arm64 /Users/coryparry/Developer/Projects/Intents/Tools/IntentsAutomation/.runtime/mac-host-preparation-1/prepare-0CCE5972-531F-459D-A609-B3580AF4C2E2/DerivedData/SDKExplicitPrecompiledModules/CoreSpotlight-788QMSMG7KYQNW4J8Q6DSVY68.pcm

SwiftExplicitDependencyGeneratePcm arm64 /Users/coryparry/Developer/Projects/Intents/Tools/IntentsAutomation/.runtime/mac-host-preparation-1/prepare-0CCE5972-531F-459D-A609-B3580AF4C2E2/DerivedData/SDKExplicitPrecompiledModules/Symbols-8OJSYZMIANPW6S3HYNJBSCVMH.pcm

SwiftExplicitDependencyGeneratePcm arm64 /Users/coryparry/Developer/Projects/Intents/Tools/IntentsAutomation/.runtime/mac-host-preparation-1/prepare-0CCE5972-531F-459D-A609-B3580AF4C2E2/DerivedData/SDKExplicitPrecompiledModules/Metal-5G36SF7HIAUYURSJA1UR4Z9XC.pcm

SwiftExplicitDependencyGeneratePcm arm64 /Users/coryparry/Developer/Projects/Intents/Tools/IntentsAutomation/.runtime/mac-host-preparation-1/prepare-0CCE5972-531F-459D-A609-B3580AF4C2E2/DerivedData/SDKExplicitPrecompiledModules/OpenGL-4KU4ILG4OMX8JGVHUMT7JREAL.pcm

SwiftExplicitDependencyGeneratePcm arm64 /Users/coryparry/Developer/Projects/Intents/Tools/IntentsAutomation/.runtime/mac-host-preparation-1/prepare-0CCE5972-531F-459D-A609-B3580AF4C2E2/DerivedData/SDKExplicitPrecompiledModules/CoreData-BSLOGXMX73SU3D4L46W11A8UQ.pcm

SwiftExplicitDependencyGeneratePcm arm64 /Users/coryparry/Developer/Projects/Intents/Tools/IntentsAutomation/.runtime/mac-host-preparation-1/prepare-0CCE5972-531F-459D-A609-B3580AF4C2E2/DerivedData/SDKExplicitPrecompiledModules/AppIntentsTypeSupport-61OLFBPLAZUW8RURLLPTC019.pcm

SwiftExplicitDependencyGeneratePcm arm64 /Users/coryparry/Developer/Projects/Intents/Tools/IntentsAutomation/.runtime/mac-host-preparation-1/prepare-0CCE5972-531F-459D-A609-B3580AF4C2E2/DerivedData/SDKExplicitPrecompiledModules/CoreVideo-7U0IWBDZTBZJO2SFLHNA6TX6.pcm

SwiftExplicitDependencyGeneratePcm arm64 /Users/coryparry/Developer/Projects/Intents/Tools/IntentsAutomation/.runtime/mac-host-preparation-1/prepare-0CCE5972-531F-459D-A609-B3580AF4C2E2/DerivedData/SDKExplicitPrecompiledModules/_LocationEssentials-50DGAU375JDKPI29UVAQH7MMM.pcm

SwiftExplicitDependencyGeneratePcm arm64 /Users/coryparry/Developer/Projects/Intents/Tools/IntentsAutomation/.runtime/mac-host-preparation-1/prepare-0CCE5972-531F-459D-A609-B3580AF4C2E2/DerivedData/SDKExplicitPrecompiledModules/CoreImage-COSTN2OFVK4CZCQTPH5UDAYT9.pcm

SwiftExplicitDependencyGeneratePcm arm64 /Users/coryparry/Developer/Projects/Intents/Tools/IntentsAutomation/.runtime/mac-host-preparation-1/prepare-0CCE5972-531F-459D-A609-B3580AF4C2E2/DerivedData/SDKExplicitPrecompiledModules/QuartzCore-9NWQL363VFS6C08DSE3K93H75.pcm

SwiftExplicitDependencyGeneratePcm arm64 /Users/coryparry/Developer/Projects/Intents/Tools/IntentsAutomation/.runtime/mac-host-preparation-1/prepare-0CCE5972-531F-459D-A609-B3580AF4C2E2/DerivedData/SDKExplicitPrecompiledModules/CoreLocation-D7Z095P8AOEEEC3N5MFLSLPBU.pcm

SwiftExplicitDependencyGeneratePcm arm64 /Users/coryparry/Developer/Projects/Intents/Tools/IntentsAutomation/.runtime/mac-host-preparation-1/prepare-0CCE5972-531F-459D-A609-B3580AF4C2E2/DerivedData/SDKExplicitPrecompiledModules/SwiftUICore-D39XJZ46F6B15MKHNHDLLO8GJ.pcm

SwiftExplicitDependencyGeneratePcm arm64 /Users/coryparry/Developer/Projects/Intents/Tools/IntentsAutomation/.runtime/mac-host-preparation-1/prepare-0CCE5972-531F-459D-A609-B3580AF4C2E2/DerivedData/SDKExplicitPrecompiledModules/AppKit-1M0VDLLPG0WFT52923V72ZVT.pcm

SwiftExplicitDependencyGeneratePcm arm64 /Users/coryparry/Developer/Projects/Intents/Tools/IntentsAutomation/.runtime/mac-host-preparation-1/prepare-0CCE5972-531F-459D-A609-B3580AF4C2E2/DerivedData/SDKExplicitPrecompiledModules/CoreMedia-6V8DVUEV6WOKSDQCPF0YLCTEJ.pcm

SwiftExplicitDependencyGeneratePcm arm64 /Users/coryparry/Developer/Projects/Intents/Tools/IntentsAutomation/.runtime/mac-host-preparation-1/prepare-0CCE5972-531F-459D-A609-B3580AF4C2E2/DerivedData/SDKExplicitPrecompiledModules/SwiftUI-6HJDYTWS8Q795L8UHY014CT4V.pcm

SwiftEmitModule normal arm64 Emitting\ module\ for\ Subject (in target 'Subject' from project 'Subject')

SwiftCompile normal arm64 (in target 'Subject' from project 'Subject')
    cd /Users/coryparry/Developer/Projects/Intents/Tools/IntentsAutomation/.runtime/mac-host-preparation-1/prepare-0CCE5972-531F-459D-A609-B3580AF4C2E2/source


SwiftCompile normal arm64 Compiling\ Subject.swift /Users/coryparry/Developer/Projects/Intents/Tools/IntentsAutomation/.runtime/mac-host-preparation-1/prepare-0CCE5972-531F-459D-A609-B3580AF4C2E2/source/Subject.swift (in target 'Subject' from project 'Subject')

SwiftCompile normal arm64 /Users/coryparry/Developer/Projects/Intents/Tools/IntentsAutomation/.runtime/mac-host-preparation-1/prepare-0CCE5972-531F-459D-A609-B3580AF4C2E2/source/Subject.swift (in target 'Subject' from project 'Subject')
    cd /Users/coryparry/Developer/Projects/Intents/Tools/IntentsAutomation/.runtime/mac-host-preparation-1/prepare-0CCE5972-531F-459D-A609-B3580AF4C2E2/source
    builtin-SwiftPerFileCompile Subject.swift

SwiftDriverJobDiscovery normal arm64 Emitting module for Subject (in target 'Subject' from project 'Subject')

SwiftDriver\ Compilation\ Requirements Subject normal arm64 com.apple.xcode.tools.swift.compiler (in target 'Subject' from project 'Subject')
    cd /Users/coryparry/Developer/Projects/Intents/Tools/IntentsAutomation/.runtime/mac-host-preparation-1/prepare-0CCE5972-531F-459D-A609-B3580AF4C2E2/source
    builtin-Swift-Compilation-Requirements -- /Applications/Xcode.app/Contents/Developer/Toolchains/XcodeDefault.xctoolchain/usr/bin/swiftc -module-name Subject -O @/Users/coryparry/Developer/Projects/Intents/Tools/IntentsAutomation/.runtime/mac-host-preparation-1/prepare-0CCE5972-531F-459D-A609-B3580AF4C2E2/DerivedData/Build/Intermediates.noindex/Subject.build/Debug/Subject.build/Objects-normal/arm64/Subject.SwiftFileList -enable-experimental-feature DebugDescriptionMacro -sdk /Applications/Xcode.app/Contents/Developer/Platforms/MacOSX.platform/Developer/SDKs/MacOSX27.0.sdk -target arm64-apple-macos27.0 -g -module-cache-path /Users/coryparry/Developer/Projects/Intents/Tools/IntentsAutomation/.runtime/mac-host-preparation-1/prepare-0CCE5972-531F-459D-A609-B3580AF4C2E2/DerivedData/ModuleCache.noindex -Xfrontend -serialize-debugging-options -swift-version 6 -I /Users/coryparry/Developer/Projects/Intents/Tools/IntentsAutomation/.runtime/mac-host-preparation-1/prepare-0CCE5972-531F-459D-A609-B3580AF4C2E2/DerivedData/Build/Products/Debug -F /Users/coryparry/Developer/Projects/Intents/Tools/IntentsAutomation/.runtime/mac-host-preparation-1/prepare-0CCE5972-531F-459D-A609-B3580AF4C2E2/DerivedData/Build/Products/Debug -parse-as-library -c -j10 -enable-batch-mode -incremental -Xcc -ivfsstatcache -Xcc /Users/coryparry/Developer/Projects/Intents/Tools/IntentsAutomation/.runtime/mac-host-preparation-1/prepare-0CCE5972-531F-459D-A609-B3580AF4C2E2/DerivedData/SDKStatCaches.noindex/macosx27.0-26A425-e829b21a6f8c9b70876ba0858053c0447231f6df4def33e022ae2eb8f782df1a.sdkstatcache -output-file-map /Users/coryparry/Developer/Projects/Intents/Tools/IntentsAutomation/.runtime/mac-host-preparation-1/prepare-0CCE5972-531F-459D-A609-B3580AF4C2E2/DerivedData/Build/Intermediates.noindex/Subject.build/Debug/Subject.build/Objects-normal/arm64/Subject-OutputFileMap.json -save-temps -no-color-diagnostics -explicit-module-build -module-cache-path /Users/coryparry/Developer/Projects/Intents/Tools/IntentsAutomation/.runtime/mac-host-preparation-1/prepare-0CCE5972-531F-459D-A609-B3580AF4C2E2/DerivedData/Build/Intermediates.noindex/SwiftExplicitPrecompiledModules -clang-scanner-module-cache-path /Users/coryparry/Developer/Projects/Intents/Tools/IntentsAutomation/.runtime/mac-host-preparation-1/prepare-0CCE5972-531F-459D-A609-B3580AF4C2E2/DerivedData/ModuleCache.noindex -sdk-module-cache-path /Users/coryparry/Developer/Projects/Intents/Tools/IntentsAutomation/.runtime/mac-host-preparation-1/prepare-0CCE5972-531F-459D-A609-B3580AF4C2E2/DerivedData/SDKExplicitPrecompiledModules -emit-dependencies -emit-module -emit-module-path /Users/coryparry/Developer/Projects/Intents/Tools/IntentsAutomation/.runtime/mac-host-preparation-1/prepare-0CCE5972-531F-459D-A609-B3580AF4C2E2/DerivedData/Build/Intermediates.noindex/Subject.build/Debug/Subject.build/Objects-normal/arm64/Subject.swiftmodule -serialize-diagnostics -dependency-scan-serialize-diagnostics-path /Users/coryparry/Developer/Projects/Intents/Tools/IntentsAutomation/.runtime/mac-host-preparation-1/prepare-0CCE5972-531F-459D-A609-B3580AF4C2E2/DerivedData/Build/Intermediates.noindex/Subject.build/Debug/Subject.build/Objects-normal/arm64/Subject-dependency-scan.dia -validate-clang-modules-once -clang-build-session-file /Users/coryparry/Developer/Projects/Intents/Tools/IntentsAutomation/.runtime/mac-host-preparation-1/prepare-0CCE5972-531F-459D-A609-B3580AF4C2E2/DerivedData/ModuleCache.noindex/Session.modulevalidation -Xcc -fmodules-prune-interval\=86400 -Xcc -fmodules-prune-after\=345600 -emit-const-values -const-gather-protocols-list /Users/coryparry/Developer/Projects/Intents/Tools/IntentsAutomation/.runtime/mac-host-preparation-1/prepare-0CCE5972-531F-459D-A609-B3580AF4C2E2/DerivedData/Build/Intermediates.noindex/Subject.build/Debug/Subject.build/Objects-normal/arm64/Subject_const_extract_protocols.json -Xcc -iquote -Xcc /Users/coryparry/Developer/Projects/Intents/Tools/IntentsAutomation/.runtime/mac-host-preparation-1/prepare-0CCE5972-531F-459D-A609-B3580AF4C2E2/DerivedData/Build/Intermediates.noindex/Subject.build/Debug/Subject.build/Subject-generated-files.hmap -Xcc -I/Users/coryparry/Developer/Projects/Intents/Tools/IntentsAutomation/.runtime/mac-host-preparation-1/prepare-0CCE5972-531F-459D-A609-B3580AF4C2E2/DerivedData/Build/Intermediates.noindex/Subject.build/Debug/Subject.build/Subject-own-target-headers.hmap -Xcc -I/Users/coryparry/Developer/Projects/Intents/Tools/IntentsAutomation/.runtime/mac-host-preparation-1/prepare-0CCE5972-531F-459D-A609-B3580AF4C2E2/DerivedData/Build/Intermediates.noindex/Subject.build/Debug/Subject.build/Subject-all-target-headers.hmap -Xcc -iquote -Xcc /Users/coryparry/Developer/Projects/Intents/Tools/IntentsAutomation/.runtime/mac-host-preparation-1/prepare-0CCE5972-531F-459D-A609-B3580AF4C2E2/DerivedData/Build/Intermediates.noindex/Subject.build/Debug/Subject.build/Subject-project-headers.hmap -Xcc -I/Users/coryparry/Developer/Projects/Intents/Tools/IntentsAutomation/.runtime/mac-host-preparation-1/prepare-0CCE5972-531F-459D-A609-B3580AF4C2E2/DerivedData/Build/Products/Debug/include -Xcc -I/Users/coryparry/Developer/Projects/Intents/Tools/IntentsAutomation/.runtime/mac-host-preparation-1/prepare-0CCE5972-531F-459D-A609-B3580AF4C2E2/DerivedData/Build/Intermediates.noindex/Subject.build/Debug/Subject.build/DerivedSources-normal/arm64 -Xcc -I/Users/coryparry/Developer/Projects/Intents/Tools/IntentsAutomation/.runtime/mac-host-preparation-1/prepare-0CCE5972-531F-459D-A609-B3580AF4C2E2/DerivedData/Build/Intermediates.noindex/Subject.build/Debug/Subject.build/DerivedSources/arm64 -Xcc -I/Users/coryparry/Developer/Projects/Intents/Tools/IntentsAutomation/.runtime/mac-host-preparation-1/prepare-0CCE5972-531F-459D-A609-B3580AF4C2E2/DerivedData/Build/Intermediates.noindex/Subject.build/Debug/Subject.build/DerivedSources -emit-objc-header -emit-objc-header-path /Users/coryparry/Developer/Projects/Intents/Tools/IntentsAutomation/.runtime/mac-host-preparation-1/prepare-0CCE5972-531F-459D-A609-B3580AF4C2E2/DerivedData/Build/Intermediates.noindex/Subject.build/Debug/Subject.build/Objects-normal/arm64/Subject-Swift.h -working-directory /Users/coryparry/Developer/Projects/Intents/Tools/IntentsAutomation/.runtime/mac-host-preparation-1/prepare-0CCE5972-531F-459D-A609-B3580AF4C2E2/source -experimental-emit-module-separately -disable-cmo

SwiftMergeGeneratedHeaders /Users/coryparry/Developer/Projects/Intents/Tools/IntentsAutomation/.runtime/mac-host-preparation-1/prepare-0CCE5972-531F-459D-A609-B3580AF4C2E2/DerivedData/Build/Intermediates.noindex/Subject.build/Debug/Subject.build/DerivedSources/Subject-Swift.h /Users/coryparry/Developer/Projects/Intents/Tools/IntentsAutomation/.runtime/mac-host-preparation-1/prepare-0CCE5972-531F-459D-A609-B3580AF4C2E2/DerivedData/Build/Intermediates.noindex/Subject.build/Debug/Subject.build/Objects-normal/arm64/Subject-Swift.h (in target 'Subject' from project 'Subject')
    cd /Users/coryparry/Developer/Projects/Intents/Tools/IntentsAutomation/.runtime/mac-host-preparation-1/prepare-0CCE5972-531F-459D-A609-B3580AF4C2E2/source
    builtin-swiftHeaderTool -arch arm64 /Users/coryparry/Developer/Projects/Intents/Tools/IntentsAutomation/.runtime/mac-host-preparation-1/prepare-0CCE5972-531F-459D-A609-B3580AF4C2E2/DerivedData/Build/Intermediates.noindex/Subject.build/Debug/Subject.build/Objects-normal/arm64/Subject-Swift.h -o /Users/coryparry/Developer/Projects/Intents/Tools/IntentsAutomation/.runtime/mac-host-preparation-1/prepare-0CCE5972-531F-459D-A609-B3580AF4C2E2/DerivedData/Build/Intermediates.noindex/Subject.build/Debug/Subject.build/DerivedSources/Subject-Swift.h

Copy /Users/coryparry/Developer/Projects/Intents/Tools/IntentsAutomation/.runtime/mac-host-preparation-1/prepare-0CCE5972-531F-459D-A609-B3580AF4C2E2/DerivedData/Build/Products/Debug/Subject.swiftmodule/arm64-apple-macos.swiftmodule /Users/coryparry/Developer/Projects/Intents/Tools/IntentsAutomation/.runtime/mac-host-preparation-1/prepare-0CCE5972-531F-459D-A609-B3580AF4C2E2/DerivedData/Build/Intermediates.noindex/Subject.build/Debug/Subject.build/Objects-normal/arm64/Subject.swiftmodule (in target 'Subject' from project 'Subject')
    cd /Users/coryparry/Developer/Projects/Intents/Tools/IntentsAutomation/.runtime/mac-host-preparation-1/prepare-0CCE5972-531F-459D-A609-B3580AF4C2E2/source
    builtin-copy -exclude .DS_Store -exclude CVS -exclude .svn -exclude .git -exclude .hg -strip-unsigned-binaries -strip-deterministic -strip-tool /Applications/Xcode.app/Contents/Developer/Toolchains/XcodeDefault.xctoolchain/usr/bin/strip -resolve-src-symlinks -rename /Users/coryparry/Developer/Projects/Intents/Tools/IntentsAutomation/.runtime/mac-host-preparation-1/prepare-0CCE5972-531F-459D-A609-B3580AF4C2E2/DerivedData/Build/Intermediates.noindex/Subject.build/Debug/Subject.build/Objects-normal/arm64/Subject.swiftmodule /Users/coryparry/Developer/Projects/Intents/Tools/IntentsAutomation/.runtime/mac-host-preparation-1/prepare-0CCE5972-531F-459D-A609-B3580AF4C2E2/DerivedData/Build/Products/Debug/Subject.swiftmodule/arm64-apple-macos.swiftmodule

Copy /Users/coryparry/Developer/Projects/Intents/Tools/IntentsAutomation/.runtime/mac-host-preparation-1/prepare-0CCE5972-531F-459D-A609-B3580AF4C2E2/DerivedData/Build/Products/Debug/Subject.swiftmodule/arm64-apple-macos.swiftdoc /Users/coryparry/Developer/Projects/Intents/Tools/IntentsAutomation/.runtime/mac-host-preparation-1/prepare-0CCE5972-531F-459D-A609-B3580AF4C2E2/DerivedData/Build/Intermediates.noindex/Subject.build/Debug/Subject.build/Objects-normal/arm64/Subject.swiftdoc (in target 'Subject' from project 'Subject')
    cd /Users/coryparry/Developer/Projects/Intents/Tools/IntentsAutomation/.runtime/mac-host-preparation-1/prepare-0CCE5972-531F-459D-A609-B3580AF4C2E2/source
    builtin-copy -exclude .DS_Store -exclude CVS -exclude .svn -exclude .git -exclude .hg -strip-unsigned-binaries -strip-deterministic -strip-tool /Applications/Xcode.app/Contents/Developer/Toolchains/XcodeDefault.xctoolchain/usr/bin/strip -resolve-src-symlinks -rename /Users/coryparry/Developer/Projects/Intents/Tools/IntentsAutomation/.runtime/mac-host-preparation-1/prepare-0CCE5972-531F-459D-A609-B3580AF4C2E2/DerivedData/Build/Intermediates.noindex/Subject.build/Debug/Subject.build/Objects-normal/arm64/Subject.swiftdoc /Users/coryparry/Developer/Projects/Intents/Tools/IntentsAutomation/.runtime/mac-host-preparation-1/prepare-0CCE5972-531F-459D-A609-B3580AF4C2E2/DerivedData/Build/Products/Debug/Subject.swiftmodule/arm64-apple-macos.swiftdoc

Copy /Users/coryparry/Developer/Projects/Intents/Tools/IntentsAutomation/.runtime/mac-host-preparation-1/prepare-0CCE5972-531F-459D-A609-B3580AF4C2E2/DerivedData/Build/Products/Debug/Subject.swiftmodule/arm64-apple-macos.abi.json /Users/coryparry/Developer/Projects/Intents/Tools/IntentsAutomation/.runtime/mac-host-preparation-1/prepare-0CCE5972-531F-459D-A609-B3580AF4C2E2/DerivedData/Build/Intermediates.noindex/Subject.build/Debug/Subject.build/Objects-normal/arm64/Subject.abi.json (in target 'Subject' from project 'Subject')
    cd /Users/coryparry/Developer/Projects/Intents/Tools/IntentsAutomation/.runtime/mac-host-preparation-1/prepare-0CCE5972-531F-459D-A609-B3580AF4C2E2/source
    builtin-copy -exclude .DS_Store -exclude CVS -exclude .svn -exclude .git -exclude .hg -strip-unsigned-binaries -strip-deterministic -strip-tool /Applications/Xcode.app/Contents/Developer/Toolchains/XcodeDefault.xctoolchain/usr/bin/strip -resolve-src-symlinks -rename /Users/coryparry/Developer/Projects/Intents/Tools/IntentsAutomation/.runtime/mac-host-preparation-1/prepare-0CCE5972-531F-459D-A609-B3580AF4C2E2/DerivedData/Build/Intermediates.noindex/Subject.build/Debug/Subject.build/Objects-normal/arm64/Subject.abi.json /Users/coryparry/Developer/Projects/Intents/Tools/IntentsAutomation/.runtime/mac-host-preparation-1/prepare-0CCE5972-531F-459D-A609-B3580AF4C2E2/DerivedData/Build/Products/Debug/Subject.swiftmodule/arm64-apple-macos.abi.json

Copy /Users/coryparry/Developer/Projects/Intents/Tools/IntentsAutomation/.runtime/mac-host-preparation-1/prepare-0CCE5972-531F-459D-A609-B3580AF4C2E2/DerivedData/Build/Products/Debug/Subject.swiftmodule/Project/arm64-apple-macos.swiftsourceinfo /Users/coryparry/Developer/Projects/Intents/Tools/IntentsAutomation/.runtime/mac-host-preparation-1/prepare-0CCE5972-531F-459D-A609-B3580AF4C2E2/DerivedData/Build/Intermediates.noindex/Subject.build/Debug/Subject.build/Objects-normal/arm64/Subject.swiftsourceinfo (in target 'Subject' from project 'Subject')
    cd /Users/coryparry/Developer/Projects/Intents/Tools/IntentsAutomation/.runtime/mac-host-preparation-1/prepare-0CCE5972-531F-459D-A609-B3580AF4C2E2/source
    builtin-copy -exclude .DS_Store -exclude CVS -exclude .svn -exclude .git -exclude .hg -strip-unsigned-binaries -strip-deterministic -strip-tool /Applications/Xcode.app/Contents/Developer/Toolchains/XcodeDefault.xctoolchain/usr/bin/strip -resolve-src-symlinks -rename /Users/coryparry/Developer/Projects/Intents/Tools/IntentsAutomation/.runtime/mac-host-preparation-1/prepare-0CCE5972-531F-459D-A609-B3580AF4C2E2/DerivedData/Build/Intermediates.noindex/Subject.build/Debug/Subject.build/Objects-normal/arm64/Subject.swiftsourceinfo /Users/coryparry/Developer/Projects/Intents/Tools/IntentsAutomation/.runtime/mac-host-preparation-1/prepare-0CCE5972-531F-459D-A609-B3580AF4C2E2/DerivedData/Build/Products/Debug/Subject.swiftmodule/Project/arm64-apple-macos.swiftsourceinfo

ProcessProductPackaging "" /Users/coryparry/Developer/Projects/Intents/Tools/IntentsAutomation/.runtime/mac-host-preparation-1/prepare-0CCE5972-531F-459D-A609-B3580AF4C2E2/DerivedData/Build/Intermediates.noindex/Subject.build/Debug/IntentsAutomationHost_c5efa9471bed.build/IntentsAutomationHost_c5efa9471bed.xctest.xcent (in target 'IntentsAutomationHost_c5efa9471bed' from project 'Subject')
    cd /Users/coryparry/Developer/Projects/Intents/Tools/IntentsAutomation/.runtime/mac-host-preparation-1/prepare-0CCE5972-531F-459D-A609-B3580AF4C2E2/source

    Entitlements:

    {
    "com.apple.application-identifier" = "com.intents.automation.host.c5efa9471bed.xctrunner";
    "com.apple.security.app-sandbox" = 1;
    "com.apple.security.get-task-allow" = 1;
    "com.apple.security.network.client" = 1;
    "com.apple.security.temporary-exception.files.absolute-path.read-only" =     (
        "/"
    );
    "com.apple.security.temporary-exception.mach-lookup.global-name" =     (
        "com.apple.testmanagerd",
        "com.apple.dt.testmanagerd.runner",
        "com.apple.coresymbolicationd",
        "com.apple.coredevice.version",
        "com.apple.coredevice.service",
        "com.apple.remoted"
    );
    "com.apple.security.temporary-exception.mach-lookup.local-name" =     (
        "com.apple.axserver"
    );
    "com.apple.security.temporary-exception.sbpl" =     (
        "(allow hid-control)",
        "(allow signal)"
    );
}

    builtin-productPackagingUtility -entitlements -format xml -o /Users/coryparry/Developer/Projects/Intents/Tools/IntentsAutomation/.runtime/mac-host-preparation-1/prepare-0CCE5972-531F-459D-A609-B3580AF4C2E2/DerivedData/Build/Intermediates.noindex/Subject.build/Debug/IntentsAutomationHost_c5efa9471bed.build/IntentsAutomationHost_c5efa9471bed.xctest.xcent

ProcessProductPackagingDER /Users/coryparry/Developer/Projects/Intents/Tools/IntentsAutomation/.runtime/mac-host-preparation-1/prepare-0CCE5972-531F-459D-A609-B3580AF4C2E2/DerivedData/Build/Intermediates.noindex/Subject.build/Debug/IntentsAutomationHost_c5efa9471bed.build/IntentsAutomationHost_c5efa9471bed.xctest.xcent /Users/coryparry/Developer/Projects/Intents/Tools/IntentsAutomation/.runtime/mac-host-preparation-1/prepare-0CCE5972-531F-459D-A609-B3580AF4C2E2/DerivedData/Build/Intermediates.noindex/Subject.build/Debug/IntentsAutomationHost_c5efa9471bed.build/IntentsAutomationHost_c5efa9471bed.xctest.xcent.der (in target 'IntentsAutomationHost_c5efa9471bed' from project 'Subject')
    cd /Users/coryparry/Developer/Projects/Intents/Tools/IntentsAutomation/.runtime/mac-host-preparation-1/prepare-0CCE5972-531F-459D-A609-B3580AF4C2E2/source
    /usr/bin/derq query -f xml -i /Users/coryparry/Developer/Projects/Intents/Tools/IntentsAutomation/.runtime/mac-host-preparation-1/prepare-0CCE5972-531F-459D-A609-B3580AF4C2E2/DerivedData/Build/Intermediates.noindex/Subject.build/Debug/IntentsAutomationHost_c5efa9471bed.build/IntentsAutomationHost_c5efa9471bed.xctest.xcent -o /Users/coryparry/Developer/Projects/Intents/Tools/IntentsAutomation/.runtime/mac-host-preparation-1/prepare-0CCE5972-531F-459D-A609-B3580AF4C2E2/DerivedData/Build/Intermediates.noindex/Subject.build/Debug/IntentsAutomationHost_c5efa9471bed.build/IntentsAutomationHost_c5efa9471bed.xctest.xcent.der --raw

SwiftDriver IntentsAutomationHost_c5efa9471bed normal arm64 com.apple.xcode.tools.swift.compiler (in target 'IntentsAutomationHost_c5efa9471bed' from project 'Subject')
    cd /Users/coryparry/Developer/Projects/Intents/Tools/IntentsAutomation/.runtime/mac-host-preparation-1/prepare-0CCE5972-531F-459D-A609-B3580AF4C2E2/source
    builtin-SwiftDriver -- /Applications/Xcode.app/Contents/Developer/Toolchains/XcodeDefault.xctoolchain/usr/bin/swiftc -module-name IntentsAutomationHost_c5efa9471bed -O @/Users/coryparry/Developer/Projects/Intents/Tools/IntentsAutomation/.runtime/mac-host-preparation-1/prepare-0CCE5972-531F-459D-A609-B3580AF4C2E2/DerivedData/Build/Intermediates.noindex/Subject.build/Debug/IntentsAutomationHost_c5efa9471bed.build/Objects-normal/arm64/IntentsAutomationHost_c5efa9471bed.SwiftFileList -module-alias Testing\=_Testing_Unavailable -plugin-path /Applications/Xcode.app/Contents/Developer/Toolchains/XcodeDefault.xctoolchain/usr/lib/swift/host/plugins/testing -enable-experimental-feature DebugDescriptionMacro -sdk /Applications/Xcode.app/Contents/Developer/Platforms/MacOSX.platform/Developer/SDKs/MacOSX27.0.sdk -target arm64-apple-macos27.0 -g -module-cache-path /Users/coryparry/Developer/Projects/Intents/Tools/IntentsAutomation/.runtime/mac-host-preparation-1/prepare-0CCE5972-531F-459D-A609-B3580AF4C2E2/DerivedData/ModuleCache.noindex -Xfrontend -serialize-debugging-options -swift-version 6 -I /Users/coryparry/Developer/Projects/Intents/Tools/IntentsAutomation/.runtime/mac-host-preparation-1/prepare-0CCE5972-531F-459D-A609-B3580AF4C2E2/DerivedData/Build/Products/Debug -Isystem /Applications/Xcode.app/Contents/Developer/Platforms/MacOSX.platform/Developer/usr/lib -F /Users/coryparry/Developer/Projects/Intents/Tools/IntentsAutomation/.runtime/mac-host-preparation-1/prepare-0CCE5972-531F-459D-A609-B3580AF4C2E2/DerivedData/Build/Products/Debug -F /Applications/Xcode.app/Contents/Developer/Platforms/MacOSX.platform/Developer/Library/Frameworks -c -j10 -enable-batch-mode -incremental -Xcc -ivfsstatcache -Xcc /Users/coryparry/Developer/Projects/Intents/Tools/IntentsAutomation/.runtime/mac-host-preparation-1/prepare-0CCE5972-531F-459D-A609-B3580AF4C2E2/DerivedData/SDKStatCaches.noindex/macosx27.0-26A425-e829b21a6f8c9b70876ba0858053c0447231f6df4def33e022ae2eb8f782df1a.sdkstatcache -output-file-map /Users/coryparry/Developer/Projects/Intents/Tools/IntentsAutomation/.runtime/mac-host-preparation-1/prepare-0CCE5972-531F-459D-A609-B3580AF4C2E2/DerivedData/Build/Intermediates.noindex/Subject.build/Debug/IntentsAutomationHost_c5efa9471bed.build/Objects-normal/arm64/IntentsAutomationHost_c5efa9471bed-OutputFileMap.json -save-temps -no-color-diagnostics -explicit-module-build -module-cache-path /Users/coryparry/Developer/Projects/Intents/Tools/IntentsAutomation/.runtime/mac-host-preparation-1/prepare-0CCE5972-531F-459D-A609-B3580AF4C2E2/DerivedData/Build/Intermediates.noindex/SwiftExplicitPrecompiledModules -clang-scanner-module-cache-path /Users/coryparry/Developer/Projects/Intents/Tools/IntentsAutomation/.runtime/mac-host-preparation-1/prepare-0CCE5972-531F-459D-A609-B3580AF4C2E2/DerivedData/ModuleCache.noindex -sdk-module-cache-path /Users/coryparry/Developer/Projects/Intents/Tools/IntentsAutomation/.runtime/mac-host-preparation-1/prepare-0CCE5972-531F-459D-A609-B3580AF4C2E2/DerivedData/SDKExplicitPrecompiledModules -emit-dependencies -emit-module -emit-module-path /Users/coryparry/Developer/Projects/Intents/Tools/IntentsAutomation/.runtime/mac-host-preparation-1/prepare-0CCE5972-531F-459D-A609-B3580AF4C2E2/DerivedData/Build/Intermediates.noindex/Subject.build/Debug/IntentsAutomationHost_c5efa9471bed.build/Objects-normal/arm64/IntentsAutomationHost_c5efa9471bed.swiftmodule -serialize-diagnostics -dependency-scan-serialize-diagnostics-path /Users/coryparry/Developer/Projects/Intents/Tools/IntentsAutomation/.runtime/mac-host-preparation-1/prepare-0CCE5972-531F-459D-A609-B3580AF4C2E2/DerivedData/Build/Intermediates.noindex/Subject.build/Debug/IntentsAutomationHost_c5efa9471bed.build/Objects-normal/arm64/IntentsAutomationHost_c5efa9471bed-dependency-scan.dia -validate-clang-modules-once -clang-build-session-file /Users/coryparry/Developer/Projects/Intents/Tools/IntentsAutomation/.runtime/mac-host-preparation-1/prepare-0CCE5972-531F-459D-A609-B3580AF4C2E2/DerivedData/ModuleCache.noindex/Session.modulevalidation -Xcc -fmodules-prune-interval\=86400 -Xcc -fmodules-prune-after\=345600 -emit-const-values -const-gather-protocols-list /Users/coryparry/Developer/Projects/Intents/Tools/IntentsAutomation/.runtime/mac-host-preparation-1/prepare-0CCE5972-531F-459D-A609-B3580AF4C2E2/DerivedData/Build/Intermediates.noindex/Subject.build/Debug/IntentsAutomationHost_c5efa9471bed.build/Objects-normal/arm64/IntentsAutomationHost_c5efa9471bed_const_extract_protocols.json -Xcc -iquote -Xcc /Users/coryparry/Developer/Projects/Intents/Tools/IntentsAutomation/.runtime/mac-host-preparation-1/prepare-0CCE5972-531F-459D-A609-B3580AF4C2E2/DerivedData/Build/Intermediates.noindex/Subject.build/Debug/IntentsAutomationHost_c5efa9471bed.build/IntentsAutomationHost_c5efa9471bed-generated-files.hmap -Xcc -I/Users/coryparry/Developer/Projects/Intents/Tools/IntentsAutomation/.runtime/mac-host-preparation-1/prepare-0CCE5972-531F-459D-A609-B3580AF4C2E2/DerivedData/Build/Intermediates.noindex/Subject.build/Debug/IntentsAutomationHost_c5efa9471bed.build/IntentsAutomationHost_c5efa9471bed-own-target-headers.hmap -Xcc -I/Users/coryparry/Developer/Projects/Intents/Tools/IntentsAutomation/.runtime/mac-host-preparation-1/prepare-0CCE5972-531F-459D-A609-B3580AF4C2E2/DerivedData/Build/Intermediates.noindex/Subject.build/Debug/IntentsAutomationHost_c5efa9471bed.build/IntentsAutomationHost_c5efa9471bed-all-target-headers.hmap -Xcc -iquote -Xcc /Users/coryparry/Developer/Projects/Intents/Tools/IntentsAutomation/.runtime/mac-host-preparation-1/prepare-0CCE5972-531F-459D-A609-B3580AF4C2E2/DerivedData/Build/Intermediates.noindex/Subject.build/Debug/IntentsAutomationHost_c5efa9471bed.build/IntentsAutomationHost_c5efa9471bed-project-headers.hmap -Xcc -I/Users/coryparry/Developer/Projects/Intents/Tools/IntentsAutomation/.runtime/mac-host-preparation-1/prepare-0CCE5972-531F-459D-A609-B3580AF4C2E2/DerivedData/Build/Products/Debug/include -Xcc -I/Users/coryparry/Developer/Projects/Intents/Tools/IntentsAutomation/.runtime/mac-host-preparation-1/prepare-0CCE5972-531F-459D-A609-B3580AF4C2E2/DerivedData/Build/Intermediates.noindex/Subject.build/Debug/IntentsAutomationHost_c5efa9471bed.build/DerivedSources-normal/arm64 -Xcc -I/Users/coryparry/Developer/Projects/Intents/Tools/IntentsAutomation/.runtime/mac-host-preparation-1/prepare-0CCE5972-531F-459D-A609-B3580AF4C2E2/DerivedData/Build/Intermediates.noindex/Subject.build/Debug/IntentsAutomationHost_c5efa9471bed.build/DerivedSources/arm64 -Xcc -I/Users/coryparry/Developer/Projects/Intents/Tools/IntentsAutomation/.runtime/mac-host-preparation-1/prepare-0CCE5972-531F-459D-A609-B3580AF4C2E2/DerivedData/Build/Intermediates.noindex/Subject.build/Debug/IntentsAutomationHost_c5efa9471bed.build/DerivedSources -emit-objc-header -emit-objc-header-path /Users/coryparry/Developer/Projects/Intents/Tools/IntentsAutomation/.runtime/mac-host-preparation-1/prepare-0CCE5972-531F-459D-A609-B3580AF4C2E2/DerivedData/Build/Intermediates.noindex/Subject.build/Debug/IntentsAutomationHost_c5efa9471bed.build/Objects-normal/arm64/IntentsAutomationHost_c5efa9471bed-Swift.h -working-directory /Users/coryparry/Developer/Projects/Intents/Tools/IntentsAutomation/.runtime/mac-host-preparation-1/prepare-0CCE5972-531F-459D-A609-B3580AF4C2E2/source -experimental-emit-module-separately -disable-cmo

SwiftDriverJobDiscovery normal arm64 Compiling Subject.swift (in target 'Subject' from project 'Subject')

SwiftDriver\ Compilation Subject normal arm64 com.apple.xcode.tools.swift.compiler (in target 'Subject' from project 'Subject')
    cd /Users/coryparry/Developer/Projects/Intents/Tools/IntentsAutomation/.runtime/mac-host-preparation-1/prepare-0CCE5972-531F-459D-A609-B3580AF4C2E2/source
    builtin-Swift-Compilation -- /Applications/Xcode.app/Contents/Developer/Toolchains/XcodeDefault.xctoolchain/usr/bin/swiftc -module-name Subject -O @/Users/coryparry/Developer/Projects/Intents/Tools/IntentsAutomation/.runtime/mac-host-preparation-1/prepare-0CCE5972-531F-459D-A609-B3580AF4C2E2/DerivedData/Build/Intermediates.noindex/Subject.build/Debug/Subject.build/Objects-normal/arm64/Subject.SwiftFileList -enable-experimental-feature DebugDescriptionMacro -sdk /Applications/Xcode.app/Contents/Developer/Platforms/MacOSX.platform/Developer/SDKs/MacOSX27.0.sdk -target arm64-apple-macos27.0 -g -module-cache-path /Users/coryparry/Developer/Projects/Intents/Tools/IntentsAutomation/.runtime/mac-host-preparation-1/prepare-0CCE5972-531F-459D-A609-B3580AF4C2E2/DerivedData/ModuleCache.noindex -Xfrontend -serialize-debugging-options -swift-version 6 -I /Users/coryparry/Developer/Projects/Intents/Tools/IntentsAutomation/.runtime/mac-host-preparation-1/prepare-0CCE5972-531F-459D-A609-B3580AF4C2E2/DerivedData/Build/Products/Debug -F /Users/coryparry/Developer/Projects/Intents/Tools/IntentsAutomation/.runtime/mac-host-preparation-1/prepare-0CCE5972-531F-459D-A609-B3580AF4C2E2/DerivedData/Build/Products/Debug -parse-as-library -c -j10 -enable-batch-mode -incremental -Xcc -ivfsstatcache -Xcc /Users/coryparry/Developer/Projects/Intents/Tools/IntentsAutomation/.runtime/mac-host-preparation-1/prepare-0CCE5972-531F-459D-A609-B3580AF4C2E2/DerivedData/SDKStatCaches.noindex/macosx27.0-26A425-e829b21a6f8c9b70876ba0858053c0447231f6df4def33e022ae2eb8f782df1a.sdkstatcache -output-file-map /Users/coryparry/Developer/Projects/Intents/Tools/IntentsAutomation/.runtime/mac-host-preparation-1/prepare-0CCE5972-531F-459D-A609-B3580AF4C2E2/DerivedData/Build/Intermediates.noindex/Subject.build/Debug/Subject.build/Objects-normal/arm64/Subject-OutputFileMap.json -save-temps -no-color-diagnostics -explicit-module-build -module-cache-path /Users/coryparry/Developer/Projects/Intents/Tools/IntentsAutomation/.runtime/mac-host-preparation-1/prepare-0CCE5972-531F-459D-A609-B3580AF4C2E2/DerivedData/Build/Intermediates.noindex/SwiftExplicitPrecompiledModules -clang-scanner-module-cache-path /Users/coryparry/Developer/Projects/Intents/Tools/IntentsAutomation/.runtime/mac-host-preparation-1/prepare-0CCE5972-531F-459D-A609-B3580AF4C2E2/DerivedData/ModuleCache.noindex -sdk-module-cache-path /Users/coryparry/Developer/Projects/Intents/Tools/IntentsAutomation/.runtime/mac-host-preparation-1/prepare-0CCE5972-531F-459D-A609-B3580AF4C2E2/DerivedData/SDKExplicitPrecompiledModules -emit-dependencies -emit-module -emit-module-path /Users/coryparry/Developer/Projects/Intents/Tools/IntentsAutomation/.runtime/mac-host-preparation-1/prepare-0CCE5972-531F-459D-A609-B3580AF4C2E2/DerivedData/Build/Intermediates.noindex/Subject.build/Debug/Subject.build/Objects-normal/arm64/Subject.swiftmodule -serialize-diagnostics -dependency-scan-serialize-diagnostics-path /Users/coryparry/Developer/Projects/Intents/Tools/IntentsAutomation/.runtime/mac-host-preparation-1/prepare-0CCE5972-531F-459D-A609-B3580AF4C2E2/DerivedData/Build/Intermediates.noindex/Subject.build/Debug/Subject.build/Objects-normal/arm64/Subject-dependency-scan.dia -validate-clang-modules-once -clang-build-session-file /Users/coryparry/Developer/Projects/Intents/Tools/IntentsAutomation/.runtime/mac-host-preparation-1/prepare-0CCE5972-531F-459D-A609-B3580AF4C2E2/DerivedData/ModuleCache.noindex/Session.modulevalidation -Xcc -fmodules-prune-interval\=86400 -Xcc -fmodules-prune-after\=345600 -emit-const-values -const-gather-protocols-list /Users/coryparry/Developer/Projects/Intents/Tools/IntentsAutomation/.runtime/mac-host-preparation-1/prepare-0CCE5972-531F-459D-A609-B3580AF4C2E2/DerivedData/Build/Intermediates.noindex/Subject.build/Debug/Subject.build/Objects-normal/arm64/Subject_const_extract_protocols.json -Xcc -iquote -Xcc /Users/coryparry/Developer/Projects/Intents/Tools/IntentsAutomation/.runtime/mac-host-preparation-1/prepare-0CCE5972-531F-459D-A609-B3580AF4C2E2/DerivedData/Build/Intermediates.noindex/Subject.build/Debug/Subject.build/Subject-generated-files.hmap -Xcc -I/Users/coryparry/Developer/Projects/Intents/Tools/IntentsAutomation/.runtime/mac-host-preparation-1/prepare-0CCE5972-531F-459D-A609-B3580AF4C2E2/DerivedData/Build/Intermediates.noindex/Subject.build/Debug/Subject.build/Subject-own-target-headers.hmap -Xcc -I/Users/coryparry/Developer/Projects/Intents/Tools/IntentsAutomation/.runtime/mac-host-preparation-1/prepare-0CCE5972-531F-459D-A609-B3580AF4C2E2/DerivedData/Build/Intermediates.noindex/Subject.build/Debug/Subject.build/Subject-all-target-headers.hmap -Xcc -iquote -Xcc /Users/coryparry/Developer/Projects/Intents/Tools/IntentsAutomation/.runtime/mac-host-preparation-1/prepare-0CCE5972-531F-459D-A609-B3580AF4C2E2/DerivedData/Build/Intermediates.noindex/Subject.build/Debug/Subject.build/Subject-project-headers.hmap -Xcc -I/Users/coryparry/Developer/Projects/Intents/Tools/IntentsAutomation/.runtime/mac-host-preparation-1/prepare-0CCE5972-531F-459D-A609-B3580AF4C2E2/DerivedData/Build/Products/Debug/include -Xcc -I/Users/coryparry/Developer/Projects/Intents/Tools/IntentsAutomation/.runtime/mac-host-preparation-1/prepare-0CCE5972-531F-459D-A609-B3580AF4C2E2/DerivedData/Build/Intermediates.noindex/Subject.build/Debug/Subject.build/DerivedSources-normal/arm64 -Xcc -I/Users/coryparry/Developer/Projects/Intents/Tools/IntentsAutomation/.runtime/mac-host-preparation-1/prepare-0CCE5972-531F-459D-A609-B3580AF4C2E2/DerivedData/Build/Intermediates.noindex/Subject.build/Debug/Subject.build/DerivedSources/arm64 -Xcc -I/Users/coryparry/Developer/Projects/Intents/Tools/IntentsAutomation/.runtime/mac-host-preparation-1/prepare-0CCE5972-531F-459D-A609-B3580AF4C2E2/DerivedData/Build/Intermediates.noindex/Subject.build/Debug/Subject.build/DerivedSources -emit-objc-header -emit-objc-header-path /Users/coryparry/Developer/Projects/Intents/Tools/IntentsAutomation/.runtime/mac-host-preparation-1/prepare-0CCE5972-531F-459D-A609-B3580AF4C2E2/DerivedData/Build/Intermediates.noindex/Subject.build/Debug/Subject.build/Objects-normal/arm64/Subject-Swift.h -working-directory /Users/coryparry/Developer/Projects/Intents/Tools/IntentsAutomation/.runtime/mac-host-preparation-1/prepare-0CCE5972-531F-459D-A609-B3580AF4C2E2/source -experimental-emit-module-separately -disable-cmo

Ld /Users/coryparry/Developer/Projects/Intents/Tools/IntentsAutomation/.runtime/mac-host-preparation-1/prepare-0CCE5972-531F-459D-A609-B3580AF4C2E2/DerivedData/Build/Products/Debug/Subject.app/Contents/MacOS/Subject normal (in target 'Subject' from project 'Subject')
    cd /Users/coryparry/Developer/Projects/Intents/Tools/IntentsAutomation/.runtime/mac-host-preparation-1/prepare-0CCE5972-531F-459D-A609-B3580AF4C2E2/source
    /Applications/Xcode.app/Contents/Developer/Toolchains/XcodeDefault.xctoolchain/usr/bin/clang -Xlinker -reproducible -target arm64-apple-macos27.0 -isysroot /Applications/Xcode.app/Contents/Developer/Platforms/MacOSX.platform/Developer/SDKs/MacOSX27.0.sdk -Os -Xlinker -no_warn_duplicate_libraries -L/Users/coryparry/Developer/Projects/Intents/Tools/IntentsAutomation/.runtime/mac-host-preparation-1/prepare-0CCE5972-531F-459D-A609-B3580AF4C2E2/DerivedData/Build/Intermediates.noindex/EagerLinkingTBDs/Debug -L/Users/coryparry/Developer/Projects/Intents/Tools/IntentsAutomation/.runtime/mac-host-preparation-1/prepare-0CCE5972-531F-459D-A609-B3580AF4C2E2/DerivedData/Build/Products/Debug -F/Users/coryparry/Developer/Projects/Intents/Tools/IntentsAutomation/.runtime/mac-host-preparation-1/prepare-0CCE5972-531F-459D-A609-B3580AF4C2E2/DerivedData/Build/Intermediates.noindex/EagerLinkingTBDs/Debug -F/Users/coryparry/Developer/Projects/Intents/Tools/IntentsAutomation/.runtime/mac-host-preparation-1/prepare-0CCE5972-531F-459D-A609-B3580AF4C2E2/DerivedData/Build/Products/Debug -filelist /Users/coryparry/Developer/Projects/Intents/Tools/IntentsAutomation/.runtime/mac-host-preparation-1/prepare-0CCE5972-531F-459D-A609-B3580AF4C2E2/DerivedData/Build/Intermediates.noindex/Subject.build/Debug/Subject.build/Objects-normal/arm64/Subject.LinkFileList -Xlinker -object_path_lto -Xlinker /Users/coryparry/Developer/Projects/Intents/Tools/IntentsAutomation/.runtime/mac-host-preparation-1/prepare-0CCE5972-531F-459D-A609-B3580AF4C2E2/DerivedData/Build/Intermediates.noindex/Subject.build/Debug/Subject.build/Objects-normal/arm64/Subject_lto.o -Xlinker -dependency_info -Xlinker /Users/coryparry/Developer/Projects/Intents/Tools/IntentsAutomation/.runtime/mac-host-preparation-1/prepare-0CCE5972-531F-459D-A609-B3580AF4C2E2/DerivedData/Build/Intermediates.noindex/Subject.build/Debug/Subject.build/Objects-normal/arm64/Subject_dependency_info.dat -fobjc-link-runtime -L/Applications/Xcode.app/Contents/Developer/Toolchains/XcodeDefault.xctoolchain/usr/lib/swift/macosx -L/usr/lib/swift -Xlinker -add_ast_path -Xlinker /Users/coryparry/Developer/Projects/Intents/Tools/IntentsAutomation/.runtime/mac-host-preparation-1/prepare-0CCE5972-531F-459D-A609-B3580AF4C2E2/DerivedData/Build/Intermediates.noindex/Subject.build/Debug/Subject.build/Objects-normal/arm64/Subject.swiftmodule -Xlinker -no_adhoc_codesign -o /Users/coryparry/Developer/Projects/Intents/Tools/IntentsAutomation/.runtime/mac-host-preparation-1/prepare-0CCE5972-531F-459D-A609-B3580AF4C2E2/DerivedData/Build/Products/Debug/Subject.app/Contents/MacOS/Subject

ExtractAppIntentsMetadata (in target 'Subject' from project 'Subject')
    cd /Users/coryparry/Developer/Projects/Intents/Tools/IntentsAutomation/.runtime/mac-host-preparation-1/prepare-0CCE5972-531F-459D-A609-B3580AF4C2E2/source
    /Applications/Xcode.app/Contents/Developer/Toolchains/XcodeDefault.xctoolchain/usr/bin/appintentsmetadataprocessor --toolchain-dir /var/run/com.apple.security.cryptexd/mnt/com.apple.MobileAsset.MetalToolchain-v27.1.266.1.24H2xD/Metal.xctoolchain --module-name Subject --sdk-root /Applications/Xcode.app/Contents/Developer/Platforms/MacOSX.platform/Developer/SDKs/MacOSX27.0.sdk --xcode-version 27A266a --platform-family macOS --deployment-target 27.0 --bundle-identifier com.intents.fixture.mac-host --output /Users/coryparry/Developer/Projects/Intents/Tools/IntentsAutomation/.runtime/mac-host-preparation-1/prepare-0CCE5972-531F-459D-A609-B3580AF4C2E2/DerivedData/Build/Products/Debug/Subject.app/Contents/Resources --target-triple arm64-apple-macos27.0 --binary-file /Users/coryparry/Developer/Projects/Intents/Tools/IntentsAutomation/.runtime/mac-host-preparation-1/prepare-0CCE5972-531F-459D-A609-B3580AF4C2E2/DerivedData/Build/Products/Debug/Subject.app/Contents/MacOS/Subject --dependency-file /Users/coryparry/Developer/Projects/Intents/Tools/IntentsAutomation/.runtime/mac-host-preparation-1/prepare-0CCE5972-531F-459D-A609-B3580AF4C2E2/DerivedData/Build/Intermediates.noindex/Subject.build/Debug/Subject.build/Objects-normal/arm64/Subject_dependency_info.dat --stringsdata-file /Users/coryparry/Developer/Projects/Intents/Tools/IntentsAutomation/.runtime/mac-host-preparation-1/prepare-0CCE5972-531F-459D-A609-B3580AF4C2E2/DerivedData/Build/Intermediates.noindex/Subject.build/Debug/Subject.build/Objects-normal/arm64/ExtractedAppShortcutsMetadata.stringsdata --source-file-list /Users/coryparry/Developer/Projects/Intents/Tools/IntentsAutomation/.runtime/mac-host-preparation-1/prepare-0CCE5972-531F-459D-A609-B3580AF4C2E2/DerivedData/Build/Intermediates.noindex/Subject.build/Debug/Subject.build/Objects-normal/arm64/Subject.SwiftFileList --metadata-file-list /Users/coryparry/Developer/Projects/Intents/Tools/IntentsAutomation/.runtime/mac-host-preparation-1/prepare-0CCE5972-531F-459D-A609-B3580AF4C2E2/DerivedData/Build/Intermediates.noindex/Subject.build/Debug/Subject.build/Subject.DependencyMetadataFileList --static-metadata-file-list /Users/coryparry/Developer/Projects/Intents/Tools/IntentsAutomation/.runtime/mac-host-preparation-1/prepare-0CCE5972-531F-459D-A609-B3580AF4C2E2/DerivedData/Build/Intermediates.noindex/Subject.build/Debug/Subject.build/Subject.DependencyStaticMetadataFileList --swift-const-vals-list /Users/coryparry/Developer/Projects/Intents/Tools/IntentsAutomation/.runtime/mac-host-preparation-1/prepare-0CCE5972-531F-459D-A609-B3580AF4C2E2/DerivedData/Build/Intermediates.noindex/Subject.build/Debug/Subject.build/Objects-normal/arm64/Subject.SwiftConstValuesFileList --compile-time-extraction --deployment-aware-processing --no-app-shortcuts-localization
2026-10-07 20:13:09.453 appintentsmetadataprocessor[17690:626993] Starting appintentsmetadataprocessor export
2026-10-07 20:13:09.501 appintentsmetadataprocessor[17690:626993] Writing Metadata.appintents
2026-10-07 20:13:09.501 appintentsmetadataprocessor[17690:626993] Metadata root: /Users/coryparry/Developer/Projects/Intents/Tools/IntentsAutomation/.runtime/mac-host-preparation-1/prepare-0CCE5972-531F-459D-A609-B3580AF4C2E2/DerivedData/Build/Products/Debug/Subject.app/Contents/Resources/Metadata.appintents

CopySwiftLibs /Users/coryparry/Developer/Projects/Intents/Tools/IntentsAutomation/.runtime/mac-host-preparation-1/prepare-0CCE5972-531F-459D-A609-B3580AF4C2E2/DerivedData/Build/Products/Debug/Subject.app (in target 'Subject' from project 'Subject')
    cd /Users/coryparry/Developer/Projects/Intents/Tools/IntentsAutomation/.runtime/mac-host-preparation-1/prepare-0CCE5972-531F-459D-A609-B3580AF4C2E2/source
    builtin-swiftStdLibTool --copy --verbose --sign - --scan-executable /Users/coryparry/Developer/Projects/Intents/Tools/IntentsAutomation/.runtime/mac-host-preparation-1/prepare-0CCE5972-531F-459D-A609-B3580AF4C2E2/DerivedData/Build/Products/Debug/Subject.app/Contents/MacOS/Subject --scan-folder /Users/coryparry/Developer/Projects/Intents/Tools/IntentsAutomation/.runtime/mac-host-preparation-1/prepare-0CCE5972-531F-459D-A609-B3580AF4C2E2/DerivedData/Build/Products/Debug/Subject.app/Contents/Frameworks --scan-folder /Users/coryparry/Developer/Projects/Intents/Tools/IntentsAutomation/.runtime/mac-host-preparation-1/prepare-0CCE5972-531F-459D-A609-B3580AF4C2E2/DerivedData/Build/Products/Debug/Subject.app/Contents/PlugIns --scan-folder /Users/coryparry/Developer/Projects/Intents/Tools/IntentsAutomation/.runtime/mac-host-preparation-1/prepare-0CCE5972-531F-459D-A609-B3580AF4C2E2/DerivedData/Build/Products/Debug/Subject.app/Contents/Library/SystemExtensions --scan-folder /Users/coryparry/Developer/Projects/Intents/Tools/IntentsAutomation/.runtime/mac-host-preparation-1/prepare-0CCE5972-531F-459D-A609-B3580AF4C2E2/DerivedData/Build/Products/Debug/Subject.app/Contents/Extensions --platform macosx --toolchain /var/run/com.apple.security.cryptexd/mnt/com.apple.MobileAsset.MetalToolchain-v27.1.266.1.24H2xD/Metal.xctoolchain --toolchain /Applications/Xcode.app/Contents/Developer/Toolchains/XcodeDefault.xctoolchain --destination /Users/coryparry/Developer/Projects/Intents/Tools/IntentsAutomation/.runtime/mac-host-preparation-1/prepare-0CCE5972-531F-459D-A609-B3580AF4C2E2/DerivedData/Build/Products/Debug/Subject.app/Contents/Frameworks --strip-bitcode --strip-bitcode-tool /Applications/Xcode.app/Contents/Developer/Toolchains/XcodeDefault.xctoolchain/usr/bin/bitcode_strip --emit-dependency-info /Users/coryparry/Developer/Projects/Intents/Tools/IntentsAutomation/.runtime/mac-host-preparation-1/prepare-0CCE5972-531F-459D-A609-B3580AF4C2E2/DerivedData/Build/Intermediates.noindex/Subject.build/Debug/Subject.build/SwiftStdLibToolInputDependencies.dep --filter-for-swift-os

CodeSign /Users/coryparry/Developer/Projects/Intents/Tools/IntentsAutomation/.runtime/mac-host-preparation-1/prepare-0CCE5972-531F-459D-A609-B3580AF4C2E2/DerivedData/Build/Products/Debug/Subject.app (in target 'Subject' from project 'Subject')
    cd /Users/coryparry/Developer/Projects/Intents/Tools/IntentsAutomation/.runtime/mac-host-preparation-1/prepare-0CCE5972-531F-459D-A609-B3580AF4C2E2/source

    Signing Identity:     "Sign to Run Locally"

    /usr/bin/codesign --force --sign - --entitlements /Users/coryparry/Developer/Projects/Intents/Tools/IntentsAutomation/.runtime/mac-host-preparation-1/prepare-0CCE5972-531F-459D-A609-B3580AF4C2E2/DerivedData/Build/Intermediates.noindex/Subject.build/Debug/Subject.build/Subject.app.xcent --timestamp\=none --generate-entitlement-der /Users/coryparry/Developer/Projects/Intents/Tools/IntentsAutomation/.runtime/mac-host-preparation-1/prepare-0CCE5972-531F-459D-A609-B3580AF4C2E2/DerivedData/Build/Products/Debug/Subject.app

RegisterExecutionPolicyException /Users/coryparry/Developer/Projects/Intents/Tools/IntentsAutomation/.runtime/mac-host-preparation-1/prepare-0CCE5972-531F-459D-A609-B3580AF4C2E2/DerivedData/Build/Products/Debug/Subject.app (in target 'Subject' from project 'Subject')
    cd /Users/coryparry/Developer/Projects/Intents/Tools/IntentsAutomation/.runtime/mac-host-preparation-1/prepare-0CCE5972-531F-459D-A609-B3580AF4C2E2/source
    builtin-RegisterExecutionPolicyException /Users/coryparry/Developer/Projects/Intents/Tools/IntentsAutomation/.runtime/mac-host-preparation-1/prepare-0CCE5972-531F-459D-A609-B3580AF4C2E2/DerivedData/Build/Products/Debug/Subject.app

SwiftExplicitDependencyGeneratePcm arm64 /Users/coryparry/Developer/Projects/Intents/Tools/IntentsAutomation/.runtime/mac-host-preparation-1/prepare-0CCE5972-531F-459D-A609-B3580AF4C2E2/DerivedData/Build/Intermediates.noindex/SwiftExplicitPrecompiledModules/XCUIAutomation-9IEL5E9HSQZ2B4QYUQLSY23RC.pcm

SwiftExplicitDependencyCompileModuleFromInterface arm64 /Users/coryparry/Developer/Projects/Intents/Tools/IntentsAutomation/.runtime/mac-host-preparation-1/prepare-0CCE5972-531F-459D-A609-B3580AF4C2E2/DerivedData/Build/Intermediates.noindex/SwiftExplicitPrecompiledModules/AppIntentsTesting-BYCNF13WWRY3.swiftmodule

SwiftExplicitDependencyCompileModuleFromInterface arm64 /Users/coryparry/Developer/Projects/Intents/Tools/IntentsAutomation/.runtime/mac-host-preparation-1/prepare-0CCE5972-531F-459D-A609-B3580AF4C2E2/DerivedData/Build/Intermediates.noindex/SwiftExplicitPrecompiledModules/XCUIAutomation-231WN5O08SWN7.swiftmodule

SwiftExplicitDependencyGeneratePcm arm64 /Users/coryparry/Developer/Projects/Intents/Tools/IntentsAutomation/.runtime/mac-host-preparation-1/prepare-0CCE5972-531F-459D-A609-B3580AF4C2E2/DerivedData/Build/Intermediates.noindex/SwiftExplicitPrecompiledModules/XCTest-ENURZL6QAOXAIATYBTY8V1NBV.pcm

Validate /Users/coryparry/Developer/Projects/Intents/Tools/IntentsAutomation/.runtime/mac-host-preparation-1/prepare-0CCE5972-531F-459D-A609-B3580AF4C2E2/DerivedData/Build/Products/Debug/Subject.app (in target 'Subject' from project 'Subject')
    cd /Users/coryparry/Developer/Projects/Intents/Tools/IntentsAutomation/.runtime/mac-host-preparation-1/prepare-0CCE5972-531F-459D-A609-B3580AF4C2E2/source
    builtin-validationUtility /Users/coryparry/Developer/Projects/Intents/Tools/IntentsAutomation/.runtime/mac-host-preparation-1/prepare-0CCE5972-531F-459D-A609-B3580AF4C2E2/DerivedData/Build/Products/Debug/Subject.app -no-validate-extension -infoplist-subpath Contents/Info.plist

Touch /Users/coryparry/Developer/Projects/Intents/Tools/IntentsAutomation/.runtime/mac-host-preparation-1/prepare-0CCE5972-531F-459D-A609-B3580AF4C2E2/DerivedData/Build/Products/Debug/Subject.app (in target 'Subject' from project 'Subject')
    cd /Users/coryparry/Developer/Projects/Intents/Tools/IntentsAutomation/.runtime/mac-host-preparation-1/prepare-0CCE5972-531F-459D-A609-B3580AF4C2E2/source
    /usr/bin/touch -c /Users/coryparry/Developer/Projects/Intents/Tools/IntentsAutomation/.runtime/mac-host-preparation-1/prepare-0CCE5972-531F-459D-A609-B3580AF4C2E2/DerivedData/Build/Products/Debug/Subject.app

RegisterWithLaunchServices /Users/coryparry/Developer/Projects/Intents/Tools/IntentsAutomation/.runtime/mac-host-preparation-1/prepare-0CCE5972-531F-459D-A609-B3580AF4C2E2/DerivedData/Build/Products/Debug/Subject.app (in target 'Subject' from project 'Subject')
    cd /Users/coryparry/Developer/Projects/Intents/Tools/IntentsAutomation/.runtime/mac-host-preparation-1/prepare-0CCE5972-531F-459D-A609-B3580AF4C2E2/source
    builtin-lsregisterurl --record-path /Users/coryparry/Developer/Projects/Intents/Tools/IntentsAutomation/.runtime/mac-host-preparation-1/prepare-0CCE5972-531F-459D-A609-B3580AF4C2E2/DerivedData/Build/Intermediates.noindex/XCBuildData/registered-launchservices.txt -- /System/Library/Frameworks/CoreServices.framework/Versions/Current/Frameworks/LaunchServices.framework/Versions/Current/Support/lsregister -f -R -trusted /Users/coryparry/Developer/Projects/Intents/Tools/IntentsAutomation/.runtime/mac-host-preparation-1/prepare-0CCE5972-531F-459D-A609-B3580AF4C2E2/DerivedData/Build/Products/Debug/Subject.app

SwiftExplicitDependencyCompileModuleFromInterface arm64 /Users/coryparry/Developer/Projects/Intents/Tools/IntentsAutomation/.runtime/mac-host-preparation-1/prepare-0CCE5972-531F-459D-A609-B3580AF4C2E2/DerivedData/Build/Intermediates.noindex/SwiftExplicitPrecompiledModules/XCTest-1AFMIID5TCOT.swiftmodule

ProcessInfoPlistFile /Users/coryparry/Developer/Projects/Intents/Tools/IntentsAutomation/.runtime/mac-host-preparation-1/prepare-0CCE5972-531F-459D-A609-B3580AF4C2E2/DerivedData/Build/Products/Debug/IntentsAutomationHost_c5efa9471bed-Runner.app/Contents/PlugIns/IntentsAutomationHost_c5efa9471bed.xctest/Contents/Info.plist /Users/coryparry/Developer/Projects/Intents/Tools/IntentsAutomation/.runtime/mac-host-preparation-1/prepare-0CCE5972-531F-459D-A609-B3580AF4C2E2/DerivedData/Build/Intermediates.noindex/Subject.build/Debug/IntentsAutomationHost_c5efa9471bed.build/empty-IntentsAutomationHost_c5efa9471bed.plist (in target 'IntentsAutomationHost_c5efa9471bed' from project 'Subject')
    cd /Users/coryparry/Developer/Projects/Intents/Tools/IntentsAutomation/.runtime/mac-host-preparation-1/prepare-0CCE5972-531F-459D-A609-B3580AF4C2E2/source
    builtin-infoPlistUtility /Users/coryparry/Developer/Projects/Intents/Tools/IntentsAutomation/.runtime/mac-host-preparation-1/prepare-0CCE5972-531F-459D-A609-B3580AF4C2E2/DerivedData/Build/Intermediates.noindex/Subject.build/Debug/IntentsAutomationHost_c5efa9471bed.build/empty-IntentsAutomationHost_c5efa9471bed.plist -producttype com.apple.product-type.bundle.ui-testing -expandbuildsettings -platform macosx -additionalcontentfile /Users/coryparry/Developer/Projects/Intents/Tools/IntentsAutomation/.runtime/mac-host-preparation-1/prepare-0CCE5972-531F-459D-A609-B3580AF4C2E2/DerivedData/Build/Intermediates.noindex/Subject.build/Debug/IntentsAutomationHost_c5efa9471bed.build/ProductTypeInfoPlistAdditions.plist -o /Users/coryparry/Developer/Projects/Intents/Tools/IntentsAutomation/.runtime/mac-host-preparation-1/prepare-0CCE5972-531F-459D-A609-B3580AF4C2E2/DerivedData/Build/Products/Debug/IntentsAutomationHost_c5efa9471bed-Runner.app/Contents/PlugIns/IntentsAutomationHost_c5efa9471bed.xctest/Contents/Info.plist

SwiftEmitModule normal arm64 Emitting\ module\ for\ IntentsAutomationHost_c5efa9471bed (in target 'IntentsAutomationHost_c5efa9471bed' from project 'Subject')

SwiftCompile normal arm64 (in target 'IntentsAutomationHost_c5efa9471bed' from project 'Subject')
    cd /Users/coryparry/Developer/Projects/Intents/Tools/IntentsAutomation/.runtime/mac-host-preparation-1/prepare-0CCE5972-531F-459D-A609-B3580AF4C2E2/source


SwiftCompile normal arm64 Compiling\ IntentDefinitionsHost.swift /Users/coryparry/Developer/Projects/Intents/Tools/IntentsAutomation/.runtime/mac-host-preparation-1/prepare-0CCE5972-531F-459D-A609-B3580AF4C2E2/generated-host/IntentsAutomationHost_c5efa9471bed/Sources/IntentDefinitionsHost.swift (in target 'IntentsAutomationHost_c5efa9471bed' from project 'Subject')

SwiftCompile normal arm64 /Users/coryparry/Developer/Projects/Intents/Tools/IntentsAutomation/.runtime/mac-host-preparation-1/prepare-0CCE5972-531F-459D-A609-B3580AF4C2E2/generated-host/IntentsAutomationHost_c5efa9471bed/Sources/IntentDefinitionsHost.swift (in target 'IntentsAutomationHost_c5efa9471bed' from project 'Subject')
    cd /Users/coryparry/Developer/Projects/Intents/Tools/IntentsAutomation/.runtime/mac-host-preparation-1/prepare-0CCE5972-531F-459D-A609-B3580AF4C2E2/source
    builtin-SwiftPerFileCompile IntentDefinitionsHost.swift

SwiftCompile normal arm64 Compiling\ AutomationCalendarCodec.swift /Users/coryparry/Developer/Projects/Intents/Tools/IntentsAutomation/.runtime/mac-host-preparation-1/prepare-0CCE5972-531F-459D-A609-B3580AF4C2E2/generated-host/IntentsAutomationHost_c5efa9471bed/Sources/AutomationCalendarCodec.swift (in target 'IntentsAutomationHost_c5efa9471bed' from project 'Subject')

SwiftCompile normal arm64 /Users/coryparry/Developer/Projects/Intents/Tools/IntentsAutomation/.runtime/mac-host-preparation-1/prepare-0CCE5972-531F-459D-A609-B3580AF4C2E2/generated-host/IntentsAutomationHost_c5efa9471bed/Sources/AutomationCalendarCodec.swift (in target 'IntentsAutomationHost_c5efa9471bed' from project 'Subject')
    cd /Users/coryparry/Developer/Projects/Intents/Tools/IntentsAutomation/.runtime/mac-host-preparation-1/prepare-0CCE5972-531F-459D-A609-B3580AF4C2E2/source
    builtin-SwiftPerFileCompile AutomationCalendarCodec.swift

SwiftDriverJobDiscovery normal arm64 Emitting module for IntentsAutomationHost_c5efa9471bed (in target 'IntentsAutomationHost_c5efa9471bed' from project 'Subject')

SwiftDriver\ Compilation\ Requirements IntentsAutomationHost_c5efa9471bed normal arm64 com.apple.xcode.tools.swift.compiler (in target 'IntentsAutomationHost_c5efa9471bed' from project 'Subject')
    cd /Users/coryparry/Developer/Projects/Intents/Tools/IntentsAutomation/.runtime/mac-host-preparation-1/prepare-0CCE5972-531F-459D-A609-B3580AF4C2E2/source
    builtin-Swift-Compilation-Requirements -- /Applications/Xcode.app/Contents/Developer/Toolchains/XcodeDefault.xctoolchain/usr/bin/swiftc -module-name IntentsAutomationHost_c5efa9471bed -O @/Users/coryparry/Developer/Projects/Intents/Tools/IntentsAutomation/.runtime/mac-host-preparation-1/prepare-0CCE5972-531F-459D-A609-B3580AF4C2E2/DerivedData/Build/Intermediates.noindex/Subject.build/Debug/IntentsAutomationHost_c5efa9471bed.build/Objects-normal/arm64/IntentsAutomationHost_c5efa9471bed.SwiftFileList -module-alias Testing\=_Testing_Unavailable -plugin-path /Applications/Xcode.app/Contents/Developer/Toolchains/XcodeDefault.xctoolchain/usr/lib/swift/host/plugins/testing -enable-experimental-feature DebugDescriptionMacro -sdk /Applications/Xcode.app/Contents/Developer/Platforms/MacOSX.platform/Developer/SDKs/MacOSX27.0.sdk -target arm64-apple-macos27.0 -g -module-cache-path /Users/coryparry/Developer/Projects/Intents/Tools/IntentsAutomation/.runtime/mac-host-preparation-1/prepare-0CCE5972-531F-459D-A609-B3580AF4C2E2/DerivedData/ModuleCache.noindex -Xfrontend -serialize-debugging-options -swift-version 6 -I /Users/coryparry/Developer/Projects/Intents/Tools/IntentsAutomation/.runtime/mac-host-preparation-1/prepare-0CCE5972-531F-459D-A609-B3580AF4C2E2/DerivedData/Build/Products/Debug -Isystem /Applications/Xcode.app/Contents/Developer/Platforms/MacOSX.platform/Developer/usr/lib -F /Users/coryparry/Developer/Projects/Intents/Tools/IntentsAutomation/.runtime/mac-host-preparation-1/prepare-0CCE5972-531F-459D-A609-B3580AF4C2E2/DerivedData/Build/Products/Debug -F /Applications/Xcode.app/Contents/Developer/Platforms/MacOSX.platform/Developer/Library/Frameworks -c -j10 -enable-batch-mode -incremental -Xcc -ivfsstatcache -Xcc /Users/coryparry/Developer/Projects/Intents/Tools/IntentsAutomation/.runtime/mac-host-preparation-1/prepare-0CCE5972-531F-459D-A609-B3580AF4C2E2/DerivedData/SDKStatCaches.noindex/macosx27.0-26A425-e829b21a6f8c9b70876ba0858053c0447231f6df4def33e022ae2eb8f782df1a.sdkstatcache -output-file-map /Users/coryparry/Developer/Projects/Intents/Tools/IntentsAutomation/.runtime/mac-host-preparation-1/prepare-0CCE5972-531F-459D-A609-B3580AF4C2E2/DerivedData/Build/Intermediates.noindex/Subject.build/Debug/IntentsAutomationHost_c5efa9471bed.build/Objects-normal/arm64/IntentsAutomationHost_c5efa9471bed-OutputFileMap.json -save-temps -no-color-diagnostics -explicit-module-build -module-cache-path /Users/coryparry/Developer/Projects/Intents/Tools/IntentsAutomation/.runtime/mac-host-preparation-1/prepare-0CCE5972-531F-459D-A609-B3580AF4C2E2/DerivedData/Build/Intermediates.noindex/SwiftExplicitPrecompiledModules -clang-scanner-module-cache-path /Users/coryparry/Developer/Projects/Intents/Tools/IntentsAutomation/.runtime/mac-host-preparation-1/prepare-0CCE5972-531F-459D-A609-B3580AF4C2E2/DerivedData/ModuleCache.noindex -sdk-module-cache-path /Users/coryparry/Developer/Projects/Intents/Tools/IntentsAutomation/.runtime/mac-host-preparation-1/prepare-0CCE5972-531F-459D-A609-B3580AF4C2E2/DerivedData/SDKExplicitPrecompiledModules -emit-dependencies -emit-module -emit-module-path /Users/coryparry/Developer/Projects/Intents/Tools/IntentsAutomation/.runtime/mac-host-preparation-1/prepare-0CCE5972-531F-459D-A609-B3580AF4C2E2/DerivedData/Build/Intermediates.noindex/Subject.build/Debug/IntentsAutomationHost_c5efa9471bed.build/Objects-normal/arm64/IntentsAutomationHost_c5efa9471bed.swiftmodule -serialize-diagnostics -dependency-scan-serialize-diagnostics-path /Users/coryparry/Developer/Projects/Intents/Tools/IntentsAutomation/.runtime/mac-host-preparation-1/prepare-0CCE5972-531F-459D-A609-B3580AF4C2E2/DerivedData/Build/Intermediates.noindex/Subject.build/Debug/IntentsAutomationHost_c5efa9471bed.build/Objects-normal/arm64/IntentsAutomationHost_c5efa9471bed-dependency-scan.dia -validate-clang-modules-once -clang-build-session-file /Users/coryparry/Developer/Projects/Intents/Tools/IntentsAutomation/.runtime/mac-host-preparation-1/prepare-0CCE5972-531F-459D-A609-B3580AF4C2E2/DerivedData/ModuleCache.noindex/Session.modulevalidation -Xcc -fmodules-prune-interval\=86400 -Xcc -fmodules-prune-after\=345600 -emit-const-values -const-gather-protocols-list /Users/coryparry/Developer/Projects/Intents/Tools/IntentsAutomation/.runtime/mac-host-preparation-1/prepare-0CCE5972-531F-459D-A609-B3580AF4C2E2/DerivedData/Build/Intermediates.noindex/Subject.build/Debug/IntentsAutomationHost_c5efa9471bed.build/Objects-normal/arm64/IntentsAutomationHost_c5efa9471bed_const_extract_protocols.json -Xcc -iquote -Xcc /Users/coryparry/Developer/Projects/Intents/Tools/IntentsAutomation/.runtime/mac-host-preparation-1/prepare-0CCE5972-531F-459D-A609-B3580AF4C2E2/DerivedData/Build/Intermediates.noindex/Subject.build/Debug/IntentsAutomationHost_c5efa9471bed.build/IntentsAutomationHost_c5efa9471bed-generated-files.hmap -Xcc -I/Users/coryparry/Developer/Projects/Intents/Tools/IntentsAutomation/.runtime/mac-host-preparation-1/prepare-0CCE5972-531F-459D-A609-B3580AF4C2E2/DerivedData/Build/Intermediates.noindex/Subject.build/Debug/IntentsAutomationHost_c5efa9471bed.build/IntentsAutomationHost_c5efa9471bed-own-target-headers.hmap -Xcc -I/Users/coryparry/Developer/Projects/Intents/Tools/IntentsAutomation/.runtime/mac-host-preparation-1/prepare-0CCE5972-531F-459D-A609-B3580AF4C2E2/DerivedData/Build/Intermediates.noindex/Subject.build/Debug/IntentsAutomationHost_c5efa9471bed.build/IntentsAutomationHost_c5efa9471bed-all-target-headers.hmap -Xcc -iquote -Xcc /Users/coryparry/Developer/Projects/Intents/Tools/IntentsAutomation/.runtime/mac-host-preparation-1/prepare-0CCE5972-531F-459D-A609-B3580AF4C2E2/DerivedData/Build/Intermediates.noindex/Subject.build/Debug/IntentsAutomationHost_c5efa9471bed.build/IntentsAutomationHost_c5efa9471bed-project-headers.hmap -Xcc -I/Users/coryparry/Developer/Projects/Intents/Tools/IntentsAutomation/.runtime/mac-host-preparation-1/prepare-0CCE5972-531F-459D-A609-B3580AF4C2E2/DerivedData/Build/Products/Debug/include -Xcc -I/Users/coryparry/Developer/Projects/Intents/Tools/IntentsAutomation/.runtime/mac-host-preparation-1/prepare-0CCE5972-531F-459D-A609-B3580AF4C2E2/DerivedData/Build/Intermediates.noindex/Subject.build/Debug/IntentsAutomationHost_c5efa9471bed.build/DerivedSources-normal/arm64 -Xcc -I/Users/coryparry/Developer/Projects/Intents/Tools/IntentsAutomation/.runtime/mac-host-preparation-1/prepare-0CCE5972-531F-459D-A609-B3580AF4C2E2/DerivedData/Build/Intermediates.noindex/Subject.build/Debug/IntentsAutomationHost_c5efa9471bed.build/DerivedSources/arm64 -Xcc -I/Users/coryparry/Developer/Projects/Intents/Tools/IntentsAutomation/.runtime/mac-host-preparation-1/prepare-0CCE5972-531F-459D-A609-B3580AF4C2E2/DerivedData/Build/Intermediates.noindex/Subject.build/Debug/IntentsAutomationHost_c5efa9471bed.build/DerivedSources -emit-objc-header -emit-objc-header-path /Users/coryparry/Developer/Projects/Intents/Tools/IntentsAutomation/.runtime/mac-host-preparation-1/prepare-0CCE5972-531F-459D-A609-B3580AF4C2E2/DerivedData/Build/Intermediates.noindex/Subject.build/Debug/IntentsAutomationHost_c5efa9471bed.build/Objects-normal/arm64/IntentsAutomationHost_c5efa9471bed-Swift.h -working-directory /Users/coryparry/Developer/Projects/Intents/Tools/IntentsAutomation/.runtime/mac-host-preparation-1/prepare-0CCE5972-531F-459D-A609-B3580AF4C2E2/source -experimental-emit-module-separately -disable-cmo

SwiftDriverJobDiscovery normal arm64 Compiling IntentDefinitionsHost.swift (in target 'IntentsAutomationHost_c5efa9471bed' from project 'Subject')

SwiftCompile normal arm64 Compiling\ AutomationDateCodec.swift /Users/coryparry/Developer/Projects/Intents/Tools/IntentsAutomation/.runtime/mac-host-preparation-1/prepare-0CCE5972-531F-459D-A609-B3580AF4C2E2/generated-host/IntentsAutomationHost_c5efa9471bed/Sources/AutomationDateCodec.swift (in target 'IntentsAutomationHost_c5efa9471bed' from project 'Subject')

SwiftCompile normal arm64 /Users/coryparry/Developer/Projects/Intents/Tools/IntentsAutomation/.runtime/mac-host-preparation-1/prepare-0CCE5972-531F-459D-A609-B3580AF4C2E2/generated-host/IntentsAutomationHost_c5efa9471bed/Sources/AutomationDateCodec.swift (in target 'IntentsAutomationHost_c5efa9471bed' from project 'Subject')
    cd /Users/coryparry/Developer/Projects/Intents/Tools/IntentsAutomation/.runtime/mac-host-preparation-1/prepare-0CCE5972-531F-459D-A609-B3580AF4C2E2/source
    builtin-SwiftPerFileCompile AutomationDateCodec.swift

SwiftMergeGeneratedHeaders /Users/coryparry/Developer/Projects/Intents/Tools/IntentsAutomation/.runtime/mac-host-preparation-1/prepare-0CCE5972-531F-459D-A609-B3580AF4C2E2/DerivedData/Build/Intermediates.noindex/Subject.build/Debug/IntentsAutomationHost_c5efa9471bed.build/DerivedSources/IntentsAutomationHost_c5efa9471bed-Swift.h /Users/coryparry/Developer/Projects/Intents/Tools/IntentsAutomation/.runtime/mac-host-preparation-1/prepare-0CCE5972-531F-459D-A609-B3580AF4C2E2/DerivedData/Build/Intermediates.noindex/Subject.build/Debug/IntentsAutomationHost_c5efa9471bed.build/Objects-normal/arm64/IntentsAutomationHost_c5efa9471bed-Swift.h (in target 'IntentsAutomationHost_c5efa9471bed' from project 'Subject')
    cd /Users/coryparry/Developer/Projects/Intents/Tools/IntentsAutomation/.runtime/mac-host-preparation-1/prepare-0CCE5972-531F-459D-A609-B3580AF4C2E2/source
    builtin-swiftHeaderTool -arch arm64 /Users/coryparry/Developer/Projects/Intents/Tools/IntentsAutomation/.runtime/mac-host-preparation-1/prepare-0CCE5972-531F-459D-A609-B3580AF4C2E2/DerivedData/Build/Intermediates.noindex/Subject.build/Debug/IntentsAutomationHost_c5efa9471bed.build/Objects-normal/arm64/IntentsAutomationHost_c5efa9471bed-Swift.h -o /Users/coryparry/Developer/Projects/Intents/Tools/IntentsAutomation/.runtime/mac-host-preparation-1/prepare-0CCE5972-531F-459D-A609-B3580AF4C2E2/DerivedData/Build/Intermediates.noindex/Subject.build/Debug/IntentsAutomationHost_c5efa9471bed.build/DerivedSources/IntentsAutomationHost_c5efa9471bed-Swift.h

SwiftDriverJobDiscovery normal arm64 Compiling AutomationCalendarCodec.swift (in target 'IntentsAutomationHost_c5efa9471bed' from project 'Subject')

Copy /Users/coryparry/Developer/Projects/Intents/Tools/IntentsAutomation/.runtime/mac-host-preparation-1/prepare-0CCE5972-531F-459D-A609-B3580AF4C2E2/DerivedData/Build/Products/Debug/IntentsAutomationHost_c5efa9471bed.swiftmodule/arm64-apple-macos.swiftmodule /Users/coryparry/Developer/Projects/Intents/Tools/IntentsAutomation/.runtime/mac-host-preparation-1/prepare-0CCE5972-531F-459D-A609-B3580AF4C2E2/DerivedData/Build/Intermediates.noindex/Subject.build/Debug/IntentsAutomationHost_c5efa9471bed.build/Objects-normal/arm64/IntentsAutomationHost_c5efa9471bed.swiftmodule (in target 'IntentsAutomationHost_c5efa9471bed' from project 'Subject')
    cd /Users/coryparry/Developer/Projects/Intents/Tools/IntentsAutomation/.runtime/mac-host-preparation-1/prepare-0CCE5972-531F-459D-A609-B3580AF4C2E2/source
    builtin-copy -exclude .DS_Store -exclude CVS -exclude .svn -exclude .git -exclude .hg -strip-unsigned-binaries -strip-deterministic -strip-tool /Applications/Xcode.app/Contents/Developer/Toolchains/XcodeDefault.xctoolchain/usr/bin/strip -resolve-src-symlinks -rename /Users/coryparry/Developer/Projects/Intents/Tools/IntentsAutomation/.runtime/mac-host-preparation-1/prepare-0CCE5972-531F-459D-A609-B3580AF4C2E2/DerivedData/Build/Intermediates.noindex/Subject.build/Debug/IntentsAutomationHost_c5efa9471bed.build/Objects-normal/arm64/IntentsAutomationHost_c5efa9471bed.swiftmodule /Users/coryparry/Developer/Projects/Intents/Tools/IntentsAutomation/.runtime/mac-host-preparation-1/prepare-0CCE5972-531F-459D-A609-B3580AF4C2E2/DerivedData/Build/Products/Debug/IntentsAutomationHost_c5efa9471bed.swiftmodule/arm64-apple-macos.swiftmodule

Copy /Users/coryparry/Developer/Projects/Intents/Tools/IntentsAutomation/.runtime/mac-host-preparation-1/prepare-0CCE5972-531F-459D-A609-B3580AF4C2E2/DerivedData/Build/Products/Debug/IntentsAutomationHost_c5efa9471bed.swiftmodule/arm64-apple-macos.swiftdoc /Users/coryparry/Developer/Projects/Intents/Tools/IntentsAutomation/.runtime/mac-host-preparation-1/prepare-0CCE5972-531F-459D-A609-B3580AF4C2E2/DerivedData/Build/Intermediates.noindex/Subject.build/Debug/IntentsAutomationHost_c5efa9471bed.build/Objects-normal/arm64/IntentsAutomationHost_c5efa9471bed.swiftdoc (in target 'IntentsAutomationHost_c5efa9471bed' from project 'Subject')
    cd /Users/coryparry/Developer/Projects/Intents/Tools/IntentsAutomation/.runtime/mac-host-preparation-1/prepare-0CCE5972-531F-459D-A609-B3580AF4C2E2/source
    builtin-copy -exclude .DS_Store -exclude CVS -exclude .svn -exclude .git -exclude .hg -strip-unsigned-binaries -strip-deterministic -strip-tool /Applications/Xcode.app/Contents/Developer/Toolchains/XcodeDefault.xctoolchain/usr/bin/strip -resolve-src-symlinks -rename /Users/coryparry/Developer/Projects/Intents/Tools/IntentsAutomation/.runtime/mac-host-preparation-1/prepare-0CCE5972-531F-459D-A609-B3580AF4C2E2/DerivedData/Build/Intermediates.noindex/Subject.build/Debug/IntentsAutomationHost_c5efa9471bed.build/Objects-normal/arm64/IntentsAutomationHost_c5efa9471bed.swiftdoc /Users/coryparry/Developer/Projects/Intents/Tools/IntentsAutomation/.runtime/mac-host-preparation-1/prepare-0CCE5972-531F-459D-A609-B3580AF4C2E2/DerivedData/Build/Products/Debug/IntentsAutomationHost_c5efa9471bed.swiftmodule/arm64-apple-macos.swiftdoc

Copy /Users/coryparry/Developer/Projects/Intents/Tools/IntentsAutomation/.runtime/mac-host-preparation-1/prepare-0CCE5972-531F-459D-A609-B3580AF4C2E2/DerivedData/Build/Products/Debug/IntentsAutomationHost_c5efa9471bed.swiftmodule/arm64-apple-macos.abi.json /Users/coryparry/Developer/Projects/Intents/Tools/IntentsAutomation/.runtime/mac-host-preparation-1/prepare-0CCE5972-531F-459D-A609-B3580AF4C2E2/DerivedData/Build/Intermediates.noindex/Subject.build/Debug/IntentsAutomationHost_c5efa9471bed.build/Objects-normal/arm64/IntentsAutomationHost_c5efa9471bed.abi.json (in target 'IntentsAutomationHost_c5efa9471bed' from project 'Subject')
    cd /Users/coryparry/Developer/Projects/Intents/Tools/IntentsAutomation/.runtime/mac-host-preparation-1/prepare-0CCE5972-531F-459D-A609-B3580AF4C2E2/source
    builtin-copy -exclude .DS_Store -exclude CVS -exclude .svn -exclude .git -exclude .hg -strip-unsigned-binaries -strip-deterministic -strip-tool /Applications/Xcode.app/Contents/Developer/Toolchains/XcodeDefault.xctoolchain/usr/bin/strip -resolve-src-symlinks -rename /Users/coryparry/Developer/Projects/Intents/Tools/IntentsAutomation/.runtime/mac-host-preparation-1/prepare-0CCE5972-531F-459D-A609-B3580AF4C2E2/DerivedData/Build/Intermediates.noindex/Subject.build/Debug/IntentsAutomationHost_c5efa9471bed.build/Objects-normal/arm64/IntentsAutomationHost_c5efa9471bed.abi.json /Users/coryparry/Developer/Projects/Intents/Tools/IntentsAutomation/.runtime/mac-host-preparation-1/prepare-0CCE5972-531F-459D-A609-B3580AF4C2E2/DerivedData/Build/Products/Debug/IntentsAutomationHost_c5efa9471bed.swiftmodule/arm64-apple-macos.abi.json

Copy /Users/coryparry/Developer/Projects/Intents/Tools/IntentsAutomation/.runtime/mac-host-preparation-1/prepare-0CCE5972-531F-459D-A609-B3580AF4C2E2/DerivedData/Build/Products/Debug/IntentsAutomationHost_c5efa9471bed.swiftmodule/Project/arm64-apple-macos.swiftsourceinfo /Users/coryparry/Developer/Projects/Intents/Tools/IntentsAutomation/.runtime/mac-host-preparation-1/prepare-0CCE5972-531F-459D-A609-B3580AF4C2E2/DerivedData/Build/Intermediates.noindex/Subject.build/Debug/IntentsAutomationHost_c5efa9471bed.build/Objects-normal/arm64/IntentsAutomationHost_c5efa9471bed.swiftsourceinfo (in target 'IntentsAutomationHost_c5efa9471bed' from project 'Subject')
    cd /Users/coryparry/Developer/Projects/Intents/Tools/IntentsAutomation/.runtime/mac-host-preparation-1/prepare-0CCE5972-531F-459D-A609-B3580AF4C2E2/source
    builtin-copy -exclude .DS_Store -exclude CVS -exclude .svn -exclude .git -exclude .hg -strip-unsigned-binaries -strip-deterministic -strip-tool /Applications/Xcode.app/Contents/Developer/Toolchains/XcodeDefault.xctoolchain/usr/bin/strip -resolve-src-symlinks -rename /Users/coryparry/Developer/Projects/Intents/Tools/IntentsAutomation/.runtime/mac-host-preparation-1/prepare-0CCE5972-531F-459D-A609-B3580AF4C2E2/DerivedData/Build/Intermediates.noindex/Subject.build/Debug/IntentsAutomationHost_c5efa9471bed.build/Objects-normal/arm64/IntentsAutomationHost_c5efa9471bed.swiftsourceinfo /Users/coryparry/Developer/Projects/Intents/Tools/IntentsAutomation/.runtime/mac-host-preparation-1/prepare-0CCE5972-531F-459D-A609-B3580AF4C2E2/DerivedData/Build/Products/Debug/IntentsAutomationHost_c5efa9471bed.swiftmodule/Project/arm64-apple-macos.swiftsourceinfo

SwiftCompile normal arm64 Compiling\ AutomationDurationCodec.swift /Users/coryparry/Developer/Projects/Intents/Tools/IntentsAutomation/.runtime/mac-host-preparation-1/prepare-0CCE5972-531F-459D-A609-B3580AF4C2E2/generated-host/IntentsAutomationHost_c5efa9471bed/Sources/AutomationDurationCodec.swift (in target 'IntentsAutomationHost_c5efa9471bed' from project 'Subject')

SwiftCompile normal arm64 /Users/coryparry/Developer/Projects/Intents/Tools/IntentsAutomation/.runtime/mac-host-preparation-1/prepare-0CCE5972-531F-459D-A609-B3580AF4C2E2/generated-host/IntentsAutomationHost_c5efa9471bed/Sources/AutomationDurationCodec.swift (in target 'IntentsAutomationHost_c5efa9471bed' from project 'Subject')
    cd /Users/coryparry/Developer/Projects/Intents/Tools/IntentsAutomation/.runtime/mac-host-preparation-1/prepare-0CCE5972-531F-459D-A609-B3580AF4C2E2/source
    builtin-SwiftPerFileCompile AutomationDurationCodec.swift

SwiftDriverJobDiscovery normal arm64 Compiling AutomationDateCodec.swift (in target 'IntentsAutomationHost_c5efa9471bed' from project 'Subject')

SwiftCompile normal arm64 Compiling\ SegmentTests.swift /Users/coryparry/Developer/Projects/Intents/Tools/IntentsAutomation/.runtime/mac-host-preparation-1/prepare-0CCE5972-531F-459D-A609-B3580AF4C2E2/generated-host/IntentsAutomationHost_c5efa9471bed/Sources/SegmentTests.swift (in target 'IntentsAutomationHost_c5efa9471bed' from project 'Subject')

SwiftCompile normal arm64 /Users/coryparry/Developer/Projects/Intents/Tools/IntentsAutomation/.runtime/mac-host-preparation-1/prepare-0CCE5972-531F-459D-A609-B3580AF4C2E2/generated-host/IntentsAutomationHost_c5efa9471bed/Sources/SegmentTests.swift (in target 'IntentsAutomationHost_c5efa9471bed' from project 'Subject')
    cd /Users/coryparry/Developer/Projects/Intents/Tools/IntentsAutomation/.runtime/mac-host-preparation-1/prepare-0CCE5972-531F-459D-A609-B3580AF4C2E2/source
    builtin-SwiftPerFileCompile SegmentTests.swift

SwiftCompile normal arm64 Compiling\ HostPlan.swift /Users/coryparry/Developer/Projects/Intents/Tools/IntentsAutomation/.runtime/mac-host-preparation-1/prepare-0CCE5972-531F-459D-A609-B3580AF4C2E2/generated-host/IntentsAutomationHost_c5efa9471bed/Sources/HostPlan.swift (in target 'IntentsAutomationHost_c5efa9471bed' from project 'Subject')

SwiftCompile normal arm64 /Users/coryparry/Developer/Projects/Intents/Tools/IntentsAutomation/.runtime/mac-host-preparation-1/prepare-0CCE5972-531F-459D-A609-B3580AF4C2E2/generated-host/IntentsAutomationHost_c5efa9471bed/Sources/HostPlan.swift (in target 'IntentsAutomationHost_c5efa9471bed' from project 'Subject')
    cd /Users/coryparry/Developer/Projects/Intents/Tools/IntentsAutomation/.runtime/mac-host-preparation-1/prepare-0CCE5972-531F-459D-A609-B3580AF4C2E2/source
    builtin-SwiftPerFileCompile HostPlan.swift

SwiftDriverJobDiscovery normal arm64 Compiling AutomationDurationCodec.swift (in target 'IntentsAutomationHost_c5efa9471bed' from project 'Subject')

SwiftCompile normal arm64 Compiling\ HostReceipt.swift /Users/coryparry/Developer/Projects/Intents/Tools/IntentsAutomation/.runtime/mac-host-preparation-1/prepare-0CCE5972-531F-459D-A609-B3580AF4C2E2/generated-host/IntentsAutomationHost_c5efa9471bed/Sources/HostReceipt.swift (in target 'IntentsAutomationHost_c5efa9471bed' from project 'Subject')

SwiftCompile normal arm64 /Users/coryparry/Developer/Projects/Intents/Tools/IntentsAutomation/.runtime/mac-host-preparation-1/prepare-0CCE5972-531F-459D-A609-B3580AF4C2E2/generated-host/IntentsAutomationHost_c5efa9471bed/Sources/HostReceipt.swift (in target 'IntentsAutomationHost_c5efa9471bed' from project 'Subject')
    cd /Users/coryparry/Developer/Projects/Intents/Tools/IntentsAutomation/.runtime/mac-host-preparation-1/prepare-0CCE5972-531F-459D-A609-B3580AF4C2E2/source
    builtin-SwiftPerFileCompile HostReceipt.swift

SwiftDriverJobDiscovery normal arm64 Compiling SegmentTests.swift (in target 'IntentsAutomationHost_c5efa9471bed' from project 'Subject')

SwiftDriverJobDiscovery normal arm64 Compiling HostReceipt.swift (in target 'IntentsAutomationHost_c5efa9471bed' from project 'Subject')

SwiftDriverJobDiscovery normal arm64 Compiling HostPlan.swift (in target 'IntentsAutomationHost_c5efa9471bed' from project 'Subject')

SwiftDriver\ Compilation IntentsAutomationHost_c5efa9471bed normal arm64 com.apple.xcode.tools.swift.compiler (in target 'IntentsAutomationHost_c5efa9471bed' from project 'Subject')
    cd /Users/coryparry/Developer/Projects/Intents/Tools/IntentsAutomation/.runtime/mac-host-preparation-1/prepare-0CCE5972-531F-459D-A609-B3580AF4C2E2/source
    builtin-Swift-Compilation -- /Applications/Xcode.app/Contents/Developer/Toolchains/XcodeDefault.xctoolchain/usr/bin/swiftc -module-name IntentsAutomationHost_c5efa9471bed -O @/Users/coryparry/Developer/Projects/Intents/Tools/IntentsAutomation/.runtime/mac-host-preparation-1/prepare-0CCE5972-531F-459D-A609-B3580AF4C2E2/DerivedData/Build/Intermediates.noindex/Subject.build/Debug/IntentsAutomationHost_c5efa9471bed.build/Objects-normal/arm64/IntentsAutomationHost_c5efa9471bed.SwiftFileList -module-alias Testing\=_Testing_Unavailable -plugin-path /Applications/Xcode.app/Contents/Developer/Toolchains/XcodeDefault.xctoolchain/usr/lib/swift/host/plugins/testing -enable-experimental-feature DebugDescriptionMacro -sdk /Applications/Xcode.app/Contents/Developer/Platforms/MacOSX.platform/Developer/SDKs/MacOSX27.0.sdk -target arm64-apple-macos27.0 -g -module-cache-path /Users/coryparry/Developer/Projects/Intents/Tools/IntentsAutomation/.runtime/mac-host-preparation-1/prepare-0CCE5972-531F-459D-A609-B3580AF4C2E2/DerivedData/ModuleCache.noindex -Xfrontend -serialize-debugging-options -swift-version 6 -I /Users/coryparry/Developer/Projects/Intents/Tools/IntentsAutomation/.runtime/mac-host-preparation-1/prepare-0CCE5972-531F-459D-A609-B3580AF4C2E2/DerivedData/Build/Products/Debug -Isystem /Applications/Xcode.app/Contents/Developer/Platforms/MacOSX.platform/Developer/usr/lib -F /Users/coryparry/Developer/Projects/Intents/Tools/IntentsAutomation/.runtime/mac-host-preparation-1/prepare-0CCE5972-531F-459D-A609-B3580AF4C2E2/DerivedData/Build/Products/Debug -F /Applications/Xcode.app/Contents/Developer/Platforms/MacOSX.platform/Developer/Library/Frameworks -c -j10 -enable-batch-mode -incremental -Xcc -ivfsstatcache -Xcc /Users/coryparry/Developer/Projects/Intents/Tools/IntentsAutomation/.runtime/mac-host-preparation-1/prepare-0CCE5972-531F-459D-A609-B3580AF4C2E2/DerivedData/SDKStatCaches.noindex/macosx27.0-26A425-e829b21a6f8c9b70876ba0858053c0447231f6df4def33e022ae2eb8f782df1a.sdkstatcache -output-file-map /Users/coryparry/Developer/Projects/Intents/Tools/IntentsAutomation/.runtime/mac-host-preparation-1/prepare-0CCE5972-531F-459D-A609-B3580AF4C2E2/DerivedData/Build/Intermediates.noindex/Subject.build/Debug/IntentsAutomationHost_c5efa9471bed.build/Objects-normal/arm64/IntentsAutomationHost_c5efa9471bed-OutputFileMap.json -save-temps -no-color-diagnostics -explicit-module-build -module-cache-path /Users/coryparry/Developer/Projects/Intents/Tools/IntentsAutomation/.runtime/mac-host-preparation-1/prepare-0CCE5972-531F-459D-A609-B3580AF4C2E2/DerivedData/Build/Intermediates.noindex/SwiftExplicitPrecompiledModules -clang-scanner-module-cache-path /Users/coryparry/Developer/Projects/Intents/Tools/IntentsAutomation/.runtime/mac-host-preparation-1/prepare-0CCE5972-531F-459D-A609-B3580AF4C2E2/DerivedData/ModuleCache.noindex -sdk-module-cache-path /Users/coryparry/Developer/Projects/Intents/Tools/IntentsAutomation/.runtime/mac-host-preparation-1/prepare-0CCE5972-531F-459D-A609-B3580AF4C2E2/DerivedData/SDKExplicitPrecompiledModules -emit-dependencies -emit-module -emit-module-path /Users/coryparry/Developer/Projects/Intents/Tools/IntentsAutomation/.runtime/mac-host-preparation-1/prepare-0CCE5972-531F-459D-A609-B3580AF4C2E2/DerivedData/Build/Intermediates.noindex/Subject.build/Debug/IntentsAutomationHost_c5efa9471bed.build/Objects-normal/arm64/IntentsAutomationHost_c5efa9471bed.swiftmodule -serialize-diagnostics -dependency-scan-serialize-diagnostics-path /Users/coryparry/Developer/Projects/Intents/Tools/IntentsAutomation/.runtime/mac-host-preparation-1/prepare-0CCE5972-531F-459D-A609-B3580AF4C2E2/DerivedData/Build/Intermediates.noindex/Subject.build/Debug/IntentsAutomationHost_c5efa9471bed.build/Objects-normal/arm64/IntentsAutomationHost_c5efa9471bed-dependency-scan.dia -validate-clang-modules-once -clang-build-session-file /Users/coryparry/Developer/Projects/Intents/Tools/IntentsAutomation/.runtime/mac-host-preparation-1/prepare-0CCE5972-531F-459D-A609-B3580AF4C2E2/DerivedData/ModuleCache.noindex/Session.modulevalidation -Xcc -fmodules-prune-interval\=86400 -Xcc -fmodules-prune-after\=345600 -emit-const-values -const-gather-protocols-list /Users/coryparry/Developer/Projects/Intents/Tools/IntentsAutomation/.runtime/mac-host-preparation-1/prepare-0CCE5972-531F-459D-A609-B3580AF4C2E2/DerivedData/Build/Intermediates.noindex/Subject.build/Debug/IntentsAutomationHost_c5efa9471bed.build/Objects-normal/arm64/IntentsAutomationHost_c5efa9471bed_const_extract_protocols.json -Xcc -iquote -Xcc /Users/coryparry/Developer/Projects/Intents/Tools/IntentsAutomation/.runtime/mac-host-preparation-1/prepare-0CCE5972-531F-459D-A609-B3580AF4C2E2/DerivedData/Build/Intermediates.noindex/Subject.build/Debug/IntentsAutomationHost_c5efa9471bed.build/IntentsAutomationHost_c5efa9471bed-generated-files.hmap -Xcc -I/Users/coryparry/Developer/Projects/Intents/Tools/IntentsAutomation/.runtime/mac-host-preparation-1/prepare-0CCE5972-531F-459D-A609-B3580AF4C2E2/DerivedData/Build/Intermediates.noindex/Subject.build/Debug/IntentsAutomationHost_c5efa9471bed.build/IntentsAutomationHost_c5efa9471bed-own-target-headers.hmap -Xcc -I/Users/coryparry/Developer/Projects/Intents/Tools/IntentsAutomation/.runtime/mac-host-preparation-1/prepare-0CCE5972-531F-459D-A609-B3580AF4C2E2/DerivedData/Build/Intermediates.noindex/Subject.build/Debug/IntentsAutomationHost_c5efa9471bed.build/IntentsAutomationHost_c5efa9471bed-all-target-headers.hmap -Xcc -iquote -Xcc /Users/coryparry/Developer/Projects/Intents/Tools/IntentsAutomation/.runtime/mac-host-preparation-1/prepare-0CCE5972-531F-459D-A609-B3580AF4C2E2/DerivedData/Build/Intermediates.noindex/Subject.build/Debug/IntentsAutomationHost_c5efa9471bed.build/IntentsAutomationHost_c5efa9471bed-project-headers.hmap -Xcc -I/Users/coryparry/Developer/Projects/Intents/Tools/IntentsAutomation/.runtime/mac-host-preparation-1/prepare-0CCE5972-531F-459D-A609-B3580AF4C2E2/DerivedData/Build/Products/Debug/include -Xcc -I/Users/coryparry/Developer/Projects/Intents/Tools/IntentsAutomation/.runtime/mac-host-preparation-1/prepare-0CCE5972-531F-459D-A609-B3580AF4C2E2/DerivedData/Build/Intermediates.noindex/Subject.build/Debug/IntentsAutomationHost_c5efa9471bed.build/DerivedSources-normal/arm64 -Xcc -I/Users/coryparry/Developer/Projects/Intents/Tools/IntentsAutomation/.runtime/mac-host-preparation-1/prepare-0CCE5972-531F-459D-A609-B3580AF4C2E2/DerivedData/Build/Intermediates.noindex/Subject.build/Debug/IntentsAutomationHost_c5efa9471bed.build/DerivedSources/arm64 -Xcc -I/Users/coryparry/Developer/Projects/Intents/Tools/IntentsAutomation/.runtime/mac-host-preparation-1/prepare-0CCE5972-531F-459D-A609-B3580AF4C2E2/DerivedData/Build/Intermediates.noindex/Subject.build/Debug/IntentsAutomationHost_c5efa9471bed.build/DerivedSources -emit-objc-header -emit-objc-header-path /Users/coryparry/Developer/Projects/Intents/Tools/IntentsAutomation/.runtime/mac-host-preparation-1/prepare-0CCE5972-531F-459D-A609-B3580AF4C2E2/DerivedData/Build/Intermediates.noindex/Subject.build/Debug/IntentsAutomationHost_c5efa9471bed.build/Objects-normal/arm64/IntentsAutomationHost_c5efa9471bed-Swift.h -working-directory /Users/coryparry/Developer/Projects/Intents/Tools/IntentsAutomation/.runtime/mac-host-preparation-1/prepare-0CCE5972-531F-459D-A609-B3580AF4C2E2/source -experimental-emit-module-separately -disable-cmo

Ld /Users/coryparry/Developer/Projects/Intents/Tools/IntentsAutomation/.runtime/mac-host-preparation-1/prepare-0CCE5972-531F-459D-A609-B3580AF4C2E2/DerivedData/Build/Products/Debug/IntentsAutomationHost_c5efa9471bed-Runner.app/Contents/PlugIns/IntentsAutomationHost_c5efa9471bed.xctest/Contents/MacOS/IntentsAutomationHost_c5efa9471bed normal (in target 'IntentsAutomationHost_c5efa9471bed' from project 'Subject')
    cd /Users/coryparry/Developer/Projects/Intents/Tools/IntentsAutomation/.runtime/mac-host-preparation-1/prepare-0CCE5972-531F-459D-A609-B3580AF4C2E2/source
    /Applications/Xcode.app/Contents/Developer/Toolchains/XcodeDefault.xctoolchain/usr/bin/clang -Xlinker -reproducible -target arm64-apple-macos27.0 -bundle -isysroot /Applications/Xcode.app/Contents/Developer/Platforms/MacOSX.platform/Developer/SDKs/MacOSX27.0.sdk -Os -Xlinker -no_warn_duplicate_libraries -L/Users/coryparry/Developer/Projects/Intents/Tools/IntentsAutomation/.runtime/mac-host-preparation-1/prepare-0CCE5972-531F-459D-A609-B3580AF4C2E2/DerivedData/Build/Intermediates.noindex/EagerLinkingTBDs/Debug -L/Users/coryparry/Developer/Projects/Intents/Tools/IntentsAutomation/.runtime/mac-host-preparation-1/prepare-0CCE5972-531F-459D-A609-B3580AF4C2E2/DerivedData/Build/Products/Debug -L/Applications/Xcode.app/Contents/Developer/Platforms/MacOSX.platform/Developer/usr/lib -F/Users/coryparry/Developer/Projects/Intents/Tools/IntentsAutomation/.runtime/mac-host-preparation-1/prepare-0CCE5972-531F-459D-A609-B3580AF4C2E2/DerivedData/Build/Intermediates.noindex/EagerLinkingTBDs/Debug -F/Users/coryparry/Developer/Projects/Intents/Tools/IntentsAutomation/.runtime/mac-host-preparation-1/prepare-0CCE5972-531F-459D-A609-B3580AF4C2E2/DerivedData/Build/Products/Debug -F/Applications/Xcode.app/Contents/Developer/Platforms/MacOSX.platform/Developer/Library/Frameworks -iframework /Applications/Xcode.app/Contents/Developer/Platforms/MacOSX.platform/Developer/Library/Frameworks -filelist /Users/coryparry/Developer/Projects/Intents/Tools/IntentsAutomation/.runtime/mac-host-preparation-1/prepare-0CCE5972-531F-459D-A609-B3580AF4C2E2/DerivedData/Build/Intermediates.noindex/Subject.build/Debug/IntentsAutomationHost_c5efa9471bed.build/Objects-normal/arm64/IntentsAutomationHost_c5efa9471bed.LinkFileList -Xlinker -rpath -Xlinker @loader_path/../Frameworks -Xlinker -rpath -Xlinker @executable_path/Frameworks -Xlinker -rpath -Xlinker @loader_path/Frameworks -Xlinker -object_path_lto -Xlinker /Users/coryparry/Developer/Projects/Intents/Tools/IntentsAutomation/.runtime/mac-host-preparation-1/prepare-0CCE5972-531F-459D-A609-B3580AF4C2E2/DerivedData/Build/Intermediates.noindex/Subject.build/Debug/IntentsAutomationHost_c5efa9471bed.build/Objects-normal/arm64/IntentsAutomationHost_c5efa9471bed_lto.o -Xlinker -dependency_info -Xlinker /Users/coryparry/Developer/Projects/Intents/Tools/IntentsAutomation/.runtime/mac-host-preparation-1/prepare-0CCE5972-531F-459D-A609-B3580AF4C2E2/DerivedData/Build/Intermediates.noindex/Subject.build/Debug/IntentsAutomationHost_c5efa9471bed.build/Objects-normal/arm64/IntentsAutomationHost_c5efa9471bed_dependency_info.dat -fobjc-link-runtime -L/Applications/Xcode.app/Contents/Developer/Toolchains/XcodeDefault.xctoolchain/usr/lib/swift/macosx -L/usr/lib/swift -Xlinker -add_ast_path -Xlinker /Users/coryparry/Developer/Projects/Intents/Tools/IntentsAutomation/.runtime/mac-host-preparation-1/prepare-0CCE5972-531F-459D-A609-B3580AF4C2E2/DerivedData/Build/Intermediates.noindex/Subject.build/Debug/IntentsAutomationHost_c5efa9471bed.build/Objects-normal/arm64/IntentsAutomationHost_c5efa9471bed.swiftmodule -framework AppIntentsTesting -Xlinker -needed_framework -Xlinker XCTest -framework XCTest -Xlinker -needed-lXCTestSwiftSupport -lXCTestSwiftSupport -Xlinker -no_adhoc_codesign -o /Users/coryparry/Developer/Projects/Intents/Tools/IntentsAutomation/.runtime/mac-host-preparation-1/prepare-0CCE5972-531F-459D-A609-B3580AF4C2E2/DerivedData/Build/Products/Debug/IntentsAutomationHost_c5efa9471bed-Runner.app/Contents/PlugIns/IntentsAutomationHost_c5efa9471bed.xctest/Contents/MacOS/IntentsAutomationHost_c5efa9471bed

CopySwiftLibs /Users/coryparry/Developer/Projects/Intents/Tools/IntentsAutomation/.runtime/mac-host-preparation-1/prepare-0CCE5972-531F-459D-A609-B3580AF4C2E2/DerivedData/Build/Products/Debug/IntentsAutomationHost_c5efa9471bed-Runner.app/Contents/PlugIns/IntentsAutomationHost_c5efa9471bed.xctest (in target 'IntentsAutomationHost_c5efa9471bed' from project 'Subject')
    cd /Users/coryparry/Developer/Projects/Intents/Tools/IntentsAutomation/.runtime/mac-host-preparation-1/prepare-0CCE5972-531F-459D-A609-B3580AF4C2E2/source
    builtin-swiftStdLibTool --copy --verbose --sign - --scan-executable /Users/coryparry/Developer/Projects/Intents/Tools/IntentsAutomation/.runtime/mac-host-preparation-1/prepare-0CCE5972-531F-459D-A609-B3580AF4C2E2/DerivedData/Build/Products/Debug/IntentsAutomationHost_c5efa9471bed-Runner.app/Contents/PlugIns/IntentsAutomationHost_c5efa9471bed.xctest/Contents/MacOS/IntentsAutomationHost_c5efa9471bed --scan-folder /Users/coryparry/Developer/Projects/Intents/Tools/IntentsAutomation/.runtime/mac-host-preparation-1/prepare-0CCE5972-531F-459D-A609-B3580AF4C2E2/DerivedData/Build/Products/Debug/IntentsAutomationHost_c5efa9471bed-Runner.app/Contents/PlugIns/IntentsAutomationHost_c5efa9471bed.xctest/Contents/Frameworks --scan-folder /Users/coryparry/Developer/Projects/Intents/Tools/IntentsAutomation/.runtime/mac-host-preparation-1/prepare-0CCE5972-531F-459D-A609-B3580AF4C2E2/DerivedData/Build/Products/Debug/IntentsAutomationHost_c5efa9471bed-Runner.app/Contents/PlugIns/IntentsAutomationHost_c5efa9471bed.xctest/Contents/PlugIns --scan-folder /Users/coryparry/Developer/Projects/Intents/Tools/IntentsAutomation/.runtime/mac-host-preparation-1/prepare-0CCE5972-531F-459D-A609-B3580AF4C2E2/DerivedData/Build/Products/Debug/IntentsAutomationHost_c5efa9471bed-Runner.app/Contents/PlugIns/IntentsAutomationHost_c5efa9471bed.xctest/Contents/Library/SystemExtensions --scan-folder /Users/coryparry/Developer/Projects/Intents/Tools/IntentsAutomation/.runtime/mac-host-preparation-1/prepare-0CCE5972-531F-459D-A609-B3580AF4C2E2/DerivedData/Build/Products/Debug/IntentsAutomationHost_c5efa9471bed-Runner.app/Contents/PlugIns/IntentsAutomationHost_c5efa9471bed.xctest/Contents/Extensions --platform macosx --toolchain /var/run/com.apple.security.cryptexd/mnt/com.apple.MobileAsset.MetalToolchain-v27.1.266.1.24H2xD/Metal.xctoolchain --toolchain /Applications/Xcode.app/Contents/Developer/Toolchains/XcodeDefault.xctoolchain --destination /Users/coryparry/Developer/Projects/Intents/Tools/IntentsAutomation/.runtime/mac-host-preparation-1/prepare-0CCE5972-531F-459D-A609-B3580AF4C2E2/DerivedData/Build/Products/Debug/IntentsAutomationHost_c5efa9471bed-Runner.app/Contents/PlugIns/IntentsAutomationHost_c5efa9471bed.xctest/Contents/Frameworks --strip-bitcode --scan-executable /Applications/Xcode.app/Contents/Developer/Platforms/MacOSX.platform/Developer/usr/lib/libXCTestSwiftSupport.dylib --strip-bitcode-tool /Applications/Xcode.app/Contents/Developer/Toolchains/XcodeDefault.xctoolchain/usr/bin/bitcode_strip --emit-dependency-info /Users/coryparry/Developer/Projects/Intents/Tools/IntentsAutomation/.runtime/mac-host-preparation-1/prepare-0CCE5972-531F-459D-A609-B3580AF4C2E2/DerivedData/Build/Intermediates.noindex/Subject.build/Debug/IntentsAutomationHost_c5efa9471bed.build/SwiftStdLibToolInputDependencies.dep --filter-for-swift-os

ExtractAppIntentsMetadata (in target 'IntentsAutomationHost_c5efa9471bed' from project 'Subject')
    cd /Users/coryparry/Developer/Projects/Intents/Tools/IntentsAutomation/.runtime/mac-host-preparation-1/prepare-0CCE5972-531F-459D-A609-B3580AF4C2E2/source
    /Applications/Xcode.app/Contents/Developer/Toolchains/XcodeDefault.xctoolchain/usr/bin/appintentsmetadataprocessor --toolchain-dir /var/run/com.apple.security.cryptexd/mnt/com.apple.MobileAsset.MetalToolchain-v27.1.266.1.24H2xD/Metal.xctoolchain --module-name IntentsAutomationHost_c5efa9471bed --sdk-root /Applications/Xcode.app/Contents/Developer/Platforms/MacOSX.platform/Developer/SDKs/MacOSX27.0.sdk --xcode-version 27A266a --platform-family macOS --deployment-target 27.0 --bundle-identifier com.intents.automation.host.c5efa9471bed --output /Users/coryparry/Developer/Projects/Intents/Tools/IntentsAutomation/.runtime/mac-host-preparation-1/prepare-0CCE5972-531F-459D-A609-B3580AF4C2E2/DerivedData/Build/Products/Debug/IntentsAutomationHost_c5efa9471bed-Runner.app/Contents/PlugIns/IntentsAutomationHost_c5efa9471bed.xctest/Contents/Resources --target-triple arm64-apple-macos27.0 --binary-file /Users/coryparry/Developer/Projects/Intents/Tools/IntentsAutomation/.runtime/mac-host-preparation-1/prepare-0CCE5972-531F-459D-A609-B3580AF4C2E2/DerivedData/Build/Products/Debug/IntentsAutomationHost_c5efa9471bed-Runner.app/Contents/PlugIns/IntentsAutomationHost_c5efa9471bed.xctest/Contents/MacOS/IntentsAutomationHost_c5efa9471bed --dependency-file /Users/coryparry/Developer/Projects/Intents/Tools/IntentsAutomation/.runtime/mac-host-preparation-1/prepare-0CCE5972-531F-459D-A609-B3580AF4C2E2/DerivedData/Build/Intermediates.noindex/Subject.build/Debug/IntentsAutomationHost_c5efa9471bed.build/Objects-normal/arm64/IntentsAutomationHost_c5efa9471bed_dependency_info.dat --stringsdata-file /Users/coryparry/Developer/Projects/Intents/Tools/IntentsAutomation/.runtime/mac-host-preparation-1/prepare-0CCE5972-531F-459D-A609-B3580AF4C2E2/DerivedData/Build/Intermediates.noindex/Subject.build/Debug/IntentsAutomationHost_c5efa9471bed.build/Objects-normal/arm64/ExtractedAppShortcutsMetadata.stringsdata --source-file-list /Users/coryparry/Developer/Projects/Intents/Tools/IntentsAutomation/.runtime/mac-host-preparation-1/prepare-0CCE5972-531F-459D-A609-B3580AF4C2E2/DerivedData/Build/Intermediates.noindex/Subject.build/Debug/IntentsAutomationHost_c5efa9471bed.build/Objects-normal/arm64/IntentsAutomationHost_c5efa9471bed.SwiftFileList --metadata-file-list /Users/coryparry/Developer/Projects/Intents/Tools/IntentsAutomation/.runtime/mac-host-preparation-1/prepare-0CCE5972-531F-459D-A609-B3580AF4C2E2/DerivedData/Build/Intermediates.noindex/Subject.build/Debug/IntentsAutomationHost_c5efa9471bed.build/IntentsAutomationHost_c5efa9471bed.DependencyMetadataFileList --static-metadata-file-list /Users/coryparry/Developer/Projects/Intents/Tools/IntentsAutomation/.runtime/mac-host-preparation-1/prepare-0CCE5972-531F-459D-A609-B3580AF4C2E2/DerivedData/Build/Intermediates.noindex/Subject.build/Debug/IntentsAutomationHost_c5efa9471bed.build/IntentsAutomationHost_c5efa9471bed.DependencyStaticMetadataFileList --swift-const-vals-list /Users/coryparry/Developer/Projects/Intents/Tools/IntentsAutomation/.runtime/mac-host-preparation-1/prepare-0CCE5972-531F-459D-A609-B3580AF4C2E2/DerivedData/Build/Intermediates.noindex/Subject.build/Debug/IntentsAutomationHost_c5efa9471bed.build/Objects-normal/arm64/IntentsAutomationHost_c5efa9471bed.SwiftConstValuesFileList --compile-time-extraction --deployment-aware-processing --no-app-shortcuts-localization
2026-10-07 20:13:12.310 appintentsmetadataprocessor[17712:627126] Starting appintentsmetadataprocessor export
2026-10-07 20:13:12.341 appintentsmetadataprocessor[17712:627126] Extracted no relevant App Intents symbols, skipping writing output

CopyPlistFile /Users/coryparry/Developer/Projects/Intents/Tools/IntentsAutomation/.runtime/mac-host-preparation-1/prepare-0CCE5972-531F-459D-A609-B3580AF4C2E2/DerivedData/Build/Products/Debug/IntentsAutomationHost_c5efa9471bed-Runner.app/Contents/Info.plist /Applications/Xcode.app/Contents/Developer/Platforms/MacOSX.platform/Developer/Library/Xcode/Agents/XCTRunner.app/Contents/Info.plist (in target 'IntentsAutomationHost_c5efa9471bed' from project 'Subject')
    cd /Users/coryparry/Developer/Projects/Intents/Tools/IntentsAutomation/.runtime/mac-host-preparation-1/prepare-0CCE5972-531F-459D-A609-B3580AF4C2E2/source
    builtin-copyPlist --validate --convert xml1 --macro-expansion WRAPPEDPRODUCTNAME IntentsAutomationHost_c5efa9471bed-Runner --macro-expansion WRAPPEDPRODUCTBUNDLEIDENTIFIER com.intents.automation.host.c5efa9471bed.xctrunner --macro-expansion TESTPRODUCTNAME IntentsAutomationHost_c5efa9471bed --macro-expansion TESTPRODUCTBUNDLEIDENTIFIER com.intents.automation.host.c5efa9471bed --copy-value UIDeviceFamily /Users/coryparry/Developer/Projects/Intents/Tools/IntentsAutomation/.runtime/mac-host-preparation-1/prepare-0CCE5972-531F-459D-A609-B3580AF4C2E2/DerivedData/Build/Products/Debug/IntentsAutomationHost_c5efa9471bed-Runner.app/Contents/PlugIns/IntentsAutomationHost_c5efa9471bed.xctest/Contents/Info.plist --outdir /Users/coryparry/Developer/Projects/Intents/Tools/IntentsAutomation/.runtime/mac-host-preparation-1/prepare-0CCE5972-531F-459D-A609-B3580AF4C2E2/DerivedData/Build/Products/Debug/IntentsAutomationHost_c5efa9471bed-Runner.app/Contents -- /Applications/Xcode.app/Contents/Developer/Platforms/MacOSX.platform/Developer/Library/Xcode/Agents/XCTRunner.app/Contents/Info.plist

MkDir /Users/coryparry/Developer/Projects/Intents/Tools/IntentsAutomation/.runtime/mac-host-preparation-1/prepare-0CCE5972-531F-459D-A609-B3580AF4C2E2/DerivedData/Build/Products/Debug/IntentsAutomationHost_c5efa9471bed-Runner.app (in target 'IntentsAutomationHost_c5efa9471bed' from project 'Subject')
    cd /Users/coryparry/Developer/Projects/Intents/Tools/IntentsAutomation/.runtime/mac-host-preparation-1/prepare-0CCE5972-531F-459D-A609-B3580AF4C2E2/source
    /bin/mkdir -p /Users/coryparry/Developer/Projects/Intents/Tools/IntentsAutomation/.runtime/mac-host-preparation-1/prepare-0CCE5972-531F-459D-A609-B3580AF4C2E2/DerivedData/Build/Products/Debug/IntentsAutomationHost_c5efa9471bed-Runner.app

CopyAndPreserveArchs /Users/coryparry/Developer/Projects/Intents/Tools/IntentsAutomation/.runtime/mac-host-preparation-1/prepare-0CCE5972-531F-459D-A609-B3580AF4C2E2/DerivedData/Build/Products/Debug/IntentsAutomationHost_c5efa9471bed-Runner.app/Contents/MacOS/IntentsAutomationHost_c5efa9471bed-Runner (in target 'IntentsAutomationHost_c5efa9471bed' from project 'Subject')
    cd /Users/coryparry/Developer/Projects/Intents/Tools/IntentsAutomation/.runtime/mac-host-preparation-1/prepare-0CCE5972-531F-459D-A609-B3580AF4C2E2/source
    /Applications/Xcode.app/Contents/Developer/Toolchains/XcodeDefault.xctoolchain/usr/bin/lipo /Applications/Xcode.app/Contents/Developer/Platforms/MacOSX.platform/Developer/Library/Xcode/Agents/XCTRunner.app/Contents/MacOS/XCTRunner -output /Users/coryparry/Developer/Projects/Intents/Tools/IntentsAutomation/.runtime/mac-host-preparation-1/prepare-0CCE5972-531F-459D-A609-B3580AF4C2E2/DerivedData/Build/Products/Debug/IntentsAutomationHost_c5efa9471bed-Runner.app/Contents/MacOS/IntentsAutomationHost_c5efa9471bed-Runner -extract arm64

Copy /Users/coryparry/Developer/Projects/Intents/Tools/IntentsAutomation/.runtime/mac-host-preparation-1/prepare-0CCE5972-531F-459D-A609-B3580AF4C2E2/DerivedData/Build/Products/Debug/IntentsAutomationHost_c5efa9471bed-Runner.app/Contents/PkgInfo /Applications/Xcode.app/Contents/Developer/Platforms/MacOSX.platform/Developer/Library/Xcode/Agents/XCTRunner.app/Contents/PkgInfo (in target 'IntentsAutomationHost_c5efa9471bed' from project 'Subject')
    cd /Users/coryparry/Developer/Projects/Intents/Tools/IntentsAutomation/.runtime/mac-host-preparation-1/prepare-0CCE5972-531F-459D-A609-B3580AF4C2E2/source
    builtin-copy -exclude .DS_Store -exclude CVS -exclude .svn -exclude .git -exclude .hg -strip-unsigned-binaries -strip-deterministic -strip-tool /Applications/Xcode.app/Contents/Developer/Toolchains/XcodeDefault.xctoolchain/usr/bin/strip -resolve-src-symlinks /Applications/Xcode.app/Contents/Developer/Platforms/MacOSX.platform/Developer/Library/Xcode/Agents/XCTRunner.app/Contents/PkgInfo /Users/coryparry/Developer/Projects/Intents/Tools/IntentsAutomation/.runtime/mac-host-preparation-1/prepare-0CCE5972-531F-459D-A609-B3580AF4C2E2/DerivedData/Build/Products/Debug/IntentsAutomationHost_c5efa9471bed-Runner.app/Contents

CodeSign /Users/coryparry/Developer/Projects/Intents/Tools/IntentsAutomation/.runtime/mac-host-preparation-1/prepare-0CCE5972-531F-459D-A609-B3580AF4C2E2/DerivedData/Build/Products/Debug/IntentsAutomationHost_c5efa9471bed-Runner.app/Contents/PlugIns/IntentsAutomationHost_c5efa9471bed.xctest (in target 'IntentsAutomationHost_c5efa9471bed' from project 'Subject')
    cd /Users/coryparry/Developer/Projects/Intents/Tools/IntentsAutomation/.runtime/mac-host-preparation-1/prepare-0CCE5972-531F-459D-A609-B3580AF4C2E2/source

    Signing Identity:     "Sign to Run Locally"

    /usr/bin/codesign --force --sign - --entitlements /Users/coryparry/Developer/Projects/Intents/Tools/IntentsAutomation/.runtime/mac-host-preparation-1/prepare-0CCE5972-531F-459D-A609-B3580AF4C2E2/DerivedData/Build/Intermediates.noindex/Subject.build/Debug/IntentsAutomationHost_c5efa9471bed.build/IntentsAutomationHost_c5efa9471bed.xctest.xcent --timestamp\=none --generate-entitlement-der /Users/coryparry/Developer/Projects/Intents/Tools/IntentsAutomation/.runtime/mac-host-preparation-1/prepare-0CCE5972-531F-459D-A609-B3580AF4C2E2/DerivedData/Build/Products/Debug/IntentsAutomationHost_c5efa9471bed-Runner.app/Contents/PlugIns/IntentsAutomationHost_c5efa9471bed.xctest

CodeSign /Users/coryparry/Developer/Projects/Intents/Tools/IntentsAutomation/.runtime/mac-host-preparation-1/prepare-0CCE5972-531F-459D-A609-B3580AF4C2E2/DerivedData/Build/Products/Debug/IntentsAutomationHost_c5efa9471bed-Runner.app (in target 'IntentsAutomationHost_c5efa9471bed' from project 'Subject')
    cd /Users/coryparry/Developer/Projects/Intents/Tools/IntentsAutomation/.runtime/mac-host-preparation-1/prepare-0CCE5972-531F-459D-A609-B3580AF4C2E2/source

    Signing Identity:     "Sign to Run Locally"

    /usr/bin/codesign --force --sign - --entitlements /Users/coryparry/Developer/Projects/Intents/Tools/IntentsAutomation/.runtime/mac-host-preparation-1/prepare-0CCE5972-531F-459D-A609-B3580AF4C2E2/DerivedData/Build/Intermediates.noindex/Subject.build/Debug/IntentsAutomationHost_c5efa9471bed.build/IntentsAutomationHost_c5efa9471bed.xctest.xcent --timestamp\=none --generate-entitlement-der /Users/coryparry/Developer/Projects/Intents/Tools/IntentsAutomation/.runtime/mac-host-preparation-1/prepare-0CCE5972-531F-459D-A609-B3580AF4C2E2/DerivedData/Build/Products/Debug/IntentsAutomationHost_c5efa9471bed-Runner.app
/Users/coryparry/Developer/Projects/Intents/Tools/IntentsAutomation/.runtime/mac-host-preparation-1/prepare-0CCE5972-531F-459D-A609-B3580AF4C2E2/DerivedData/Build/Products/Debug/IntentsAutomationHost_c5efa9471bed-Runner.app: replacing existing signature

RegisterExecutionPolicyException /Users/coryparry/Developer/Projects/Intents/Tools/IntentsAutomation/.runtime/mac-host-preparation-1/prepare-0CCE5972-531F-459D-A609-B3580AF4C2E2/DerivedData/Build/Products/Debug/IntentsAutomationHost_c5efa9471bed-Runner.app/Contents/PlugIns/IntentsAutomationHost_c5efa9471bed.xctest (in target 'IntentsAutomationHost_c5efa9471bed' from project 'Subject')
    cd /Users/coryparry/Developer/Projects/Intents/Tools/IntentsAutomation/.runtime/mac-host-preparation-1/prepare-0CCE5972-531F-459D-A609-B3580AF4C2E2/source
    builtin-RegisterExecutionPolicyException /Users/coryparry/Developer/Projects/Intents/Tools/IntentsAutomation/.runtime/mac-host-preparation-1/prepare-0CCE5972-531F-459D-A609-B3580AF4C2E2/DerivedData/Build/Products/Debug/IntentsAutomationHost_c5efa9471bed-Runner.app/Contents/PlugIns/IntentsAutomationHost_c5efa9471bed.xctest

Touch /Users/coryparry/Developer/Projects/Intents/Tools/IntentsAutomation/.runtime/mac-host-preparation-1/prepare-0CCE5972-531F-459D-A609-B3580AF4C2E2/DerivedData/Build/Products/Debug/IntentsAutomationHost_c5efa9471bed-Runner.app/Contents/PlugIns/IntentsAutomationHost_c5efa9471bed.xctest (in target 'IntentsAutomationHost_c5efa9471bed' from project 'Subject')
    cd /Users/coryparry/Developer/Projects/Intents/Tools/IntentsAutomation/.runtime/mac-host-preparation-1/prepare-0CCE5972-531F-459D-A609-B3580AF4C2E2/source
    /usr/bin/touch -c /Users/coryparry/Developer/Projects/Intents/Tools/IntentsAutomation/.runtime/mac-host-preparation-1/prepare-0CCE5972-531F-459D-A609-B3580AF4C2E2/DerivedData/Build/Products/Debug/IntentsAutomationHost_c5efa9471bed-Runner.app/Contents/PlugIns/IntentsAutomationHost_c5efa9471bed.xctest

PruneExplicitPrecompiledModules /Users/coryparry/Developer/Projects/Intents/Tools/IntentsAutomation/.runtime/mac-host-preparation-1/prepare-0CCE5972-531F-459D-A609-B3580AF4C2E2/DerivedData/Build/Intermediates.noindex/ExplicitPrecompiledModules

PruneExplicitPrecompiledModules /Users/coryparry/Developer/Projects/Intents/Tools/IntentsAutomation/.runtime/mac-host-preparation-1/prepare-0CCE5972-531F-459D-A609-B3580AF4C2E2/DerivedData/Build/Intermediates.noindex/SwiftExplicitPrecompiledModules

PruneExplicitPrecompiledModules /Users/coryparry/Developer/Projects/Intents/Tools/IntentsAutomation/.runtime/mac-host-preparation-1/prepare-0CCE5972-531F-459D-A609-B3580AF4C2E2/DerivedData/SDKExplicitPrecompiledModules

warning: Traditional headermap style is no longer supported; please migrate to using separate headermaps and set 'ALWAYS_SEARCH_USER_PATHS' to NO. (in target 'Subject' from project 'Subject')
warning: Traditional headermap style is no longer supported; please migrate to using separate headermaps and set 'ALWAYS_SEARCH_USER_PATHS' to NO. (in target 'IntentsAutomationHost_c5efa9471bed' from project 'Subject')
** TEST BUILD SUCCEEDED **


--- stderr ---
