2026-10-07 19:57:39.108 xcodebuild[14180:599382]  DVTFilePathFSEvents: Failed to start fs event stream.
2026-10-07 19:57:39.222 xcodebuild[14180:599381] [MT] DVTDeveloperPaths: Failed to get length of DARWIN_USER_CACHE_DIR from confstr(3), error = Error Domain=NSPOSIXErrorDomain Code=5 "Input/output error". Using NSCachesDirectory instead.
2026-10-07 19:57:39.474 xcodebuild[14180:599383] CoreSimulatorService connection became invalid.  Simulator services will no longer be available.
Command line invocation:
    /Applications/Xcode.app/Contents/Developer/usr/bin/xcodebuild build-for-testing -project /Users/coryparry/Developer/Projects/Intents/Tools/IntentsAutomation/.runtime/mac-host-preparation-1/mac-host-3DA00FE7-6651-4E61-97FE-85465F766501/session/source/Subject.xcodeproj -scheme IntentsAutomationHost_f030f86ca51f -configuration Debug -destination platform=macOS -derivedDataPath /Users/coryparry/Developer/Projects/Intents/Tools/IntentsAutomation/.runtime/mac-host-preparation-1/mac-host-3DA00FE7-6651-4E61-97FE-85465F766501/DerivedData -jobs 2 CODE_SIGNING_ALLOWED=NO

Build settings from command line:
    CODE_SIGNING_ALLOWED = NO

2026-10-07 19:57:39.524 xcodebuild[14180:599395] Logging connecton invalid: <OS_xpc_error: <dictionary: 0x1f0efa2b0> { count = 1, transaction: 0, voucher = 0x0, contents =
	"XPCErrorDescription" => <string: 0x1f0efa3f0> { string cache = 0x0, length = 18, contents = "Connection invalid" }
}>
2026-10-07 19:57:39.524 xcodebuild[14180:599395] Error opening log file (/Users/coryparry/Library/Logs/CoreSimulator/CoreSimulator.com.apple.dt.xcodebuild.log): Operation not permitted
[-[SimServiceContext initWithDeveloperDir:connectionType:error:]:499] WARN  : Unable to discover any Simulator runtimes. Developer Directory is /Applications/Xcode.app/Contents/Developer.
[-[SimDiskImageManager init]:175] ERROR : Could not kickstart simdiskimaged; SimDiskImageManager services will not be available: Error Domain=NSPOSIXErrorDomain Code=53 "Software caused connection abort" UserInfo={NSLocalizedDescription=Error returned in reply from CoreSimulatorService: Connection invalid}
[-[SimDiskImageManager _onQueue_checkConnection:]:239] ERROR : simdiskimaged returned error (invalid), marking disconnected.
[-[SimServiceContext initWithDeveloperDir:connectionType:error:]_block_invoke:556] ERROR : Could not get list of trusted mount directories: Error Domain=com.apple.CoreSimulator.SimError Code=410 "The service used to manage runtime disk images (simdiskimaged) crashed or is not responding" UserInfo={NSLocalizedDescription=The service used to manage runtime disk images (simdiskimaged) crashed or is not responding}
[-[SimDiskImageManager _onQueue_checkConnection:]:239] ERROR : simdiskimaged returned error (invalid), marking disconnected.
[-[SimServiceContext sendRequest:reply:error:]:1982] ERROR : Unable to deliver request ({
    request = "notification_subscription";
    "set_path" = "/Users/coryparry/Library/Developer/CoreSimulator/Devices";
}) because we are not connected to CoreSimulatorService.
2026-10-07 19:57:39.525 xcodebuild[14180:599382] Error Domain=NSPOSIXErrorDomain Code=61 "Connection refused" UserInfo={NSLocalizedDescription=CoreSimulatorService connection became invalid.  Simulator services will no longer be available.}
[-[SimServiceContext sendRequest:reply:error:]:1982] ERROR : Unable to deliver request ({
    request = "notification_subscription";
    "set_path" = "/Users/coryparry/Library/Developer/CoreSimulator/Devices";
}) because we are not connected to CoreSimulatorService.
2026-10-07 19:57:39.526 xcodebuild[14180:599383] Error Domain=NSPOSIXErrorDomain Code=61 "Connection refused" UserInfo={NSLocalizedDescription=CoreSimulatorService connection became invalid.  Simulator services will no longer be available.}
2026-10-07 19:57:39.526 xcodebuild[14180:599382]  IDESimulatorAvailability: startObservingSimulatorUpdates() FAILED to register SimDeviceSet observer
2026-10-07 19:57:39.526 xcodebuild[14180:599383]  iOSSimulator: [SimServiceContext defaultDeviceSetWithError:] returned nil (Error Domain=NSPOSIXErrorDomain Code=61 "Connection refused" UserInfo={NSLocalizedFailureReason=Failed to subscribe to notifications from CoreSimulatorService., NSLocalizedDescription=Failed to initialize simulator device set., NSUnderlyingError=0x7667424990 {Error Domain=NSPOSIXErrorDomain Code=61 "Connection refused" UserInfo={NSLocalizedDescription=CoreSimulatorService connection became invalid.  Simulator services will no longer be available.}}}). Simulator device support disabled.
2026-10-07 19:57:39.527 xcodebuild[14180:599381] [MT] DVTAssertions: Warning in DVTFrameworks/DVTFoundation/FileTypes/DVTFileDataTypeDetection.m:80
Details:  detectedTypeIdentifier (com.apple.binary-property-list) does not conform to matchedTypeIdentifier in MagicFileDataTypeDetector extenson com.apple.property-list. When both are specified, this conformance is required unless overridden by setting allowNonInheritance. extension.identifier:Xcode.MagicFileDataTypeDetector.BinaryPlist
Object:   <DVTFileDataTypeDetectionMagicCache: 0x7667425470>
Method:   -initWithExtension:
Thread:   <_NSMainThread: 0x10361d6f0>{number = 1, name = main}
Please file a bug at https://feedbackassistant.apple.com with this warning message and any useful information you can provide.
2026-10-07 19:57:39.527 xcodebuild[14180:599381] [MT] DVTAssertions: Warning in DVTFrameworks/DVTFoundation/FileTypes/DVTFileDataTypeDetection.m:80
Details:  detectedTypeIdentifier (com.apple.xml-property-list) does not conform to matchedTypeIdentifier in MagicFileDataTypeDetector extenson com.apple.property-list. When both are specified, this conformance is required unless overridden by setting allowNonInheritance. extension.identifier:Xcode.MagicFileDataTypeDetector.XMLPlist
Object:   <DVTFileDataTypeDetectionMagicCache: 0x7667425470>
Method:   -initWithExtension:
Thread:   <_NSMainThread: 0x10361d6f0>{number = 1, name = main}
Please file a bug at https://feedbackassistant.apple.com with this warning message and any useful information you can provide.
2026-10-07 19:57:39.561 xcodebuild[14180:599398]  DVTProvisioningProfileManager: Failed to load profile "/Users/coryparry/Library/Developer/Xcode/UserData/Provisioning Profiles/ce3b401d-6460-4579-917d-f41cb85a4b99.mobileprovision" (Error Domain=DVTProvisioningProfileProviderErrorDomain Code=1 "Failed to load profile." UserInfo={NSLocalizedDescription=Failed to load profile., NSLocalizedRecoverySuggestion=Profile is missing the required UUID property.})
2026-10-07 19:57:39.562 xcodebuild[14180:599394]  DVTProvisioningProfileManager: Failed to load profile "/Users/coryparry/Library/Developer/Xcode/UserData/Provisioning Profiles/e8bce979-41a2-4025-bda3-6560bc6d37dc.mobileprovision" (Error Domain=DVTProvisioningProfileProviderErrorDomain Code=1 "Failed to load profile." UserInfo={NSLocalizedDescription=Failed to load profile., NSLocalizedRecoverySuggestion=Profile is missing the required UUID property.})
2026-10-07 19:57:39.562 xcodebuild[14180:599382]  DVTProvisioningProfileManager: Failed to load profile "/Users/coryparry/Library/Developer/Xcode/UserData/Provisioning Profiles/cc0f12a6-a539-4646-aee6-526a5837d59f.mobileprovision" (Error Domain=DVTProvisioningProfileProviderErrorDomain Code=1 "Failed to load profile." UserInfo={NSLocalizedDescription=Failed to load profile., NSLocalizedRecoverySuggestion=Profile is missing the required UUID property.})
2026-10-07 19:57:39.562 xcodebuild[14180:599407]  DVTProvisioningProfileManager: Failed to load profile "/Users/coryparry/Library/Developer/Xcode/UserData/Provisioning Profiles/2f71416c-9807-423a-a2e9-cea6e9548908.mobileprovision" (Error Domain=DVTProvisioningProfileProviderErrorDomain Code=1 "Failed to load profile." UserInfo={NSLocalizedDescription=Failed to load profile., NSLocalizedRecoverySuggestion=Profile is missing the required UUID property.})
2026-10-07 19:57:39.562 xcodebuild[14180:599405]  DVTProvisioningProfileManager: Failed to load profile "/Users/coryparry/Library/Developer/Xcode/UserData/Provisioning Profiles/00f988f1-b0d7-4528-be3d-40ee6c518cf4.mobileprovision" (Error Domain=DVTProvisioningProfileProviderErrorDomain Code=1 "Failed to load profile." UserInfo={NSLocalizedDescription=Failed to load profile., NSLocalizedRecoverySuggestion=Profile is missing the required UUID property.})
2026-10-07 19:57:39.562 xcodebuild[14180:599406]  DVTProvisioningProfileManager: Failed to load profile "/Users/coryparry/Library/Developer/Xcode/UserData/Provisioning Profiles/a6ceaa68-1823-461b-8200-dc0aa435fd4e.mobileprovision" (Error Domain=DVTProvisioningProfileProviderErrorDomain Code=1 "Failed to load profile." UserInfo={NSLocalizedDescription=Failed to load profile., NSLocalizedRecoverySuggestion=Profile is missing the required UUID property.})
2026-10-07 19:57:39.562 xcodebuild[14180:599395]  DVTProvisioningProfileManager: Failed to load profile "/Users/coryparry/Library/Developer/Xcode/UserData/Provisioning Profiles/07da202c-63b6-4c0d-8747-d44711433c53.mobileprovision" (Error Domain=DVTProvisioningProfileProviderErrorDomain Code=1 "Failed to load profile." UserInfo={NSLocalizedDescription=Failed to load profile., NSLocalizedRecoverySuggestion=Profile is missing the required UUID property.})
2026-10-07 19:57:39.563 xcodebuild[14180:599396]  DVTProvisioningProfileManager: Failed to load profile "/Users/coryparry/Library/Developer/Xcode/UserData/Provisioning Profiles/5edda297-63a6-40d0-ab3d-7ab1e3d8efbf.mobileprovision" (Error Domain=DVTProvisioningProfileProviderErrorDomain Code=1 "Failed to load profile." UserInfo={NSLocalizedDescription=Failed to load profile., NSLocalizedRecoverySuggestion=Profile is missing the required UUID property.})
2026-10-07 19:57:39.563 xcodebuild[14180:599393]  DVTProvisioningProfileManager: Failed to load profile "/Users/coryparry/Library/Developer/Xcode/UserData/Provisioning Profiles/0c3bd719-3421-4939-9847-fa26b82daa12.mobileprovision" (Error Domain=DVTProvisioningProfileProviderErrorDomain Code=1 "Failed to load profile." UserInfo={NSLocalizedDescription=Failed to load profile., NSLocalizedRecoverySuggestion=Profile is missing the required UUID property.})
2026-10-07 19:57:39.564 xcodebuild[14180:599383]  DVTProvisioningProfileManager: Failed to load profile "/Users/coryparry/Library/Developer/Xcode/UserData/Provisioning Profiles/c52cfcba-ea6e-4a76-9ea1-3138209e658a.mobileprovision" (Error Domain=DVTProvisioningProfileProviderErrorDomain Code=1 "Failed to load profile." UserInfo={NSLocalizedDescription=Failed to load profile., NSLocalizedRecoverySuggestion=Profile is missing the required UUID property.})
2026-10-07 19:57:39.564 xcodebuild[14180:599407]  DVTProvisioningProfileManager: Failed to load profile "/Users/coryparry/Library/Developer/Xcode/UserData/Provisioning Profiles/ccd83354-68aa-4a18-8dc8-863f36d7001e.mobileprovision" (Error Domain=DVTProvisioningProfileProviderErrorDomain Code=1 "Failed to load profile." UserInfo={NSLocalizedDescription=Failed to load profile., NSLocalizedRecoverySuggestion=Profile is missing the required UUID property.})
2026-10-07 19:57:39.564 xcodebuild[14180:599382]  DVTProvisioningProfileManager: Failed to load profile "/Users/coryparry/Library/Developer/Xcode/UserData/Provisioning Profiles/a12c5d25-117a-4841-92f2-c8ba8a3a29d2.mobileprovision" (Error Domain=DVTProvisioningProfileProviderErrorDomain Code=1 "Failed to load profile." UserInfo={NSLocalizedDescription=Failed to load profile., NSLocalizedRecoverySuggestion=Profile is missing the required UUID property.})
2026-10-07 19:57:39.564 xcodebuild[14180:599395]  DVTProvisioningProfileManager: Failed to load profile "/Users/coryparry/Library/Developer/Xcode/UserData/Provisioning Profiles/70382c9d-8ed9-472b-b5b1-fa424cd7bffb.mobileprovision" (Error Domain=DVTProvisioningProfileProviderErrorDomain Code=1 "Failed to load profile." UserInfo={NSLocalizedDescription=Failed to load profile., NSLocalizedRecoverySuggestion=Profile is missing the required UUID property.})
2026-10-07 19:57:39.565 xcodebuild[14180:599406]  DVTProvisioningProfileManager: Failed to load profile "/Users/coryparry/Library/Developer/Xcode/UserData/Provisioning Profiles/b80f73cf-c0d4-4fbb-ac59-1a0c5806c323.mobileprovision" (Error Domain=DVTProvisioningProfileProviderErrorDomain Code=1 "Failed to load profile." UserInfo={NSLocalizedDescription=Failed to load profile., NSLocalizedRecoverySuggestion=Profile is missing the required UUID property.})
Build Preparation
Build task concurrency set to 2 via user default IDEBuildOperationMaxNumberOfConcurrentCompileTasks

ComputePackagePrebuildTargetDependencyGraph

Prepare packages

CreateBuildRequest

SendProjectDescription

CreateBuildOperation

ComputeTargetDependencyGraph
note: Building targets in dependency order
note: Target dependency graph (2 targets)
    Target 'IntentsAutomationHost_f030f86ca51f' in project 'Subject'
        ➜ Explicit dependency on target 'Subject' in project 'Subject'
    Target 'Subject' in project 'Subject' (no dependencies)

GatherProvisioningInputs

CreateBuildDescription

ExecuteExternalTool /Applications/Xcode.app/Contents/Developer/Toolchains/XcodeDefault.xctoolchain/usr/bin/swiftc --version

ExecuteExternalTool /Applications/Xcode.app/Contents/Developer/Toolchains/XcodeDefault.xctoolchain/usr/bin/clang -v -E -dM -isysroot /Applications/Xcode.app/Contents/Developer/Platforms/MacOSX.platform/Developer/SDKs/MacOSX27.0.sdk -x c -c /dev/null

ExecuteExternalTool /Applications/Xcode.app/Contents/Developer/Toolchains/XcodeDefault.xctoolchain/usr/bin/ld -version_details

Build description signature: 4d93637a9eab03f0ba218dc4b93ea1c7
Build description path: /Users/coryparry/Developer/Projects/Intents/Tools/IntentsAutomation/.runtime/mac-host-preparation-1/mac-host-3DA00FE7-6651-4E61-97FE-85465F766501/DerivedData/Build/Intermediates.noindex/XCBuildData/4d93637a9eab03f0ba218dc4b93ea1c7.xcbuilddata
CreateBuildDirectory /Users/coryparry/Developer/Projects/Intents/Tools/IntentsAutomation/.runtime/mac-host-preparation-1/mac-host-3DA00FE7-6651-4E61-97FE-85465F766501/DerivedData/SDKExplicitPrecompiledModules
    cd /Users/coryparry/Developer/Projects/Intents/Tools/IntentsAutomation/.runtime/mac-host-preparation-1/mac-host-3DA00FE7-6651-4E61-97FE-85465F766501/session/source/Subject.xcodeproj
    builtin-create-build-directory /Users/coryparry/Developer/Projects/Intents/Tools/IntentsAutomation/.runtime/mac-host-preparation-1/mac-host-3DA00FE7-6651-4E61-97FE-85465F766501/DerivedData/SDKExplicitPrecompiledModules

CreateBuildDirectory /Users/coryparry/Developer/Projects/Intents/Tools/IntentsAutomation/.runtime/mac-host-preparation-1/mac-host-3DA00FE7-6651-4E61-97FE-85465F766501/DerivedData/ModuleCache.noindex
    cd /Users/coryparry/Developer/Projects/Intents/Tools/IntentsAutomation/.runtime/mac-host-preparation-1/mac-host-3DA00FE7-6651-4E61-97FE-85465F766501/session/source/Subject.xcodeproj
    builtin-create-build-directory /Users/coryparry/Developer/Projects/Intents/Tools/IntentsAutomation/.runtime/mac-host-preparation-1/mac-host-3DA00FE7-6651-4E61-97FE-85465F766501/DerivedData/ModuleCache.noindex

CreateBuildDirectory /Users/coryparry/Developer/Projects/Intents/Tools/IntentsAutomation/.runtime/mac-host-preparation-1/mac-host-3DA00FE7-6651-4E61-97FE-85465F766501/DerivedData/CompilationCache.noindex
    cd /Users/coryparry/Developer/Projects/Intents/Tools/IntentsAutomation/.runtime/mac-host-preparation-1/mac-host-3DA00FE7-6651-4E61-97FE-85465F766501/session/source/Subject.xcodeproj
    builtin-create-build-directory /Users/coryparry/Developer/Projects/Intents/Tools/IntentsAutomation/.runtime/mac-host-preparation-1/mac-host-3DA00FE7-6651-4E61-97FE-85465F766501/DerivedData/CompilationCache.noindex

CreateBuildDirectory /Users/coryparry/Developer/Projects/Intents/Tools/IntentsAutomation/.runtime/mac-host-preparation-1/mac-host-3DA00FE7-6651-4E61-97FE-85465F766501/DerivedData/Build/Products
    cd /Users/coryparry/Developer/Projects/Intents/Tools/IntentsAutomation/.runtime/mac-host-preparation-1/mac-host-3DA00FE7-6651-4E61-97FE-85465F766501/session/source/Subject.xcodeproj
    builtin-create-build-directory /Users/coryparry/Developer/Projects/Intents/Tools/IntentsAutomation/.runtime/mac-host-preparation-1/mac-host-3DA00FE7-6651-4E61-97FE-85465F766501/DerivedData/Build/Products

CreateBuildDirectory /Users/coryparry/Developer/Projects/Intents/Tools/IntentsAutomation/.runtime/mac-host-preparation-1/mac-host-3DA00FE7-6651-4E61-97FE-85465F766501/DerivedData/Build/Intermediates.noindex
    cd /Users/coryparry/Developer/Projects/Intents/Tools/IntentsAutomation/.runtime/mac-host-preparation-1/mac-host-3DA00FE7-6651-4E61-97FE-85465F766501/session/source/Subject.xcodeproj
    builtin-create-build-directory /Users/coryparry/Developer/Projects/Intents/Tools/IntentsAutomation/.runtime/mac-host-preparation-1/mac-host-3DA00FE7-6651-4E61-97FE-85465F766501/DerivedData/Build/Intermediates.noindex

ClangStatCache /Applications/Xcode.app/Contents/Developer/Toolchains/XcodeDefault.xctoolchain/usr/bin/clang-stat-cache /Applications/Xcode.app/Contents/Developer/Platforms/MacOSX.platform/Developer/SDKs/MacOSX27.0.sdk /Users/coryparry/Developer/Projects/Intents/Tools/IntentsAutomation/.runtime/mac-host-preparation-1/mac-host-3DA00FE7-6651-4E61-97FE-85465F766501/DerivedData/SDKStatCaches.noindex/macosx27.0-26A425-7231f6df4def33e022ae2eb8f782df1a.sdkstatcache
    cd /Users/coryparry/Developer/Projects/Intents/Tools/IntentsAutomation/.runtime/mac-host-preparation-1/mac-host-3DA00FE7-6651-4E61-97FE-85465F766501/session/source/Subject.xcodeproj
    /Applications/Xcode.app/Contents/Developer/Toolchains/XcodeDefault.xctoolchain/usr/bin/clang-stat-cache /Applications/Xcode.app/Contents/Developer/Platforms/MacOSX.platform/Developer/SDKs/MacOSX27.0.sdk -o /Users/coryparry/Developer/Projects/Intents/Tools/IntentsAutomation/.runtime/mac-host-preparation-1/mac-host-3DA00FE7-6651-4E61-97FE-85465F766501/DerivedData/SDKStatCaches.noindex/macosx27.0-26A425-7231f6df4def33e022ae2eb8f782df1a.sdkstatcache

CreateBuildDirectory /Users/coryparry/Developer/Projects/Intents/Tools/IntentsAutomation/.runtime/mac-host-preparation-1/mac-host-3DA00FE7-6651-4E61-97FE-85465F766501/DerivedData/Build/Products/Debug
    cd /Users/coryparry/Developer/Projects/Intents/Tools/IntentsAutomation/.runtime/mac-host-preparation-1/mac-host-3DA00FE7-6651-4E61-97FE-85465F766501/session/source/Subject.xcodeproj
    builtin-create-build-directory /Users/coryparry/Developer/Projects/Intents/Tools/IntentsAutomation/.runtime/mac-host-preparation-1/mac-host-3DA00FE7-6651-4E61-97FE-85465F766501/DerivedData/Build/Products/Debug

WriteAuxiliaryFile /Users/coryparry/Developer/Projects/Intents/Tools/IntentsAutomation/.runtime/mac-host-preparation-1/mac-host-3DA00FE7-6651-4E61-97FE-85465F766501/DerivedData/Build/Intermediates.noindex/Subject.build/Debug/Subject-7bd413a0546028326518ee063fe9597a-VFS/all-product-headers.yaml
    cd /Users/coryparry/Developer/Projects/Intents/Tools/IntentsAutomation/.runtime/mac-host-preparation-1/mac-host-3DA00FE7-6651-4E61-97FE-85465F766501/session/source/Subject.xcodeproj
    write-file /Users/coryparry/Developer/Projects/Intents/Tools/IntentsAutomation/.runtime/mac-host-preparation-1/mac-host-3DA00FE7-6651-4E61-97FE-85465F766501/DerivedData/Build/Intermediates.noindex/Subject.build/Debug/Subject-7bd413a0546028326518ee063fe9597a-VFS/all-product-headers.yaml

CreateBuildDirectory /Users/coryparry/Developer/Projects/Intents/Tools/IntentsAutomation/.runtime/mac-host-preparation-1/mac-host-3DA00FE7-6651-4E61-97FE-85465F766501/DerivedData/Build/Intermediates.noindex/SwiftExplicitPrecompiledModules
    cd /Users/coryparry/Developer/Projects/Intents/Tools/IntentsAutomation/.runtime/mac-host-preparation-1/mac-host-3DA00FE7-6651-4E61-97FE-85465F766501/session/source/Subject.xcodeproj
    builtin-create-build-directory /Users/coryparry/Developer/Projects/Intents/Tools/IntentsAutomation/.runtime/mac-host-preparation-1/mac-host-3DA00FE7-6651-4E61-97FE-85465F766501/DerivedData/Build/Intermediates.noindex/SwiftExplicitPrecompiledModules

CreateBuildDirectory /Users/coryparry/Developer/Projects/Intents/Tools/IntentsAutomation/.runtime/mac-host-preparation-1/mac-host-3DA00FE7-6651-4E61-97FE-85465F766501/DerivedData/Build/Intermediates.noindex/PrecompiledHeaders
    cd /Users/coryparry/Developer/Projects/Intents/Tools/IntentsAutomation/.runtime/mac-host-preparation-1/mac-host-3DA00FE7-6651-4E61-97FE-85465F766501/session/source/Subject.xcodeproj
    builtin-create-build-directory /Users/coryparry/Developer/Projects/Intents/Tools/IntentsAutomation/.runtime/mac-host-preparation-1/mac-host-3DA00FE7-6651-4E61-97FE-85465F766501/DerivedData/Build/Intermediates.noindex/PrecompiledHeaders

CreateBuildDirectory /Users/coryparry/Developer/Projects/Intents/Tools/IntentsAutomation/.runtime/mac-host-preparation-1/mac-host-3DA00FE7-6651-4E61-97FE-85465F766501/DerivedData/Build/Intermediates.noindex/ExplicitPrecompiledModules
    cd /Users/coryparry/Developer/Projects/Intents/Tools/IntentsAutomation/.runtime/mac-host-preparation-1/mac-host-3DA00FE7-6651-4E61-97FE-85465F766501/session/source/Subject.xcodeproj
    builtin-create-build-directory /Users/coryparry/Developer/Projects/Intents/Tools/IntentsAutomation/.runtime/mac-host-preparation-1/mac-host-3DA00FE7-6651-4E61-97FE-85465F766501/DerivedData/Build/Intermediates.noindex/ExplicitPrecompiledModules

CreateBuildDirectory /Users/coryparry/Developer/Projects/Intents/Tools/IntentsAutomation/.runtime/mac-host-preparation-1/mac-host-3DA00FE7-6651-4E61-97FE-85465F766501/DerivedData/Build/Intermediates.noindex/EagerLinkingTBDs/Debug
    cd /Users/coryparry/Developer/Projects/Intents/Tools/IntentsAutomation/.runtime/mac-host-preparation-1/mac-host-3DA00FE7-6651-4E61-97FE-85465F766501/session/source/Subject.xcodeproj
    builtin-create-build-directory /Users/coryparry/Developer/Projects/Intents/Tools/IntentsAutomation/.runtime/mac-host-preparation-1/mac-host-3DA00FE7-6651-4E61-97FE-85465F766501/DerivedData/Build/Intermediates.noindex/EagerLinkingTBDs/Debug

WriteAuxiliaryFile /Users/coryparry/Developer/Projects/Intents/Tools/IntentsAutomation/.runtime/mac-host-preparation-1/mac-host-3DA00FE7-6651-4E61-97FE-85465F766501/DerivedData/Build/Intermediates.noindex/Subject.build/Debug/Subject.build/empty-Subject.plist (in target 'Subject' from project 'Subject')
    cd /Users/coryparry/Developer/Projects/Intents/Tools/IntentsAutomation/.runtime/mac-host-preparation-1/mac-host-3DA00FE7-6651-4E61-97FE-85465F766501/session/source
    write-file /Users/coryparry/Developer/Projects/Intents/Tools/IntentsAutomation/.runtime/mac-host-preparation-1/mac-host-3DA00FE7-6651-4E61-97FE-85465F766501/DerivedData/Build/Intermediates.noindex/Subject.build/Debug/Subject.build/empty-Subject.plist

WriteAuxiliaryFile /Users/coryparry/Developer/Projects/Intents/Tools/IntentsAutomation/.runtime/mac-host-preparation-1/mac-host-3DA00FE7-6651-4E61-97FE-85465F766501/DerivedData/Build/Intermediates.noindex/Subject.build/Debug/Subject.build/Subject.hmap (in target 'Subject' from project 'Subject')
    cd /Users/coryparry/Developer/Projects/Intents/Tools/IntentsAutomation/.runtime/mac-host-preparation-1/mac-host-3DA00FE7-6651-4E61-97FE-85465F766501/session/source
    write-file /Users/coryparry/Developer/Projects/Intents/Tools/IntentsAutomation/.runtime/mac-host-preparation-1/mac-host-3DA00FE7-6651-4E61-97FE-85465F766501/DerivedData/Build/Intermediates.noindex/Subject.build/Debug/Subject.build/Subject.hmap

WriteAuxiliaryFile /Users/coryparry/Developer/Projects/Intents/Tools/IntentsAutomation/.runtime/mac-host-preparation-1/mac-host-3DA00FE7-6651-4E61-97FE-85465F766501/DerivedData/Build/Intermediates.noindex/Subject.build/Debug/Subject.build/Subject.DependencyStaticMetadataFileList (in target 'Subject' from project 'Subject')
    cd /Users/coryparry/Developer/Projects/Intents/Tools/IntentsAutomation/.runtime/mac-host-preparation-1/mac-host-3DA00FE7-6651-4E61-97FE-85465F766501/session/source
    write-file /Users/coryparry/Developer/Projects/Intents/Tools/IntentsAutomation/.runtime/mac-host-preparation-1/mac-host-3DA00FE7-6651-4E61-97FE-85465F766501/DerivedData/Build/Intermediates.noindex/Subject.build/Debug/Subject.build/Subject.DependencyStaticMetadataFileList

WriteAuxiliaryFile /Users/coryparry/Developer/Projects/Intents/Tools/IntentsAutomation/.runtime/mac-host-preparation-1/mac-host-3DA00FE7-6651-4E61-97FE-85465F766501/DerivedData/Build/Intermediates.noindex/Subject.build/Debug/Subject.build/Subject.DependencyMetadataFileList (in target 'Subject' from project 'Subject')
    cd /Users/coryparry/Developer/Projects/Intents/Tools/IntentsAutomation/.runtime/mac-host-preparation-1/mac-host-3DA00FE7-6651-4E61-97FE-85465F766501/session/source
    write-file /Users/coryparry/Developer/Projects/Intents/Tools/IntentsAutomation/.runtime/mac-host-preparation-1/mac-host-3DA00FE7-6651-4E61-97FE-85465F766501/DerivedData/Build/Intermediates.noindex/Subject.build/Debug/Subject.build/Subject.DependencyMetadataFileList

WriteAuxiliaryFile /Users/coryparry/Developer/Projects/Intents/Tools/IntentsAutomation/.runtime/mac-host-preparation-1/mac-host-3DA00FE7-6651-4E61-97FE-85465F766501/DerivedData/Build/Intermediates.noindex/Subject.build/Debug/Subject.build/Subject-project-headers.hmap (in target 'Subject' from project 'Subject')
    cd /Users/coryparry/Developer/Projects/Intents/Tools/IntentsAutomation/.runtime/mac-host-preparation-1/mac-host-3DA00FE7-6651-4E61-97FE-85465F766501/session/source
    write-file /Users/coryparry/Developer/Projects/Intents/Tools/IntentsAutomation/.runtime/mac-host-preparation-1/mac-host-3DA00FE7-6651-4E61-97FE-85465F766501/DerivedData/Build/Intermediates.noindex/Subject.build/Debug/Subject.build/Subject-project-headers.hmap

WriteAuxiliaryFile /Users/coryparry/Developer/Projects/Intents/Tools/IntentsAutomation/.runtime/mac-host-preparation-1/mac-host-3DA00FE7-6651-4E61-97FE-85465F766501/DerivedData/Build/Intermediates.noindex/Subject.build/Debug/Subject.build/Subject-own-target-headers.hmap (in target 'Subject' from project 'Subject')
    cd /Users/coryparry/Developer/Projects/Intents/Tools/IntentsAutomation/.runtime/mac-host-preparation-1/mac-host-3DA00FE7-6651-4E61-97FE-85465F766501/session/source
    write-file /Users/coryparry/Developer/Projects/Intents/Tools/IntentsAutomation/.runtime/mac-host-preparation-1/mac-host-3DA00FE7-6651-4E61-97FE-85465F766501/DerivedData/Build/Intermediates.noindex/Subject.build/Debug/Subject.build/Subject-own-target-headers.hmap

WriteAuxiliaryFile /Users/coryparry/Developer/Projects/Intents/Tools/IntentsAutomation/.runtime/mac-host-preparation-1/mac-host-3DA00FE7-6651-4E61-97FE-85465F766501/DerivedData/Build/Intermediates.noindex/Subject.build/Debug/Subject.build/Subject-generated-files.hmap (in target 'Subject' from project 'Subject')
    cd /Users/coryparry/Developer/Projects/Intents/Tools/IntentsAutomation/.runtime/mac-host-preparation-1/mac-host-3DA00FE7-6651-4E61-97FE-85465F766501/session/source
    write-file /Users/coryparry/Developer/Projects/Intents/Tools/IntentsAutomation/.runtime/mac-host-preparation-1/mac-host-3DA00FE7-6651-4E61-97FE-85465F766501/DerivedData/Build/Intermediates.noindex/Subject.build/Debug/Subject.build/Subject-generated-files.hmap

WriteAuxiliaryFile /Users/coryparry/Developer/Projects/Intents/Tools/IntentsAutomation/.runtime/mac-host-preparation-1/mac-host-3DA00FE7-6651-4E61-97FE-85465F766501/DerivedData/Build/Intermediates.noindex/Subject.build/Debug/Subject.build/Subject-all-target-headers.hmap (in target 'Subject' from project 'Subject')
    cd /Users/coryparry/Developer/Projects/Intents/Tools/IntentsAutomation/.runtime/mac-host-preparation-1/mac-host-3DA00FE7-6651-4E61-97FE-85465F766501/session/source
    write-file /Users/coryparry/Developer/Projects/Intents/Tools/IntentsAutomation/.runtime/mac-host-preparation-1/mac-host-3DA00FE7-6651-4E61-97FE-85465F766501/DerivedData/Build/Intermediates.noindex/Subject.build/Debug/Subject.build/Subject-all-target-headers.hmap

WriteAuxiliaryFile /Users/coryparry/Developer/Projects/Intents/Tools/IntentsAutomation/.runtime/mac-host-preparation-1/mac-host-3DA00FE7-6651-4E61-97FE-85465F766501/DerivedData/Build/Intermediates.noindex/Subject.build/Debug/Subject.build/Subject-all-non-framework-target-headers.hmap (in target 'Subject' from project 'Subject')
    cd /Users/coryparry/Developer/Projects/Intents/Tools/IntentsAutomation/.runtime/mac-host-preparation-1/mac-host-3DA00FE7-6651-4E61-97FE-85465F766501/session/source
    write-file /Users/coryparry/Developer/Projects/Intents/Tools/IntentsAutomation/.runtime/mac-host-preparation-1/mac-host-3DA00FE7-6651-4E61-97FE-85465F766501/DerivedData/Build/Intermediates.noindex/Subject.build/Debug/Subject.build/Subject-all-non-framework-target-headers.hmap

WriteAuxiliaryFile /Users/coryparry/Developer/Projects/Intents/Tools/IntentsAutomation/.runtime/mac-host-preparation-1/mac-host-3DA00FE7-6651-4E61-97FE-85465F766501/DerivedData/Build/Intermediates.noindex/Subject.build/Debug/Subject.build/Objects-normal/arm64/Subject_const_extract_protocols.json (in target 'Subject' from project 'Subject')
    cd /Users/coryparry/Developer/Projects/Intents/Tools/IntentsAutomation/.runtime/mac-host-preparation-1/mac-host-3DA00FE7-6651-4E61-97FE-85465F766501/session/source
    write-file /Users/coryparry/Developer/Projects/Intents/Tools/IntentsAutomation/.runtime/mac-host-preparation-1/mac-host-3DA00FE7-6651-4E61-97FE-85465F766501/DerivedData/Build/Intermediates.noindex/Subject.build/Debug/Subject.build/Objects-normal/arm64/Subject_const_extract_protocols.json

WriteAuxiliaryFile /Users/coryparry/Developer/Projects/Intents/Tools/IntentsAutomation/.runtime/mac-host-preparation-1/mac-host-3DA00FE7-6651-4E61-97FE-85465F766501/DerivedData/Build/Intermediates.noindex/Subject.build/Debug/Subject.build/Objects-normal/arm64/Subject.SwiftFileList (in target 'Subject' from project 'Subject')
    cd /Users/coryparry/Developer/Projects/Intents/Tools/IntentsAutomation/.runtime/mac-host-preparation-1/mac-host-3DA00FE7-6651-4E61-97FE-85465F766501/session/source
    write-file /Users/coryparry/Developer/Projects/Intents/Tools/IntentsAutomation/.runtime/mac-host-preparation-1/mac-host-3DA00FE7-6651-4E61-97FE-85465F766501/DerivedData/Build/Intermediates.noindex/Subject.build/Debug/Subject.build/Objects-normal/arm64/Subject.SwiftFileList

WriteAuxiliaryFile /Users/coryparry/Developer/Projects/Intents/Tools/IntentsAutomation/.runtime/mac-host-preparation-1/mac-host-3DA00FE7-6651-4E61-97FE-85465F766501/DerivedData/Build/Intermediates.noindex/Subject.build/Debug/Subject.build/Objects-normal/arm64/Subject.SwiftConstValuesFileList (in target 'Subject' from project 'Subject')
    cd /Users/coryparry/Developer/Projects/Intents/Tools/IntentsAutomation/.runtime/mac-host-preparation-1/mac-host-3DA00FE7-6651-4E61-97FE-85465F766501/session/source
    write-file /Users/coryparry/Developer/Projects/Intents/Tools/IntentsAutomation/.runtime/mac-host-preparation-1/mac-host-3DA00FE7-6651-4E61-97FE-85465F766501/DerivedData/Build/Intermediates.noindex/Subject.build/Debug/Subject.build/Objects-normal/arm64/Subject.SwiftConstValuesFileList

WriteAuxiliaryFile /Users/coryparry/Developer/Projects/Intents/Tools/IntentsAutomation/.runtime/mac-host-preparation-1/mac-host-3DA00FE7-6651-4E61-97FE-85465F766501/DerivedData/Build/Intermediates.noindex/Subject.build/Debug/Subject.build/Objects-normal/arm64/Subject.LinkFileList (in target 'Subject' from project 'Subject')
    cd /Users/coryparry/Developer/Projects/Intents/Tools/IntentsAutomation/.runtime/mac-host-preparation-1/mac-host-3DA00FE7-6651-4E61-97FE-85465F766501/session/source
    write-file /Users/coryparry/Developer/Projects/Intents/Tools/IntentsAutomation/.runtime/mac-host-preparation-1/mac-host-3DA00FE7-6651-4E61-97FE-85465F766501/DerivedData/Build/Intermediates.noindex/Subject.build/Debug/Subject.build/Objects-normal/arm64/Subject.LinkFileList

WriteAuxiliaryFile /Users/coryparry/Developer/Projects/Intents/Tools/IntentsAutomation/.runtime/mac-host-preparation-1/mac-host-3DA00FE7-6651-4E61-97FE-85465F766501/DerivedData/Build/Intermediates.noindex/Subject.build/Debug/Subject.build/Objects-normal/arm64/Subject-OutputFileMap.json (in target 'Subject' from project 'Subject')
    cd /Users/coryparry/Developer/Projects/Intents/Tools/IntentsAutomation/.runtime/mac-host-preparation-1/mac-host-3DA00FE7-6651-4E61-97FE-85465F766501/session/source
    write-file /Users/coryparry/Developer/Projects/Intents/Tools/IntentsAutomation/.runtime/mac-host-preparation-1/mac-host-3DA00FE7-6651-4E61-97FE-85465F766501/DerivedData/Build/Intermediates.noindex/Subject.build/Debug/Subject.build/Objects-normal/arm64/Subject-OutputFileMap.json

MkDir /Users/coryparry/Developer/Projects/Intents/Tools/IntentsAutomation/.runtime/mac-host-preparation-1/mac-host-3DA00FE7-6651-4E61-97FE-85465F766501/DerivedData/Build/Products/Debug/Subject.app/Contents/MacOS (in target 'Subject' from project 'Subject')
    cd /Users/coryparry/Developer/Projects/Intents/Tools/IntentsAutomation/.runtime/mac-host-preparation-1/mac-host-3DA00FE7-6651-4E61-97FE-85465F766501/session/source
    /bin/mkdir -p /Users/coryparry/Developer/Projects/Intents/Tools/IntentsAutomation/.runtime/mac-host-preparation-1/mac-host-3DA00FE7-6651-4E61-97FE-85465F766501/DerivedData/Build/Products/Debug/Subject.app/Contents/MacOS

MkDir /Users/coryparry/Developer/Projects/Intents/Tools/IntentsAutomation/.runtime/mac-host-preparation-1/mac-host-3DA00FE7-6651-4E61-97FE-85465F766501/DerivedData/Build/Products/Debug/Subject.app/Contents (in target 'Subject' from project 'Subject')
    cd /Users/coryparry/Developer/Projects/Intents/Tools/IntentsAutomation/.runtime/mac-host-preparation-1/mac-host-3DA00FE7-6651-4E61-97FE-85465F766501/session/source
    /bin/mkdir -p /Users/coryparry/Developer/Projects/Intents/Tools/IntentsAutomation/.runtime/mac-host-preparation-1/mac-host-3DA00FE7-6651-4E61-97FE-85465F766501/DerivedData/Build/Products/Debug/Subject.app/Contents

MkDir /Users/coryparry/Developer/Projects/Intents/Tools/IntentsAutomation/.runtime/mac-host-preparation-1/mac-host-3DA00FE7-6651-4E61-97FE-85465F766501/DerivedData/Build/Products/Debug/Subject.app (in target 'Subject' from project 'Subject')
    cd /Users/coryparry/Developer/Projects/Intents/Tools/IntentsAutomation/.runtime/mac-host-preparation-1/mac-host-3DA00FE7-6651-4E61-97FE-85465F766501/session/source
    /bin/mkdir -p /Users/coryparry/Developer/Projects/Intents/Tools/IntentsAutomation/.runtime/mac-host-preparation-1/mac-host-3DA00FE7-6651-4E61-97FE-85465F766501/DerivedData/Build/Products/Debug/Subject.app

WriteAuxiliaryFile /Users/coryparry/Developer/Projects/Intents/Tools/IntentsAutomation/.runtime/mac-host-preparation-1/mac-host-3DA00FE7-6651-4E61-97FE-85465F766501/DerivedData/Build/Intermediates.noindex/Subject.build/Debug/IntentsAutomationHost_f030f86ca51f.build/empty-IntentsAutomationHost_f030f86ca51f.plist (in target 'IntentsAutomationHost_f030f86ca51f' from project 'Subject')
    cd /Users/coryparry/Developer/Projects/Intents/Tools/IntentsAutomation/.runtime/mac-host-preparation-1/mac-host-3DA00FE7-6651-4E61-97FE-85465F766501/session/source
    write-file /Users/coryparry/Developer/Projects/Intents/Tools/IntentsAutomation/.runtime/mac-host-preparation-1/mac-host-3DA00FE7-6651-4E61-97FE-85465F766501/DerivedData/Build/Intermediates.noindex/Subject.build/Debug/IntentsAutomationHost_f030f86ca51f.build/empty-IntentsAutomationHost_f030f86ca51f.plist

WriteAuxiliaryFile /Users/coryparry/Developer/Projects/Intents/Tools/IntentsAutomation/.runtime/mac-host-preparation-1/mac-host-3DA00FE7-6651-4E61-97FE-85465F766501/DerivedData/Build/Intermediates.noindex/Subject.build/Debug/IntentsAutomationHost_f030f86ca51f.build/ProductTypeInfoPlistAdditions.plist (in target 'IntentsAutomationHost_f030f86ca51f' from project 'Subject')
    cd /Users/coryparry/Developer/Projects/Intents/Tools/IntentsAutomation/.runtime/mac-host-preparation-1/mac-host-3DA00FE7-6651-4E61-97FE-85465F766501/session/source
    write-file /Users/coryparry/Developer/Projects/Intents/Tools/IntentsAutomation/.runtime/mac-host-preparation-1/mac-host-3DA00FE7-6651-4E61-97FE-85465F766501/DerivedData/Build/Intermediates.noindex/Subject.build/Debug/IntentsAutomationHost_f030f86ca51f.build/ProductTypeInfoPlistAdditions.plist

WriteAuxiliaryFile /Users/coryparry/Developer/Projects/Intents/Tools/IntentsAutomation/.runtime/mac-host-preparation-1/mac-host-3DA00FE7-6651-4E61-97FE-85465F766501/DerivedData/Build/Intermediates.noindex/Subject.build/Debug/IntentsAutomationHost_f030f86ca51f.build/Objects-normal/arm64/IntentsAutomationHost_f030f86ca51f_const_extract_protocols.json (in target 'IntentsAutomationHost_f030f86ca51f' from project 'Subject')
    cd /Users/coryparry/Developer/Projects/Intents/Tools/IntentsAutomation/.runtime/mac-host-preparation-1/mac-host-3DA00FE7-6651-4E61-97FE-85465F766501/session/source
    write-file /Users/coryparry/Developer/Projects/Intents/Tools/IntentsAutomation/.runtime/mac-host-preparation-1/mac-host-3DA00FE7-6651-4E61-97FE-85465F766501/DerivedData/Build/Intermediates.noindex/Subject.build/Debug/IntentsAutomationHost_f030f86ca51f.build/Objects-normal/arm64/IntentsAutomationHost_f030f86ca51f_const_extract_protocols.json

WriteAuxiliaryFile /Users/coryparry/Developer/Projects/Intents/Tools/IntentsAutomation/.runtime/mac-host-preparation-1/mac-host-3DA00FE7-6651-4E61-97FE-85465F766501/DerivedData/Build/Intermediates.noindex/Subject.build/Debug/IntentsAutomationHost_f030f86ca51f.build/Objects-normal/arm64/IntentsAutomationHost_f030f86ca51f.SwiftFileList (in target 'IntentsAutomationHost_f030f86ca51f' from project 'Subject')
    cd /Users/coryparry/Developer/Projects/Intents/Tools/IntentsAutomation/.runtime/mac-host-preparation-1/mac-host-3DA00FE7-6651-4E61-97FE-85465F766501/session/source
    write-file /Users/coryparry/Developer/Projects/Intents/Tools/IntentsAutomation/.runtime/mac-host-preparation-1/mac-host-3DA00FE7-6651-4E61-97FE-85465F766501/DerivedData/Build/Intermediates.noindex/Subject.build/Debug/IntentsAutomationHost_f030f86ca51f.build/Objects-normal/arm64/IntentsAutomationHost_f030f86ca51f.SwiftFileList

WriteAuxiliaryFile /Users/coryparry/Developer/Projects/Intents/Tools/IntentsAutomation/.runtime/mac-host-preparation-1/mac-host-3DA00FE7-6651-4E61-97FE-85465F766501/DerivedData/Build/Intermediates.noindex/Subject.build/Debug/IntentsAutomationHost_f030f86ca51f.build/Objects-normal/arm64/IntentsAutomationHost_f030f86ca51f.SwiftConstValuesFileList (in target 'IntentsAutomationHost_f030f86ca51f' from project 'Subject')
    cd /Users/coryparry/Developer/Projects/Intents/Tools/IntentsAutomation/.runtime/mac-host-preparation-1/mac-host-3DA00FE7-6651-4E61-97FE-85465F766501/session/source
    write-file /Users/coryparry/Developer/Projects/Intents/Tools/IntentsAutomation/.runtime/mac-host-preparation-1/mac-host-3DA00FE7-6651-4E61-97FE-85465F766501/DerivedData/Build/Intermediates.noindex/Subject.build/Debug/IntentsAutomationHost_f030f86ca51f.build/Objects-normal/arm64/IntentsAutomationHost_f030f86ca51f.SwiftConstValuesFileList

WriteAuxiliaryFile /Users/coryparry/Developer/Projects/Intents/Tools/IntentsAutomation/.runtime/mac-host-preparation-1/mac-host-3DA00FE7-6651-4E61-97FE-85465F766501/DerivedData/Build/Intermediates.noindex/Subject.build/Debug/IntentsAutomationHost_f030f86ca51f.build/Objects-normal/arm64/IntentsAutomationHost_f030f86ca51f.LinkFileList (in target 'IntentsAutomationHost_f030f86ca51f' from project 'Subject')
    cd /Users/coryparry/Developer/Projects/Intents/Tools/IntentsAutomation/.runtime/mac-host-preparation-1/mac-host-3DA00FE7-6651-4E61-97FE-85465F766501/session/source
    write-file /Users/coryparry/Developer/Projects/Intents/Tools/IntentsAutomation/.runtime/mac-host-preparation-1/mac-host-3DA00FE7-6651-4E61-97FE-85465F766501/DerivedData/Build/Intermediates.noindex/Subject.build/Debug/IntentsAutomationHost_f030f86ca51f.build/Objects-normal/arm64/IntentsAutomationHost_f030f86ca51f.LinkFileList

WriteAuxiliaryFile /Users/coryparry/Developer/Projects/Intents/Tools/IntentsAutomation/.runtime/mac-host-preparation-1/mac-host-3DA00FE7-6651-4E61-97FE-85465F766501/DerivedData/Build/Intermediates.noindex/Subject.build/Debug/IntentsAutomationHost_f030f86ca51f.build/Objects-normal/arm64/IntentsAutomationHost_f030f86ca51f-OutputFileMap.json (in target 'IntentsAutomationHost_f030f86ca51f' from project 'Subject')
    cd /Users/coryparry/Developer/Projects/Intents/Tools/IntentsAutomation/.runtime/mac-host-preparation-1/mac-host-3DA00FE7-6651-4E61-97FE-85465F766501/session/source
    write-file /Users/coryparry/Developer/Projects/Intents/Tools/IntentsAutomation/.runtime/mac-host-preparation-1/mac-host-3DA00FE7-6651-4E61-97FE-85465F766501/DerivedData/Build/Intermediates.noindex/Subject.build/Debug/IntentsAutomationHost_f030f86ca51f.build/Objects-normal/arm64/IntentsAutomationHost_f030f86ca51f-OutputFileMap.json

WriteAuxiliaryFile /Users/coryparry/Developer/Projects/Intents/Tools/IntentsAutomation/.runtime/mac-host-preparation-1/mac-host-3DA00FE7-6651-4E61-97FE-85465F766501/DerivedData/Build/Intermediates.noindex/Subject.build/Debug/IntentsAutomationHost_f030f86ca51f.build/IntentsAutomationHost_f030f86ca51f.hmap (in target 'IntentsAutomationHost_f030f86ca51f' from project 'Subject')
    cd /Users/coryparry/Developer/Projects/Intents/Tools/IntentsAutomation/.runtime/mac-host-preparation-1/mac-host-3DA00FE7-6651-4E61-97FE-85465F766501/session/source
    write-file /Users/coryparry/Developer/Projects/Intents/Tools/IntentsAutomation/.runtime/mac-host-preparation-1/mac-host-3DA00FE7-6651-4E61-97FE-85465F766501/DerivedData/Build/Intermediates.noindex/Subject.build/Debug/IntentsAutomationHost_f030f86ca51f.build/IntentsAutomationHost_f030f86ca51f.hmap

WriteAuxiliaryFile /Users/coryparry/Developer/Projects/Intents/Tools/IntentsAutomation/.runtime/mac-host-preparation-1/mac-host-3DA00FE7-6651-4E61-97FE-85465F766501/DerivedData/Build/Intermediates.noindex/Subject.build/Debug/IntentsAutomationHost_f030f86ca51f.build/IntentsAutomationHost_f030f86ca51f.DependencyStaticMetadataFileList (in target 'IntentsAutomationHost_f030f86ca51f' from project 'Subject')
    cd /Users/coryparry/Developer/Projects/Intents/Tools/IntentsAutomation/.runtime/mac-host-preparation-1/mac-host-3DA00FE7-6651-4E61-97FE-85465F766501/session/source
    write-file /Users/coryparry/Developer/Projects/Intents/Tools/IntentsAutomation/.runtime/mac-host-preparation-1/mac-host-3DA00FE7-6651-4E61-97FE-85465F766501/DerivedData/Build/Intermediates.noindex/Subject.build/Debug/IntentsAutomationHost_f030f86ca51f.build/IntentsAutomationHost_f030f86ca51f.DependencyStaticMetadataFileList

WriteAuxiliaryFile /Users/coryparry/Developer/Projects/Intents/Tools/IntentsAutomation/.runtime/mac-host-preparation-1/mac-host-3DA00FE7-6651-4E61-97FE-85465F766501/DerivedData/Build/Intermediates.noindex/Subject.build/Debug/IntentsAutomationHost_f030f86ca51f.build/IntentsAutomationHost_f030f86ca51f.DependencyMetadataFileList (in target 'IntentsAutomationHost_f030f86ca51f' from project 'Subject')
    cd /Users/coryparry/Developer/Projects/Intents/Tools/IntentsAutomation/.runtime/mac-host-preparation-1/mac-host-3DA00FE7-6651-4E61-97FE-85465F766501/session/source
    write-file /Users/coryparry/Developer/Projects/Intents/Tools/IntentsAutomation/.runtime/mac-host-preparation-1/mac-host-3DA00FE7-6651-4E61-97FE-85465F766501/DerivedData/Build/Intermediates.noindex/Subject.build/Debug/IntentsAutomationHost_f030f86ca51f.build/IntentsAutomationHost_f030f86ca51f.DependencyMetadataFileList

WriteAuxiliaryFile /Users/coryparry/Developer/Projects/Intents/Tools/IntentsAutomation/.runtime/mac-host-preparation-1/mac-host-3DA00FE7-6651-4E61-97FE-85465F766501/DerivedData/Build/Intermediates.noindex/Subject.build/Debug/IntentsAutomationHost_f030f86ca51f.build/IntentsAutomationHost_f030f86ca51f-project-headers.hmap (in target 'IntentsAutomationHost_f030f86ca51f' from project 'Subject')
    cd /Users/coryparry/Developer/Projects/Intents/Tools/IntentsAutomation/.runtime/mac-host-preparation-1/mac-host-3DA00FE7-6651-4E61-97FE-85465F766501/session/source
    write-file /Users/coryparry/Developer/Projects/Intents/Tools/IntentsAutomation/.runtime/mac-host-preparation-1/mac-host-3DA00FE7-6651-4E61-97FE-85465F766501/DerivedData/Build/Intermediates.noindex/Subject.build/Debug/IntentsAutomationHost_f030f86ca51f.build/IntentsAutomationHost_f030f86ca51f-project-headers.hmap

WriteAuxiliaryFile /Users/coryparry/Developer/Projects/Intents/Tools/IntentsAutomation/.runtime/mac-host-preparation-1/mac-host-3DA00FE7-6651-4E61-97FE-85465F766501/DerivedData/Build/Intermediates.noindex/Subject.build/Debug/IntentsAutomationHost_f030f86ca51f.build/IntentsAutomationHost_f030f86ca51f-own-target-headers.hmap (in target 'IntentsAutomationHost_f030f86ca51f' from project 'Subject')
    cd /Users/coryparry/Developer/Projects/Intents/Tools/IntentsAutomation/.runtime/mac-host-preparation-1/mac-host-3DA00FE7-6651-4E61-97FE-85465F766501/session/source
    write-file /Users/coryparry/Developer/Projects/Intents/Tools/IntentsAutomation/.runtime/mac-host-preparation-1/mac-host-3DA00FE7-6651-4E61-97FE-85465F766501/DerivedData/Build/Intermediates.noindex/Subject.build/Debug/IntentsAutomationHost_f030f86ca51f.build/IntentsAutomationHost_f030f86ca51f-own-target-headers.hmap

WriteAuxiliaryFile /Users/coryparry/Developer/Projects/Intents/Tools/IntentsAutomation/.runtime/mac-host-preparation-1/mac-host-3DA00FE7-6651-4E61-97FE-85465F766501/DerivedData/Build/Intermediates.noindex/Subject.build/Debug/IntentsAutomationHost_f030f86ca51f.build/IntentsAutomationHost_f030f86ca51f-generated-files.hmap (in target 'IntentsAutomationHost_f030f86ca51f' from project 'Subject')
    cd /Users/coryparry/Developer/Projects/Intents/Tools/IntentsAutomation/.runtime/mac-host-preparation-1/mac-host-3DA00FE7-6651-4E61-97FE-85465F766501/session/source
    write-file /Users/coryparry/Developer/Projects/Intents/Tools/IntentsAutomation/.runtime/mac-host-preparation-1/mac-host-3DA00FE7-6651-4E61-97FE-85465F766501/DerivedData/Build/Intermediates.noindex/Subject.build/Debug/IntentsAutomationHost_f030f86ca51f.build/IntentsAutomationHost_f030f86ca51f-generated-files.hmap

WriteAuxiliaryFile /Users/coryparry/Developer/Projects/Intents/Tools/IntentsAutomation/.runtime/mac-host-preparation-1/mac-host-3DA00FE7-6651-4E61-97FE-85465F766501/DerivedData/Build/Intermediates.noindex/Subject.build/Debug/IntentsAutomationHost_f030f86ca51f.build/IntentsAutomationHost_f030f86ca51f-all-target-headers.hmap (in target 'IntentsAutomationHost_f030f86ca51f' from project 'Subject')
    cd /Users/coryparry/Developer/Projects/Intents/Tools/IntentsAutomation/.runtime/mac-host-preparation-1/mac-host-3DA00FE7-6651-4E61-97FE-85465F766501/session/source
    write-file /Users/coryparry/Developer/Projects/Intents/Tools/IntentsAutomation/.runtime/mac-host-preparation-1/mac-host-3DA00FE7-6651-4E61-97FE-85465F766501/DerivedData/Build/Intermediates.noindex/Subject.build/Debug/IntentsAutomationHost_f030f86ca51f.build/IntentsAutomationHost_f030f86ca51f-all-target-headers.hmap

WriteAuxiliaryFile /Users/coryparry/Developer/Projects/Intents/Tools/IntentsAutomation/.runtime/mac-host-preparation-1/mac-host-3DA00FE7-6651-4E61-97FE-85465F766501/DerivedData/Build/Intermediates.noindex/Subject.build/Debug/IntentsAutomationHost_f030f86ca51f.build/IntentsAutomationHost_f030f86ca51f-all-non-framework-target-headers.hmap (in target 'IntentsAutomationHost_f030f86ca51f' from project 'Subject')
    cd /Users/coryparry/Developer/Projects/Intents/Tools/IntentsAutomation/.runtime/mac-host-preparation-1/mac-host-3DA00FE7-6651-4E61-97FE-85465F766501/session/source
    write-file /Users/coryparry/Developer/Projects/Intents/Tools/IntentsAutomation/.runtime/mac-host-preparation-1/mac-host-3DA00FE7-6651-4E61-97FE-85465F766501/DerivedData/Build/Intermediates.noindex/Subject.build/Debug/IntentsAutomationHost_f030f86ca51f.build/IntentsAutomationHost_f030f86ca51f-all-non-framework-target-headers.hmap

MkDir /Users/coryparry/Developer/Projects/Intents/Tools/IntentsAutomation/.runtime/mac-host-preparation-1/mac-host-3DA00FE7-6651-4E61-97FE-85465F766501/DerivedData/Build/Products/Debug/IntentsAutomationHost_f030f86ca51f-Runner.app/Contents/PlugIns/IntentsAutomationHost_f030f86ca51f.xctest/Contents/MacOS (in target 'IntentsAutomationHost_f030f86ca51f' from project 'Subject')
    cd /Users/coryparry/Developer/Projects/Intents/Tools/IntentsAutomation/.runtime/mac-host-preparation-1/mac-host-3DA00FE7-6651-4E61-97FE-85465F766501/session/source
    /bin/mkdir -p /Users/coryparry/Developer/Projects/Intents/Tools/IntentsAutomation/.runtime/mac-host-preparation-1/mac-host-3DA00FE7-6651-4E61-97FE-85465F766501/DerivedData/Build/Products/Debug/IntentsAutomationHost_f030f86ca51f-Runner.app/Contents/PlugIns/IntentsAutomationHost_f030f86ca51f.xctest/Contents/MacOS

MkDir /Users/coryparry/Developer/Projects/Intents/Tools/IntentsAutomation/.runtime/mac-host-preparation-1/mac-host-3DA00FE7-6651-4E61-97FE-85465F766501/DerivedData/Build/Products/Debug/IntentsAutomationHost_f030f86ca51f-Runner.app/Contents/PlugIns/IntentsAutomationHost_f030f86ca51f.xctest/Contents (in target 'IntentsAutomationHost_f030f86ca51f' from project 'Subject')
    cd /Users/coryparry/Developer/Projects/Intents/Tools/IntentsAutomation/.runtime/mac-host-preparation-1/mac-host-3DA00FE7-6651-4E61-97FE-85465F766501/session/source
    /bin/mkdir -p /Users/coryparry/Developer/Projects/Intents/Tools/IntentsAutomation/.runtime/mac-host-preparation-1/mac-host-3DA00FE7-6651-4E61-97FE-85465F766501/DerivedData/Build/Products/Debug/IntentsAutomationHost_f030f86ca51f-Runner.app/Contents/PlugIns/IntentsAutomationHost_f030f86ca51f.xctest/Contents

MkDir /Users/coryparry/Developer/Projects/Intents/Tools/IntentsAutomation/.runtime/mac-host-preparation-1/mac-host-3DA00FE7-6651-4E61-97FE-85465F766501/DerivedData/Build/Products/Debug/IntentsAutomationHost_f030f86ca51f-Runner.app/Contents/PlugIns/IntentsAutomationHost_f030f86ca51f.xctest (in target 'IntentsAutomationHost_f030f86ca51f' from project 'Subject')
    cd /Users/coryparry/Developer/Projects/Intents/Tools/IntentsAutomation/.runtime/mac-host-preparation-1/mac-host-3DA00FE7-6651-4E61-97FE-85465F766501/session/source
    /bin/mkdir -p /Users/coryparry/Developer/Projects/Intents/Tools/IntentsAutomation/.runtime/mac-host-preparation-1/mac-host-3DA00FE7-6651-4E61-97FE-85465F766501/DerivedData/Build/Products/Debug/IntentsAutomationHost_f030f86ca51f-Runner.app/Contents/PlugIns/IntentsAutomationHost_f030f86ca51f.xctest

ProcessInfoPlistFile /Users/coryparry/Developer/Projects/Intents/Tools/IntentsAutomation/.runtime/mac-host-preparation-1/mac-host-3DA00FE7-6651-4E61-97FE-85465F766501/DerivedData/Build/Products/Debug/Subject.app/Contents/Info.plist /Users/coryparry/Developer/Projects/Intents/Tools/IntentsAutomation/.runtime/mac-host-preparation-1/mac-host-3DA00FE7-6651-4E61-97FE-85465F766501/DerivedData/Build/Intermediates.noindex/Subject.build/Debug/Subject.build/empty-Subject.plist (in target 'Subject' from project 'Subject')
    cd /Users/coryparry/Developer/Projects/Intents/Tools/IntentsAutomation/.runtime/mac-host-preparation-1/mac-host-3DA00FE7-6651-4E61-97FE-85465F766501/session/source
    builtin-infoPlistUtility /Users/coryparry/Developer/Projects/Intents/Tools/IntentsAutomation/.runtime/mac-host-preparation-1/mac-host-3DA00FE7-6651-4E61-97FE-85465F766501/DerivedData/Build/Intermediates.noindex/Subject.build/Debug/Subject.build/empty-Subject.plist -producttype com.apple.product-type.application -genpkginfo /Users/coryparry/Developer/Projects/Intents/Tools/IntentsAutomation/.runtime/mac-host-preparation-1/mac-host-3DA00FE7-6651-4E61-97FE-85465F766501/DerivedData/Build/Products/Debug/Subject.app/Contents/PkgInfo -expandbuildsettings -platform macosx -o /Users/coryparry/Developer/Projects/Intents/Tools/IntentsAutomation/.runtime/mac-host-preparation-1/mac-host-3DA00FE7-6651-4E61-97FE-85465F766501/DerivedData/Build/Products/Debug/Subject.app/Contents/Info.plist

SwiftDriver Subject normal arm64 com.apple.xcode.tools.swift.compiler (in target 'Subject' from project 'Subject')
    cd /Users/coryparry/Developer/Projects/Intents/Tools/IntentsAutomation/.runtime/mac-host-preparation-1/mac-host-3DA00FE7-6651-4E61-97FE-85465F766501/session/source
    builtin-SwiftDriver -- /Applications/Xcode.app/Contents/Developer/Toolchains/XcodeDefault.xctoolchain/usr/bin/swiftc -module-name Subject -O @/Users/coryparry/Developer/Projects/Intents/Tools/IntentsAutomation/.runtime/mac-host-preparation-1/mac-host-3DA00FE7-6651-4E61-97FE-85465F766501/DerivedData/Build/Intermediates.noindex/Subject.build/Debug/Subject.build/Objects-normal/arm64/Subject.SwiftFileList -enable-experimental-feature DebugDescriptionMacro -sdk /Applications/Xcode.app/Contents/Developer/Platforms/MacOSX.platform/Developer/SDKs/MacOSX27.0.sdk -target arm64-apple-macos27.0 -g -module-cache-path /Users/coryparry/Developer/Projects/Intents/Tools/IntentsAutomation/.runtime/mac-host-preparation-1/mac-host-3DA00FE7-6651-4E61-97FE-85465F766501/DerivedData/ModuleCache.noindex -Xfrontend -serialize-debugging-options -swift-version 6 -I /Users/coryparry/Developer/Projects/Intents/Tools/IntentsAutomation/.runtime/mac-host-preparation-1/mac-host-3DA00FE7-6651-4E61-97FE-85465F766501/DerivedData/Build/Products/Debug -F /Users/coryparry/Developer/Projects/Intents/Tools/IntentsAutomation/.runtime/mac-host-preparation-1/mac-host-3DA00FE7-6651-4E61-97FE-85465F766501/DerivedData/Build/Products/Debug -parse-as-library -c -j10 -enable-batch-mode -incremental -Xcc -ivfsstatcache -Xcc /Users/coryparry/Developer/Projects/Intents/Tools/IntentsAutomation/.runtime/mac-host-preparation-1/mac-host-3DA00FE7-6651-4E61-97FE-85465F766501/DerivedData/SDKStatCaches.noindex/macosx27.0-26A425-7231f6df4def33e022ae2eb8f782df1a.sdkstatcache -output-file-map /Users/coryparry/Developer/Projects/Intents/Tools/IntentsAutomation/.runtime/mac-host-preparation-1/mac-host-3DA00FE7-6651-4E61-97FE-85465F766501/DerivedData/Build/Intermediates.noindex/Subject.build/Debug/Subject.build/Objects-normal/arm64/Subject-OutputFileMap.json -save-temps -no-color-diagnostics -explicit-module-build -module-cache-path /Users/coryparry/Developer/Projects/Intents/Tools/IntentsAutomation/.runtime/mac-host-preparation-1/mac-host-3DA00FE7-6651-4E61-97FE-85465F766501/DerivedData/Build/Intermediates.noindex/SwiftExplicitPrecompiledModules -clang-scanner-module-cache-path /Users/coryparry/Developer/Projects/Intents/Tools/IntentsAutomation/.runtime/mac-host-preparation-1/mac-host-3DA00FE7-6651-4E61-97FE-85465F766501/DerivedData/ModuleCache.noindex -sdk-module-cache-path /Users/coryparry/Developer/Projects/Intents/Tools/IntentsAutomation/.runtime/mac-host-preparation-1/mac-host-3DA00FE7-6651-4E61-97FE-85465F766501/DerivedData/SDKExplicitPrecompiledModules -emit-dependencies -emit-module -emit-module-path /Users/coryparry/Developer/Projects/Intents/Tools/IntentsAutomation/.runtime/mac-host-preparation-1/mac-host-3DA00FE7-6651-4E61-97FE-85465F766501/DerivedData/Build/Intermediates.noindex/Subject.build/Debug/Subject.build/Objects-normal/arm64/Subject.swiftmodule -serialize-diagnostics -dependency-scan-serialize-diagnostics-path /Users/coryparry/Developer/Projects/Intents/Tools/IntentsAutomation/.runtime/mac-host-preparation-1/mac-host-3DA00FE7-6651-4E61-97FE-85465F766501/DerivedData/Build/Intermediates.noindex/Subject.build/Debug/Subject.build/Objects-normal/arm64/Subject-dependency-scan.dia -validate-clang-modules-once -clang-build-session-file /Users/coryparry/Developer/Projects/Intents/Tools/IntentsAutomation/.runtime/mac-host-preparation-1/mac-host-3DA00FE7-6651-4E61-97FE-85465F766501/DerivedData/ModuleCache.noindex/Session.modulevalidation -Xcc -fmodules-prune-interval\=86400 -Xcc -fmodules-prune-after\=345600 -emit-const-values -const-gather-protocols-list /Users/coryparry/Developer/Projects/Intents/Tools/IntentsAutomation/.runtime/mac-host-preparation-1/mac-host-3DA00FE7-6651-4E61-97FE-85465F766501/DerivedData/Build/Intermediates.noindex/Subject.build/Debug/Subject.build/Objects-normal/arm64/Subject_const_extract_protocols.json -Xcc -iquote -Xcc /Users/coryparry/Developer/Projects/Intents/Tools/IntentsAutomation/.runtime/mac-host-preparation-1/mac-host-3DA00FE7-6651-4E61-97FE-85465F766501/DerivedData/Build/Intermediates.noindex/Subject.build/Debug/Subject.build/Subject-generated-files.hmap -Xcc -I/Users/coryparry/Developer/Projects/Intents/Tools/IntentsAutomation/.runtime/mac-host-preparation-1/mac-host-3DA00FE7-6651-4E61-97FE-85465F766501/DerivedData/Build/Intermediates.noindex/Subject.build/Debug/Subject.build/Subject-own-target-headers.hmap -Xcc -I/Users/coryparry/Developer/Projects/Intents/Tools/IntentsAutomation/.runtime/mac-host-preparation-1/mac-host-3DA00FE7-6651-4E61-97FE-85465F766501/DerivedData/Build/Intermediates.noindex/Subject.build/Debug/Subject.build/Subject-all-target-headers.hmap -Xcc -iquote -Xcc /Users/coryparry/Developer/Projects/Intents/Tools/IntentsAutomation/.runtime/mac-host-preparation-1/mac-host-3DA00FE7-6651-4E61-97FE-85465F766501/DerivedData/Build/Intermediates.noindex/Subject.build/Debug/Subject.build/Subject-project-headers.hmap -Xcc -I/Users/coryparry/Developer/Projects/Intents/Tools/IntentsAutomation/.runtime/mac-host-preparation-1/mac-host-3DA00FE7-6651-4E61-97FE-85465F766501/DerivedData/Build/Products/Debug/include -Xcc -I/Users/coryparry/Developer/Projects/Intents/Tools/IntentsAutomation/.runtime/mac-host-preparation-1/mac-host-3DA00FE7-6651-4E61-97FE-85465F766501/DerivedData/Build/Intermediates.noindex/Subject.build/Debug/Subject.build/DerivedSources-normal/arm64 -Xcc -I/Users/coryparry/Developer/Projects/Intents/Tools/IntentsAutomation/.runtime/mac-host-preparation-1/mac-host-3DA00FE7-6651-4E61-97FE-85465F766501/DerivedData/Build/Intermediates.noindex/Subject.build/Debug/Subject.build/DerivedSources/arm64 -Xcc -I/Users/coryparry/Developer/Projects/Intents/Tools/IntentsAutomation/.runtime/mac-host-preparation-1/mac-host-3DA00FE7-6651-4E61-97FE-85465F766501/DerivedData/Build/Intermediates.noindex/Subject.build/Debug/Subject.build/DerivedSources -emit-objc-header -emit-objc-header-path /Users/coryparry/Developer/Projects/Intents/Tools/IntentsAutomation/.runtime/mac-host-preparation-1/mac-host-3DA00FE7-6651-4E61-97FE-85465F766501/DerivedData/Build/Intermediates.noindex/Subject.build/Debug/Subject.build/Objects-normal/arm64/Subject-Swift.h -working-directory /Users/coryparry/Developer/Projects/Intents/Tools/IntentsAutomation/.runtime/mac-host-preparation-1/mac-host-3DA00FE7-6651-4E61-97FE-85465F766501/session/source -experimental-emit-module-separately -disable-cmo

SwiftExplicitDependencyGeneratePcm arm64 /Users/coryparry/Developer/Projects/Intents/Tools/IntentsAutomation/.runtime/mac-host-preparation-1/mac-host-3DA00FE7-6651-4E61-97FE-85465F766501/DerivedData/SDKExplicitPrecompiledModules/ptrcheck-5P2JPKB8WHI2L1M00H6RDPR7B.pcm

SwiftExplicitDependencyGeneratePcm arm64 /Users/coryparry/Developer/Projects/Intents/Tools/IntentsAutomation/.runtime/mac-host-preparation-1/mac-host-3DA00FE7-6651-4E61-97FE-85465F766501/DerivedData/SDKExplicitPrecompiledModules/DeveloperToolsSupport-5AJ72T9VQ8S8CLM9PGHIZKK0K.pcm

SwiftExplicitDependencyGeneratePcm arm64 /Users/coryparry/Developer/Projects/Intents/Tools/IntentsAutomation/.runtime/mac-host-preparation-1/mac-host-3DA00FE7-6651-4E61-97FE-85465F766501/DerivedData/SDKExplicitPrecompiledModules/ptrauth-WBU3MHW00HBXGD4QNYL7VRLR.pcm

SwiftExplicitDependencyGeneratePcm arm64 /Users/coryparry/Developer/Projects/Intents/Tools/IntentsAutomation/.runtime/mac-host-preparation-1/mac-host-3DA00FE7-6651-4E61-97FE-85465F766501/DerivedData/SDKExplicitPrecompiledModules/SwiftShims-9530CTF49Q31ZFYK37Q5Z63NX.pcm

SwiftExplicitDependencyGeneratePcm arm64 /Users/coryparry/Developer/Projects/Intents/Tools/IntentsAutomation/.runtime/mac-host-preparation-1/mac-host-3DA00FE7-6651-4E61-97FE-85465F766501/DerivedData/SDKExplicitPrecompiledModules/_Builtin_float-DSI4O4OUC98XE3FF1IQXSAI3R.pcm

SwiftExplicitDependencyGeneratePcm arm64 /Users/coryparry/Developer/Projects/Intents/Tools/IntentsAutomation/.runtime/mac-host-preparation-1/mac-host-3DA00FE7-6651-4E61-97FE-85465F766501/DerivedData/SDKExplicitPrecompiledModules/_Builtin_stddef-1KYQIBSDF4C4308BNUSO58MUI.pcm

SwiftExplicitDependencyGeneratePcm arm64 /Users/coryparry/Developer/Projects/Intents/Tools/IntentsAutomation/.runtime/mac-host-preparation-1/mac-host-3DA00FE7-6651-4E61-97FE-85465F766501/DerivedData/SDKExplicitPrecompiledModules/_SwiftConcurrencyShims-2H7VSUPR5TN3T5IGK09XSUG5K.pcm

SwiftExplicitDependencyGeneratePcm arm64 /Users/coryparry/Developer/Projects/Intents/Tools/IntentsAutomation/.runtime/mac-host-preparation-1/mac-host-3DA00FE7-6651-4E61-97FE-85465F766501/DerivedData/SDKExplicitPrecompiledModules/_Builtin_stdbool-DK36YAOJ73A9M7RNNHUZKWYGD.pcm

SwiftExplicitDependencyGeneratePcm arm64 /Users/coryparry/Developer/Projects/Intents/Tools/IntentsAutomation/.runtime/mac-host-preparation-1/mac-host-3DA00FE7-6651-4E61-97FE-85465F766501/DerivedData/SDKExplicitPrecompiledModules/_Builtin_stdarg-3H81WPY1ZNH0KJH4HMKL9VRLK.pcm

SwiftExplicitDependencyGeneratePcm arm64 /Users/coryparry/Developer/Projects/Intents/Tools/IntentsAutomation/.runtime/mac-host-preparation-1/mac-host-3DA00FE7-6651-4E61-97FE-85465F766501/DerivedData/SDKExplicitPrecompiledModules/_AvailabilityInternal-EV5D1O6LNQO0VKI0G52XRP57U.pcm

SwiftExplicitDependencyGeneratePcm arm64 /Users/coryparry/Developer/Projects/Intents/Tools/IntentsAutomation/.runtime/mac-host-preparation-1/mac-host-3DA00FE7-6651-4E61-97FE-85465F766501/DerivedData/SDKExplicitPrecompiledModules/_DarwinFoundation1-2TB2MIT9OBPCTO20PENCW34XA.pcm

SwiftExplicitDependencyGeneratePcm arm64 /Users/coryparry/Developer/Projects/Intents/Tools/IntentsAutomation/.runtime/mac-host-preparation-1/mac-host-3DA00FE7-6651-4E61-97FE-85465F766501/DerivedData/SDKExplicitPrecompiledModules/_DarwinFoundation2-EZLWD1ZRWMYCSJD2H4GP7M3N7.pcm

SwiftExplicitDependencyGeneratePcm arm64 /Users/coryparry/Developer/Projects/Intents/Tools/IntentsAutomation/.runtime/mac-host-preparation-1/mac-host-3DA00FE7-6651-4E61-97FE-85465F766501/DerivedData/SDKExplicitPrecompiledModules/ExtensionFoundation-4D3YF90FH6ZCOVH0VXUINT5LY.pcm

SwiftExplicitDependencyGeneratePcm arm64 /Users/coryparry/Developer/Projects/Intents/Tools/IntentsAutomation/.runtime/mac-host-preparation-1/mac-host-3DA00FE7-6651-4E61-97FE-85465F766501/DerivedData/SDKExplicitPrecompiledModules/_Builtin_limits-1BTZDEKB9QXWN2BYDX0PLXQ4L.pcm

SwiftExplicitDependencyGeneratePcm arm64 /Users/coryparry/Developer/Projects/Intents/Tools/IntentsAutomation/.runtime/mac-host-preparation-1/mac-host-3DA00FE7-6651-4E61-97FE-85465F766501/DerivedData/SDKExplicitPrecompiledModules/_Builtin_tgmath-9IILB3SEDUWKBCV48TDFC7KCC.pcm

SwiftExplicitDependencyGeneratePcm arm64 /Users/coryparry/Developer/Projects/Intents/Tools/IntentsAutomation/.runtime/mac-host-preparation-1/mac-host-3DA00FE7-6651-4E61-97FE-85465F766501/DerivedData/SDKExplicitPrecompiledModules/_Builtin_stdint-DGL48CV6U3FF02NK3EEKCQDN9.pcm

SwiftExplicitDependencyGeneratePcm arm64 /Users/coryparry/Developer/Projects/Intents/Tools/IntentsAutomation/.runtime/mac-host-preparation-1/mac-host-3DA00FE7-6651-4E61-97FE-85465F766501/DerivedData/SDKExplicitPrecompiledModules/string_h-63A6DNN88GOREDRD3T4V3IT8E.pcm

SwiftExplicitDependencyGeneratePcm arm64 /Users/coryparry/Developer/Projects/Intents/Tools/IntentsAutomation/.runtime/mac-host-preparation-1/mac-host-3DA00FE7-6651-4E61-97FE-85465F766501/DerivedData/SDKExplicitPrecompiledModules/sys_types-2YVVYVBAOC4ZLEINA8C7UWYJ0.pcm

SwiftExplicitDependencyGeneratePcm arm64 /Users/coryparry/Developer/Projects/Intents/Tools/IntentsAutomation/.runtime/mac-host-preparation-1/mac-host-3DA00FE7-6651-4E61-97FE-85465F766501/DerivedData/SDKExplicitPrecompiledModules/_DarwinFoundation3-8E58EI9VNYPHOM0BMUKGI9GZK.pcm

SwiftExplicitDependencyGeneratePcm arm64 /Users/coryparry/Developer/Projects/Intents/Tools/IntentsAutomation/.runtime/mac-host-preparation-1/mac-host-3DA00FE7-6651-4E61-97FE-85465F766501/DerivedData/SDKExplicitPrecompiledModules/libDER-4WTTK5M2SS90C2XKZ2VZSQAQQ.pcm

SwiftExplicitDependencyGeneratePcm arm64 /Users/coryparry/Developer/Projects/Intents/Tools/IntentsAutomation/.runtime/mac-host-preparation-1/mac-host-3DA00FE7-6651-4E61-97FE-85465F766501/DerivedData/SDKExplicitPrecompiledModules/_Builtin_intrinsics-EE4B6COEBCI4TRTNM8RI3RR9M.pcm

SwiftExplicitDependencyGeneratePcm arm64 /Users/coryparry/Developer/Projects/Intents/Tools/IntentsAutomation/.runtime/mac-host-preparation-1/mac-host-3DA00FE7-6651-4E61-97FE-85465F766501/DerivedData/SDKExplicitPrecompiledModules/_Builtin_stdatomic-1PJESHDZQFP5ATA4NRQ1IQEWW.pcm

SwiftExplicitDependencyGeneratePcm arm64 /Users/coryparry/Developer/Projects/Intents/Tools/IntentsAutomation/.runtime/mac-host-preparation-1/mac-host-3DA00FE7-6651-4E61-97FE-85465F766501/DerivedData/SDKExplicitPrecompiledModules/_Builtin_inttypes-9A5GXMYOQDEN9X66OPSNW3C0J.pcm

SwiftExplicitDependencyGeneratePcm arm64 /Users/coryparry/Developer/Projects/Intents/Tools/IntentsAutomation/.runtime/mac-host-preparation-1/mac-host-3DA00FE7-6651-4E61-97FE-85465F766501/DerivedData/SDKExplicitPrecompiledModules/Darwin-5N9I7CJBFLWON1GF9KP6DAMYJ.pcm

SwiftExplicitDependencyGeneratePcm arm64 /Users/coryparry/Developer/Projects/Intents/Tools/IntentsAutomation/.runtime/mac-host-preparation-1/mac-host-3DA00FE7-6651-4E61-97FE-85465F766501/DerivedData/SDKExplicitPrecompiledModules/simd-2XVVAHPNUWMBSKBT7Z7INXYJ7.pcm

SwiftExplicitDependencyGeneratePcm arm64 /Users/coryparry/Developer/Projects/Intents/Tools/IntentsAutomation/.runtime/mac-host-preparation-1/mac-host-3DA00FE7-6651-4E61-97FE-85465F766501/DerivedData/SDKExplicitPrecompiledModules/CUPS-1FYR4MZ5IAYQUNLONWK1DM1T0.pcm

SwiftExplicitDependencyGeneratePcm arm64 /Users/coryparry/Developer/Projects/Intents/Tools/IntentsAutomation/.runtime/mac-host-preparation-1/mac-host-3DA00FE7-6651-4E61-97FE-85465F766501/DerivedData/SDKExplicitPrecompiledModules/launch-409IV729GLJ9AWICS7OLY05GM.pcm

SwiftExplicitDependencyGeneratePcm arm64 /Users/coryparry/Developer/Projects/Intents/Tools/IntentsAutomation/.runtime/mac-host-preparation-1/mac-host-3DA00FE7-6651-4E61-97FE-85465F766501/DerivedData/SDKExplicitPrecompiledModules/Spatial-AJ2DYKE5JYIF10D75PBFMNR8F.pcm

SwiftExplicitDependencyGeneratePcm arm64 /Users/coryparry/Developer/Projects/Intents/Tools/IntentsAutomation/.runtime/mac-host-preparation-1/mac-host-3DA00FE7-6651-4E61-97FE-85465F766501/DerivedData/SDKExplicitPrecompiledModules/MachO-DUG0VCVMHOEAW67SA341QKN3J.pcm

SwiftExplicitDependencyGeneratePcm arm64 /Users/coryparry/Developer/Projects/Intents/Tools/IntentsAutomation/.runtime/mac-host-preparation-1/mac-host-3DA00FE7-6651-4E61-97FE-85465F766501/DerivedData/SDKExplicitPrecompiledModules/libkern-6UM8U94KSQF0ZUAP57ID7JT3C.pcm

SwiftExplicitDependencyGeneratePcm arm64 /Users/coryparry/Developer/Projects/Intents/Tools/IntentsAutomation/.runtime/mac-host-preparation-1/mac-host-3DA00FE7-6651-4E61-97FE-85465F766501/DerivedData/SDKExplicitPrecompiledModules/ObjectiveC-A09FV7M2ETSA98ZSA16JHNYL2.pcm

SwiftExplicitDependencyGeneratePcm arm64 /Users/coryparry/Developer/Projects/Intents/Tools/IntentsAutomation/.runtime/mac-host-preparation-1/mac-host-3DA00FE7-6651-4E61-97FE-85465F766501/DerivedData/SDKExplicitPrecompiledModules/os_object-5SK87T2MQQ60QUDM60E8M6CBC.pcm

SwiftExplicitDependencyGeneratePcm arm64 /Users/coryparry/Developer/Projects/Intents/Tools/IntentsAutomation/.runtime/mac-host-preparation-1/mac-host-3DA00FE7-6651-4E61-97FE-85465F766501/DerivedData/SDKExplicitPrecompiledModules/os_workgroup-AO6ZPU444IQG3KEHXOFATQG59.pcm

SwiftExplicitDependencyGeneratePcm arm64 /Users/coryparry/Developer/Projects/Intents/Tools/IntentsAutomation/.runtime/mac-host-preparation-1/mac-host-3DA00FE7-6651-4E61-97FE-85465F766501/DerivedData/SDKExplicitPrecompiledModules/Dispatch-B420CVNHB5HM8QDFMP829SQUB.pcm

SwiftExplicitDependencyGeneratePcm arm64 /Users/coryparry/Developer/Projects/Intents/Tools/IntentsAutomation/.runtime/mac-host-preparation-1/mac-host-3DA00FE7-6651-4E61-97FE-85465F766501/DerivedData/SDKExplicitPrecompiledModules/CoreFoundation-6ODNIM1C1ZFUPNP6OWYZ205DL.pcm

SwiftExplicitDependencyGeneratePcm arm64 /Users/coryparry/Developer/Projects/Intents/Tools/IntentsAutomation/.runtime/mac-host-preparation-1/mac-host-3DA00FE7-6651-4E61-97FE-85465F766501/DerivedData/SDKExplicitPrecompiledModules/XPC-3GHOUY7GVP1WS5X8D81UNQ947.pcm

SwiftExplicitDependencyGeneratePcm arm64 /Users/coryparry/Developer/Projects/Intents/Tools/IntentsAutomation/.runtime/mac-host-preparation-1/mac-host-3DA00FE7-6651-4E61-97FE-85465F766501/DerivedData/SDKExplicitPrecompiledModules/dnssd-C8FNFVV4TV9PAGJY1G9F42LJK.pcm

SwiftExplicitDependencyGeneratePcm arm64 /Users/coryparry/Developer/Projects/Intents/Tools/IntentsAutomation/.runtime/mac-host-preparation-1/mac-host-3DA00FE7-6651-4E61-97FE-85465F766501/DerivedData/SDKExplicitPrecompiledModules/os-1W9P5GQB2WJOVC2EIBQIE3ZPJ.pcm

SwiftExplicitDependencyGeneratePcm arm64 /Users/coryparry/Developer/Projects/Intents/Tools/IntentsAutomation/.runtime/mac-host-preparation-1/mac-host-3DA00FE7-6651-4E61-97FE-85465F766501/DerivedData/SDKExplicitPrecompiledModules/IOKit-CZ0YIMI1501C8JE6WW7XTRHYG.pcm

SwiftExplicitDependencyGeneratePcm arm64 /Users/coryparry/Developer/Projects/Intents/Tools/IntentsAutomation/.runtime/mac-host-preparation-1/mac-host-3DA00FE7-6651-4E61-97FE-85465F766501/DerivedData/SDKExplicitPrecompiledModules/ColorSync-9U4PH98D2GWDXOQM35I205S9R.pcm

SwiftExplicitDependencyGeneratePcm arm64 /Users/coryparry/Developer/Projects/Intents/Tools/IntentsAutomation/.runtime/mac-host-preparation-1/mac-host-3DA00FE7-6651-4E61-97FE-85465F766501/DerivedData/SDKExplicitPrecompiledModules/CoreAudioTypes-1T2T6SW5KSNKJ3KJIYMDBWJ9O.pcm

SwiftExplicitDependencyGeneratePcm arm64 /Users/coryparry/Developer/Projects/Intents/Tools/IntentsAutomation/.runtime/mac-host-preparation-1/mac-host-3DA00FE7-6651-4E61-97FE-85465F766501/DerivedData/SDKExplicitPrecompiledModules/Security-HCVJ3PRQQ5U8798I86FCNPRO.pcm

SwiftExplicitDependencyGeneratePcm arm64 /Users/coryparry/Developer/Projects/Intents/Tools/IntentsAutomation/.runtime/mac-host-preparation-1/mac-host-3DA00FE7-6651-4E61-97FE-85465F766501/DerivedData/SDKExplicitPrecompiledModules/CFNetwork-K17N7E8F902MUH1YRGLSGRFL.pcm

SwiftExplicitDependencyGeneratePcm arm64 /Users/coryparry/Developer/Projects/Intents/Tools/IntentsAutomation/.runtime/mac-host-preparation-1/mac-host-3DA00FE7-6651-4E61-97FE-85465F766501/DerivedData/SDKExplicitPrecompiledModules/CoreGraphics-9L6HGYNPWH5ABOS2U8K71LWCC.pcm

SwiftExplicitDependencyGeneratePcm arm64 /Users/coryparry/Developer/Projects/Intents/Tools/IntentsAutomation/.runtime/mac-host-preparation-1/mac-host-3DA00FE7-6651-4E61-97FE-85465F766501/DerivedData/SDKExplicitPrecompiledModules/DiskArbitration-EBYX2B8ZF8BXVFNH6I261AAQW.pcm

SwiftExplicitDependencyGeneratePcm arm64 /Users/coryparry/Developer/Projects/Intents/Tools/IntentsAutomation/.runtime/mac-host-preparation-1/mac-host-3DA00FE7-6651-4E61-97FE-85465F766501/DerivedData/SDKExplicitPrecompiledModules/ImageIO-9XBCZ24LPRVYI7KRCIDLB9NQF.pcm

SwiftExplicitDependencyGeneratePcm arm64 /Users/coryparry/Developer/Projects/Intents/Tools/IntentsAutomation/.runtime/mac-host-preparation-1/mac-host-3DA00FE7-6651-4E61-97FE-85465F766501/DerivedData/SDKExplicitPrecompiledModules/CoreText-51N6VBCY5X4BJL3LC37CNAHNX.pcm

SwiftExplicitDependencyGeneratePcm arm64 /Users/coryparry/Developer/Projects/Intents/Tools/IntentsAutomation/.runtime/mac-host-preparation-1/mac-host-3DA00FE7-6651-4E61-97FE-85465F766501/DerivedData/SDKExplicitPrecompiledModules/CoreServices-7T01FVAL99UT3O7P5PHIWBB6M.pcm

SwiftExplicitDependencyGeneratePcm arm64 /Users/coryparry/Developer/Projects/Intents/Tools/IntentsAutomation/.runtime/mac-host-preparation-1/mac-host-3DA00FE7-6651-4E61-97FE-85465F766501/DerivedData/SDKExplicitPrecompiledModules/Foundation-1U9QW8DT4O7418M9VZDM5DFFQ.pcm

SwiftExplicitDependencyGeneratePcm arm64 /Users/coryparry/Developer/Projects/Intents/Tools/IntentsAutomation/.runtime/mac-host-preparation-1/mac-host-3DA00FE7-6651-4E61-97FE-85465F766501/DerivedData/SDKExplicitPrecompiledModules/CoreTransferable-64HXF066SHELGQ6K2QAHJ0J1P.pcm

SwiftExplicitDependencyGeneratePcm arm64 /Users/coryparry/Developer/Projects/Intents/Tools/IntentsAutomation/.runtime/mac-host-preparation-1/mac-host-3DA00FE7-6651-4E61-97FE-85465F766501/DerivedData/SDKExplicitPrecompiledModules/ApplicationServices-9FVE8I949YGW6L15NWIRDANK0.pcm

SwiftExplicitDependencyGeneratePcm arm64 /Users/coryparry/Developer/Projects/Intents/Tools/IntentsAutomation/.runtime/mac-host-preparation-1/mac-host-3DA00FE7-6651-4E61-97FE-85465F766501/DerivedData/SDKExplicitPrecompiledModules/CoreData-AI3S031YHOMTDPT4IJPXDY5WH.pcm

SwiftExplicitDependencyGeneratePcm arm64 /Users/coryparry/Developer/Projects/Intents/Tools/IntentsAutomation/.runtime/mac-host-preparation-1/mac-host-3DA00FE7-6651-4E61-97FE-85465F766501/DerivedData/SDKExplicitPrecompiledModules/Accessibility-29O3AQKRFQ0RQF09WM26XGMBX.pcm

SwiftExplicitDependencyGeneratePcm arm64 /Users/coryparry/Developer/Projects/Intents/Tools/IntentsAutomation/.runtime/mac-host-preparation-1/mac-host-3DA00FE7-6651-4E61-97FE-85465F766501/DerivedData/SDKExplicitPrecompiledModules/Network-7F59FD76UIGXU0CC7M4X6JE69.pcm

SwiftExplicitDependencyGeneratePcm arm64 /Users/coryparry/Developer/Projects/Intents/Tools/IntentsAutomation/.runtime/mac-host-preparation-1/mac-host-3DA00FE7-6651-4E61-97FE-85465F766501/DerivedData/SDKExplicitPrecompiledModules/CoreAudio-44B7JDD4FADJFHB9UDRN284G1.pcm

SwiftExplicitDependencyGeneratePcm arm64 /Users/coryparry/Developer/Projects/Intents/Tools/IntentsAutomation/.runtime/mac-host-preparation-1/mac-host-3DA00FE7-6651-4E61-97FE-85465F766501/DerivedData/SDKExplicitPrecompiledModules/IOSurface-8J6XA9WBQYHDPZVQPV3HZFI42.pcm

SwiftExplicitDependencyGeneratePcm arm64 /Users/coryparry/Developer/Projects/Intents/Tools/IntentsAutomation/.runtime/mac-host-preparation-1/mac-host-3DA00FE7-6651-4E61-97FE-85465F766501/DerivedData/SDKExplicitPrecompiledModules/OSLog-EZNCWAQIYV0VBY0BC5UR5TPOW.pcm

SwiftExplicitDependencyGeneratePcm arm64 /Users/coryparry/Developer/Projects/Intents/Tools/IntentsAutomation/.runtime/mac-host-preparation-1/mac-host-3DA00FE7-6651-4E61-97FE-85465F766501/DerivedData/SDKExplicitPrecompiledModules/Symbols-2D8FKOO69Z02AKL891A1XSLT3.pcm

SwiftExplicitDependencyGeneratePcm arm64 /Users/coryparry/Developer/Projects/Intents/Tools/IntentsAutomation/.runtime/mac-host-preparation-1/mac-host-3DA00FE7-6651-4E61-97FE-85465F766501/DerivedData/SDKExplicitPrecompiledModules/OpenGL-5URT6AVKF4HKD9KWLBV8I9GDP.pcm

SwiftExplicitDependencyGeneratePcm arm64 /Users/coryparry/Developer/Projects/Intents/Tools/IntentsAutomation/.runtime/mac-host-preparation-1/mac-host-3DA00FE7-6651-4E61-97FE-85465F766501/DerivedData/SDKExplicitPrecompiledModules/_LocationEssentials-DBLE1NY1CEA5VQVIS4P2EZ2JN.pcm

SwiftExplicitDependencyGeneratePcm arm64 /Users/coryparry/Developer/Projects/Intents/Tools/IntentsAutomation/.runtime/mac-host-preparation-1/mac-host-3DA00FE7-6651-4E61-97FE-85465F766501/DerivedData/SDKExplicitPrecompiledModules/AppIntents-E1J7FMCZLS0BBGZBJQT8O48BF.pcm

SwiftExplicitDependencyGeneratePcm arm64 /Users/coryparry/Developer/Projects/Intents/Tools/IntentsAutomation/.runtime/mac-host-preparation-1/mac-host-3DA00FE7-6651-4E61-97FE-85465F766501/DerivedData/SDKExplicitPrecompiledModules/DataDetection-7T2GNEJQHLUUJGXG8XCOFXO0S.pcm

SwiftExplicitDependencyGeneratePcm arm64 /Users/coryparry/Developer/Projects/Intents/Tools/IntentsAutomation/.runtime/mac-host-preparation-1/mac-host-3DA00FE7-6651-4E61-97FE-85465F766501/DerivedData/SDKExplicitPrecompiledModules/AppIntentsTypeSupport-VOIATH3CFM44ZQRPGEP4S3T5.pcm

SwiftExplicitDependencyGeneratePcm arm64 /Users/coryparry/Developer/Projects/Intents/Tools/IntentsAutomation/.runtime/mac-host-preparation-1/mac-host-3DA00FE7-6651-4E61-97FE-85465F766501/DerivedData/SDKExplicitPrecompiledModules/CoreLocation-DO7EI841ROTQVJPI1XNSD73SY.pcm

SwiftExplicitDependencyGeneratePcm arm64 /Users/coryparry/Developer/Projects/Intents/Tools/IntentsAutomation/.runtime/mac-host-preparation-1/mac-host-3DA00FE7-6651-4E61-97FE-85465F766501/DerivedData/SDKExplicitPrecompiledModules/UniformTypeIdentifiers-CP36CR8Z9CW3MZAEVXLYJSGT4.pcm

SwiftExplicitDependencyGeneratePcm arm64 /Users/coryparry/Developer/Projects/Intents/Tools/IntentsAutomation/.runtime/mac-host-preparation-1/mac-host-3DA00FE7-6651-4E61-97FE-85465F766501/DerivedData/SDKExplicitPrecompiledModules/RelevanceKit-3BNKQCBBY6B151CEB81268VNJ.pcm

SwiftExplicitDependencyGeneratePcm arm64 /Users/coryparry/Developer/Projects/Intents/Tools/IntentsAutomation/.runtime/mac-host-preparation-1/mac-host-3DA00FE7-6651-4E61-97FE-85465F766501/DerivedData/SDKExplicitPrecompiledModules/Metal-82S7648CW8JHME1NKM02ZMULO.pcm

SwiftExplicitDependencyGeneratePcm arm64 /Users/coryparry/Developer/Projects/Intents/Tools/IntentsAutomation/.runtime/mac-host-preparation-1/mac-host-3DA00FE7-6651-4E61-97FE-85465F766501/DerivedData/SDKExplicitPrecompiledModules/CoreSpotlight-4CV9PXYW2WJ8H24UYTX0FIGL8.pcm

SwiftExplicitDependencyGeneratePcm arm64 /Users/coryparry/Developer/Projects/Intents/Tools/IntentsAutomation/.runtime/mac-host-preparation-1/mac-host-3DA00FE7-6651-4E61-97FE-85465F766501/DerivedData/SDKExplicitPrecompiledModules/CoreVideo-DXNQQ2GEBK0BJCXKLJ9X01HNS.pcm

SwiftExplicitDependencyGeneratePcm arm64 /Users/coryparry/Developer/Projects/Intents/Tools/IntentsAutomation/.runtime/mac-host-preparation-1/mac-host-3DA00FE7-6651-4E61-97FE-85465F766501/DerivedData/SDKExplicitPrecompiledModules/CoreImage-B1FLVFXOFX1ALUPBPW1IYRQGJ.pcm

SwiftExplicitDependencyGeneratePcm arm64 /Users/coryparry/Developer/Projects/Intents/Tools/IntentsAutomation/.runtime/mac-host-preparation-1/mac-host-3DA00FE7-6651-4E61-97FE-85465F766501/DerivedData/SDKExplicitPrecompiledModules/CoreMedia-6A5551AJOU158AGKL82PSRPQH.pcm

SwiftExplicitDependencyGeneratePcm arm64 /Users/coryparry/Developer/Projects/Intents/Tools/IntentsAutomation/.runtime/mac-host-preparation-1/mac-host-3DA00FE7-6651-4E61-97FE-85465F766501/DerivedData/SDKExplicitPrecompiledModules/QuartzCore-1Y2MAQULBPPVZHYR3IZT5FFYD.pcm

SwiftExplicitDependencyGeneratePcm arm64 /Users/coryparry/Developer/Projects/Intents/Tools/IntentsAutomation/.runtime/mac-host-preparation-1/mac-host-3DA00FE7-6651-4E61-97FE-85465F766501/DerivedData/SDKExplicitPrecompiledModules/AppKit-BH5WIO56NO5HP2541KH84B2U4.pcm

SwiftExplicitDependencyGeneratePcm arm64 /Users/coryparry/Developer/Projects/Intents/Tools/IntentsAutomation/.runtime/mac-host-preparation-1/mac-host-3DA00FE7-6651-4E61-97FE-85465F766501/DerivedData/SDKExplicitPrecompiledModules/SwiftUICore-4JHA0DWIIUDIHQSXNKWO5F1RQ.pcm

SwiftExplicitDependencyGeneratePcm arm64 /Users/coryparry/Developer/Projects/Intents/Tools/IntentsAutomation/.runtime/mac-host-preparation-1/mac-host-3DA00FE7-6651-4E61-97FE-85465F766501/DerivedData/SDKExplicitPrecompiledModules/SwiftUI-9DB48SP3C8W20RHCOA5KZNRDI.pcm

SwiftEmitModule normal arm64 Emitting\ module\ for\ Subject (in target 'Subject' from project 'Subject')

SwiftCompile normal arm64 (in target 'Subject' from project 'Subject')
    cd /Users/coryparry/Developer/Projects/Intents/Tools/IntentsAutomation/.runtime/mac-host-preparation-1/mac-host-3DA00FE7-6651-4E61-97FE-85465F766501/session/source


SwiftCompile normal arm64 Compiling\ Subject.swift /Users/coryparry/Developer/Projects/Intents/Tools/IntentsAutomation/.runtime/mac-host-preparation-1/mac-host-3DA00FE7-6651-4E61-97FE-85465F766501/session/source/Subject.swift (in target 'Subject' from project 'Subject')

SwiftCompile normal arm64 /Users/coryparry/Developer/Projects/Intents/Tools/IntentsAutomation/.runtime/mac-host-preparation-1/mac-host-3DA00FE7-6651-4E61-97FE-85465F766501/session/source/Subject.swift (in target 'Subject' from project 'Subject')
    cd /Users/coryparry/Developer/Projects/Intents/Tools/IntentsAutomation/.runtime/mac-host-preparation-1/mac-host-3DA00FE7-6651-4E61-97FE-85465F766501/session/source
    builtin-SwiftPerFileCompile Subject.swift

SwiftDriverJobDiscovery normal arm64 Emitting module for Subject (in target 'Subject' from project 'Subject')

SwiftDriver\ Compilation\ Requirements Subject normal arm64 com.apple.xcode.tools.swift.compiler (in target 'Subject' from project 'Subject')
    cd /Users/coryparry/Developer/Projects/Intents/Tools/IntentsAutomation/.runtime/mac-host-preparation-1/mac-host-3DA00FE7-6651-4E61-97FE-85465F766501/session/source
    builtin-Swift-Compilation-Requirements -- /Applications/Xcode.app/Contents/Developer/Toolchains/XcodeDefault.xctoolchain/usr/bin/swiftc -module-name Subject -O @/Users/coryparry/Developer/Projects/Intents/Tools/IntentsAutomation/.runtime/mac-host-preparation-1/mac-host-3DA00FE7-6651-4E61-97FE-85465F766501/DerivedData/Build/Intermediates.noindex/Subject.build/Debug/Subject.build/Objects-normal/arm64/Subject.SwiftFileList -enable-experimental-feature DebugDescriptionMacro -sdk /Applications/Xcode.app/Contents/Developer/Platforms/MacOSX.platform/Developer/SDKs/MacOSX27.0.sdk -target arm64-apple-macos27.0 -g -module-cache-path /Users/coryparry/Developer/Projects/Intents/Tools/IntentsAutomation/.runtime/mac-host-preparation-1/mac-host-3DA00FE7-6651-4E61-97FE-85465F766501/DerivedData/ModuleCache.noindex -Xfrontend -serialize-debugging-options -swift-version 6 -I /Users/coryparry/Developer/Projects/Intents/Tools/IntentsAutomation/.runtime/mac-host-preparation-1/mac-host-3DA00FE7-6651-4E61-97FE-85465F766501/DerivedData/Build/Products/Debug -F /Users/coryparry/Developer/Projects/Intents/Tools/IntentsAutomation/.runtime/mac-host-preparation-1/mac-host-3DA00FE7-6651-4E61-97FE-85465F766501/DerivedData/Build/Products/Debug -parse-as-library -c -j10 -enable-batch-mode -incremental -Xcc -ivfsstatcache -Xcc /Users/coryparry/Developer/Projects/Intents/Tools/IntentsAutomation/.runtime/mac-host-preparation-1/mac-host-3DA00FE7-6651-4E61-97FE-85465F766501/DerivedData/SDKStatCaches.noindex/macosx27.0-26A425-7231f6df4def33e022ae2eb8f782df1a.sdkstatcache -output-file-map /Users/coryparry/Developer/Projects/Intents/Tools/IntentsAutomation/.runtime/mac-host-preparation-1/mac-host-3DA00FE7-6651-4E61-97FE-85465F766501/DerivedData/Build/Intermediates.noindex/Subject.build/Debug/Subject.build/Objects-normal/arm64/Subject-OutputFileMap.json -save-temps -no-color-diagnostics -explicit-module-build -module-cache-path /Users/coryparry/Developer/Projects/Intents/Tools/IntentsAutomation/.runtime/mac-host-preparation-1/mac-host-3DA00FE7-6651-4E61-97FE-85465F766501/DerivedData/Build/Intermediates.noindex/SwiftExplicitPrecompiledModules -clang-scanner-module-cache-path /Users/coryparry/Developer/Projects/Intents/Tools/IntentsAutomation/.runtime/mac-host-preparation-1/mac-host-3DA00FE7-6651-4E61-97FE-85465F766501/DerivedData/ModuleCache.noindex -sdk-module-cache-path /Users/coryparry/Developer/Projects/Intents/Tools/IntentsAutomation/.runtime/mac-host-preparation-1/mac-host-3DA00FE7-6651-4E61-97FE-85465F766501/DerivedData/SDKExplicitPrecompiledModules -emit-dependencies -emit-module -emit-module-path /Users/coryparry/Developer/Projects/Intents/Tools/IntentsAutomation/.runtime/mac-host-preparation-1/mac-host-3DA00FE7-6651-4E61-97FE-85465F766501/DerivedData/Build/Intermediates.noindex/Subject.build/Debug/Subject.build/Objects-normal/arm64/Subject.swiftmodule -serialize-diagnostics -dependency-scan-serialize-diagnostics-path /Users/coryparry/Developer/Projects/Intents/Tools/IntentsAutomation/.runtime/mac-host-preparation-1/mac-host-3DA00FE7-6651-4E61-97FE-85465F766501/DerivedData/Build/Intermediates.noindex/Subject.build/Debug/Subject.build/Objects-normal/arm64/Subject-dependency-scan.dia -validate-clang-modules-once -clang-build-session-file /Users/coryparry/Developer/Projects/Intents/Tools/IntentsAutomation/.runtime/mac-host-preparation-1/mac-host-3DA00FE7-6651-4E61-97FE-85465F766501/DerivedData/ModuleCache.noindex/Session.modulevalidation -Xcc -fmodules-prune-interval\=86400 -Xcc -fmodules-prune-after\=345600 -emit-const-values -const-gather-protocols-list /Users/coryparry/Developer/Projects/Intents/Tools/IntentsAutomation/.runtime/mac-host-preparation-1/mac-host-3DA00FE7-6651-4E61-97FE-85465F766501/DerivedData/Build/Intermediates.noindex/Subject.build/Debug/Subject.build/Objects-normal/arm64/Subject_const_extract_protocols.json -Xcc -iquote -Xcc /Users/coryparry/Developer/Projects/Intents/Tools/IntentsAutomation/.runtime/mac-host-preparation-1/mac-host-3DA00FE7-6651-4E61-97FE-85465F766501/DerivedData/Build/Intermediates.noindex/Subject.build/Debug/Subject.build/Subject-generated-files.hmap -Xcc -I/Users/coryparry/Developer/Projects/Intents/Tools/IntentsAutomation/.runtime/mac-host-preparation-1/mac-host-3DA00FE7-6651-4E61-97FE-85465F766501/DerivedData/Build/Intermediates.noindex/Subject.build/Debug/Subject.build/Subject-own-target-headers.hmap -Xcc -I/Users/coryparry/Developer/Projects/Intents/Tools/IntentsAutomation/.runtime/mac-host-preparation-1/mac-host-3DA00FE7-6651-4E61-97FE-85465F766501/DerivedData/Build/Intermediates.noindex/Subject.build/Debug/Subject.build/Subject-all-target-headers.hmap -Xcc -iquote -Xcc /Users/coryparry/Developer/Projects/Intents/Tools/IntentsAutomation/.runtime/mac-host-preparation-1/mac-host-3DA00FE7-6651-4E61-97FE-85465F766501/DerivedData/Build/Intermediates.noindex/Subject.build/Debug/Subject.build/Subject-project-headers.hmap -Xcc -I/Users/coryparry/Developer/Projects/Intents/Tools/IntentsAutomation/.runtime/mac-host-preparation-1/mac-host-3DA00FE7-6651-4E61-97FE-85465F766501/DerivedData/Build/Products/Debug/include -Xcc -I/Users/coryparry/Developer/Projects/Intents/Tools/IntentsAutomation/.runtime/mac-host-preparation-1/mac-host-3DA00FE7-6651-4E61-97FE-85465F766501/DerivedData/Build/Intermediates.noindex/Subject.build/Debug/Subject.build/DerivedSources-normal/arm64 -Xcc -I/Users/coryparry/Developer/Projects/Intents/Tools/IntentsAutomation/.runtime/mac-host-preparation-1/mac-host-3DA00FE7-6651-4E61-97FE-85465F766501/DerivedData/Build/Intermediates.noindex/Subject.build/Debug/Subject.build/DerivedSources/arm64 -Xcc -I/Users/coryparry/Developer/Projects/Intents/Tools/IntentsAutomation/.runtime/mac-host-preparation-1/mac-host-3DA00FE7-6651-4E61-97FE-85465F766501/DerivedData/Build/Intermediates.noindex/Subject.build/Debug/Subject.build/DerivedSources -emit-objc-header -emit-objc-header-path /Users/coryparry/Developer/Projects/Intents/Tools/IntentsAutomation/.runtime/mac-host-preparation-1/mac-host-3DA00FE7-6651-4E61-97FE-85465F766501/DerivedData/Build/Intermediates.noindex/Subject.build/Debug/Subject.build/Objects-normal/arm64/Subject-Swift.h -working-directory /Users/coryparry/Developer/Projects/Intents/Tools/IntentsAutomation/.runtime/mac-host-preparation-1/mac-host-3DA00FE7-6651-4E61-97FE-85465F766501/session/source -experimental-emit-module-separately -disable-cmo

SwiftMergeGeneratedHeaders /Users/coryparry/Developer/Projects/Intents/Tools/IntentsAutomation/.runtime/mac-host-preparation-1/mac-host-3DA00FE7-6651-4E61-97FE-85465F766501/DerivedData/Build/Intermediates.noindex/Subject.build/Debug/Subject.build/DerivedSources/Subject-Swift.h /Users/coryparry/Developer/Projects/Intents/Tools/IntentsAutomation/.runtime/mac-host-preparation-1/mac-host-3DA00FE7-6651-4E61-97FE-85465F766501/DerivedData/Build/Intermediates.noindex/Subject.build/Debug/Subject.build/Objects-normal/arm64/Subject-Swift.h (in target 'Subject' from project 'Subject')
    cd /Users/coryparry/Developer/Projects/Intents/Tools/IntentsAutomation/.runtime/mac-host-preparation-1/mac-host-3DA00FE7-6651-4E61-97FE-85465F766501/session/source
    builtin-swiftHeaderTool -arch arm64 /Users/coryparry/Developer/Projects/Intents/Tools/IntentsAutomation/.runtime/mac-host-preparation-1/mac-host-3DA00FE7-6651-4E61-97FE-85465F766501/DerivedData/Build/Intermediates.noindex/Subject.build/Debug/Subject.build/Objects-normal/arm64/Subject-Swift.h -o /Users/coryparry/Developer/Projects/Intents/Tools/IntentsAutomation/.runtime/mac-host-preparation-1/mac-host-3DA00FE7-6651-4E61-97FE-85465F766501/DerivedData/Build/Intermediates.noindex/Subject.build/Debug/Subject.build/DerivedSources/Subject-Swift.h

Copy /Users/coryparry/Developer/Projects/Intents/Tools/IntentsAutomation/.runtime/mac-host-preparation-1/mac-host-3DA00FE7-6651-4E61-97FE-85465F766501/DerivedData/Build/Products/Debug/Subject.swiftmodule/arm64-apple-macos.swiftmodule /Users/coryparry/Developer/Projects/Intents/Tools/IntentsAutomation/.runtime/mac-host-preparation-1/mac-host-3DA00FE7-6651-4E61-97FE-85465F766501/DerivedData/Build/Intermediates.noindex/Subject.build/Debug/Subject.build/Objects-normal/arm64/Subject.swiftmodule (in target 'Subject' from project 'Subject')
    cd /Users/coryparry/Developer/Projects/Intents/Tools/IntentsAutomation/.runtime/mac-host-preparation-1/mac-host-3DA00FE7-6651-4E61-97FE-85465F766501/session/source
    builtin-copy -exclude .DS_Store -exclude CVS -exclude .svn -exclude .git -exclude .hg -strip-unsigned-binaries -strip-deterministic -strip-tool /Applications/Xcode.app/Contents/Developer/Toolchains/XcodeDefault.xctoolchain/usr/bin/strip -resolve-src-symlinks -rename /Users/coryparry/Developer/Projects/Intents/Tools/IntentsAutomation/.runtime/mac-host-preparation-1/mac-host-3DA00FE7-6651-4E61-97FE-85465F766501/DerivedData/Build/Intermediates.noindex/Subject.build/Debug/Subject.build/Objects-normal/arm64/Subject.swiftmodule /Users/coryparry/Developer/Projects/Intents/Tools/IntentsAutomation/.runtime/mac-host-preparation-1/mac-host-3DA00FE7-6651-4E61-97FE-85465F766501/DerivedData/Build/Products/Debug/Subject.swiftmodule/arm64-apple-macos.swiftmodule

Copy /Users/coryparry/Developer/Projects/Intents/Tools/IntentsAutomation/.runtime/mac-host-preparation-1/mac-host-3DA00FE7-6651-4E61-97FE-85465F766501/DerivedData/Build/Products/Debug/Subject.swiftmodule/arm64-apple-macos.swiftdoc /Users/coryparry/Developer/Projects/Intents/Tools/IntentsAutomation/.runtime/mac-host-preparation-1/mac-host-3DA00FE7-6651-4E61-97FE-85465F766501/DerivedData/Build/Intermediates.noindex/Subject.build/Debug/Subject.build/Objects-normal/arm64/Subject.swiftdoc (in target 'Subject' from project 'Subject')
    cd /Users/coryparry/Developer/Projects/Intents/Tools/IntentsAutomation/.runtime/mac-host-preparation-1/mac-host-3DA00FE7-6651-4E61-97FE-85465F766501/session/source
    builtin-copy -exclude .DS_Store -exclude CVS -exclude .svn -exclude .git -exclude .hg -strip-unsigned-binaries -strip-deterministic -strip-tool /Applications/Xcode.app/Contents/Developer/Toolchains/XcodeDefault.xctoolchain/usr/bin/strip -resolve-src-symlinks -rename /Users/coryparry/Developer/Projects/Intents/Tools/IntentsAutomation/.runtime/mac-host-preparation-1/mac-host-3DA00FE7-6651-4E61-97FE-85465F766501/DerivedData/Build/Intermediates.noindex/Subject.build/Debug/Subject.build/Objects-normal/arm64/Subject.swiftdoc /Users/coryparry/Developer/Projects/Intents/Tools/IntentsAutomation/.runtime/mac-host-preparation-1/mac-host-3DA00FE7-6651-4E61-97FE-85465F766501/DerivedData/Build/Products/Debug/Subject.swiftmodule/arm64-apple-macos.swiftdoc

Copy /Users/coryparry/Developer/Projects/Intents/Tools/IntentsAutomation/.runtime/mac-host-preparation-1/mac-host-3DA00FE7-6651-4E61-97FE-85465F766501/DerivedData/Build/Products/Debug/Subject.swiftmodule/arm64-apple-macos.abi.json /Users/coryparry/Developer/Projects/Intents/Tools/IntentsAutomation/.runtime/mac-host-preparation-1/mac-host-3DA00FE7-6651-4E61-97FE-85465F766501/DerivedData/Build/Intermediates.noindex/Subject.build/Debug/Subject.build/Objects-normal/arm64/Subject.abi.json (in target 'Subject' from project 'Subject')
    cd /Users/coryparry/Developer/Projects/Intents/Tools/IntentsAutomation/.runtime/mac-host-preparation-1/mac-host-3DA00FE7-6651-4E61-97FE-85465F766501/session/source
    builtin-copy -exclude .DS_Store -exclude CVS -exclude .svn -exclude .git -exclude .hg -strip-unsigned-binaries -strip-deterministic -strip-tool /Applications/Xcode.app/Contents/Developer/Toolchains/XcodeDefault.xctoolchain/usr/bin/strip -resolve-src-symlinks -rename /Users/coryparry/Developer/Projects/Intents/Tools/IntentsAutomation/.runtime/mac-host-preparation-1/mac-host-3DA00FE7-6651-4E61-97FE-85465F766501/DerivedData/Build/Intermediates.noindex/Subject.build/Debug/Subject.build/Objects-normal/arm64/Subject.abi.json /Users/coryparry/Developer/Projects/Intents/Tools/IntentsAutomation/.runtime/mac-host-preparation-1/mac-host-3DA00FE7-6651-4E61-97FE-85465F766501/DerivedData/Build/Products/Debug/Subject.swiftmodule/arm64-apple-macos.abi.json

Copy /Users/coryparry/Developer/Projects/Intents/Tools/IntentsAutomation/.runtime/mac-host-preparation-1/mac-host-3DA00FE7-6651-4E61-97FE-85465F766501/DerivedData/Build/Products/Debug/Subject.swiftmodule/Project/arm64-apple-macos.swiftsourceinfo /Users/coryparry/Developer/Projects/Intents/Tools/IntentsAutomation/.runtime/mac-host-preparation-1/mac-host-3DA00FE7-6651-4E61-97FE-85465F766501/DerivedData/Build/Intermediates.noindex/Subject.build/Debug/Subject.build/Objects-normal/arm64/Subject.swiftsourceinfo (in target 'Subject' from project 'Subject')
    cd /Users/coryparry/Developer/Projects/Intents/Tools/IntentsAutomation/.runtime/mac-host-preparation-1/mac-host-3DA00FE7-6651-4E61-97FE-85465F766501/session/source
    builtin-copy -exclude .DS_Store -exclude CVS -exclude .svn -exclude .git -exclude .hg -strip-unsigned-binaries -strip-deterministic -strip-tool /Applications/Xcode.app/Contents/Developer/Toolchains/XcodeDefault.xctoolchain/usr/bin/strip -resolve-src-symlinks -rename /Users/coryparry/Developer/Projects/Intents/Tools/IntentsAutomation/.runtime/mac-host-preparation-1/mac-host-3DA00FE7-6651-4E61-97FE-85465F766501/DerivedData/Build/Intermediates.noindex/Subject.build/Debug/Subject.build/Objects-normal/arm64/Subject.swiftsourceinfo /Users/coryparry/Developer/Projects/Intents/Tools/IntentsAutomation/.runtime/mac-host-preparation-1/mac-host-3DA00FE7-6651-4E61-97FE-85465F766501/DerivedData/Build/Products/Debug/Subject.swiftmodule/Project/arm64-apple-macos.swiftsourceinfo

SwiftDriver IntentsAutomationHost_f030f86ca51f normal arm64 com.apple.xcode.tools.swift.compiler (in target 'IntentsAutomationHost_f030f86ca51f' from project 'Subject')
    cd /Users/coryparry/Developer/Projects/Intents/Tools/IntentsAutomation/.runtime/mac-host-preparation-1/mac-host-3DA00FE7-6651-4E61-97FE-85465F766501/session/source
    builtin-SwiftDriver -- /Applications/Xcode.app/Contents/Developer/Toolchains/XcodeDefault.xctoolchain/usr/bin/swiftc -module-name IntentsAutomationHost_f030f86ca51f -O @/Users/coryparry/Developer/Projects/Intents/Tools/IntentsAutomation/.runtime/mac-host-preparation-1/mac-host-3DA00FE7-6651-4E61-97FE-85465F766501/DerivedData/Build/Intermediates.noindex/Subject.build/Debug/IntentsAutomationHost_f030f86ca51f.build/Objects-normal/arm64/IntentsAutomationHost_f030f86ca51f.SwiftFileList -module-alias Testing\=_Testing_Unavailable -plugin-path /Applications/Xcode.app/Contents/Developer/Toolchains/XcodeDefault.xctoolchain/usr/lib/swift/host/plugins/testing -enable-experimental-feature DebugDescriptionMacro -sdk /Applications/Xcode.app/Contents/Developer/Platforms/MacOSX.platform/Developer/SDKs/MacOSX27.0.sdk -target arm64-apple-macos27.0 -g -module-cache-path /Users/coryparry/Developer/Projects/Intents/Tools/IntentsAutomation/.runtime/mac-host-preparation-1/mac-host-3DA00FE7-6651-4E61-97FE-85465F766501/DerivedData/ModuleCache.noindex -Xfrontend -serialize-debugging-options -swift-version 6 -I /Users/coryparry/Developer/Projects/Intents/Tools/IntentsAutomation/.runtime/mac-host-preparation-1/mac-host-3DA00FE7-6651-4E61-97FE-85465F766501/DerivedData/Build/Products/Debug -Isystem /Applications/Xcode.app/Contents/Developer/Platforms/MacOSX.platform/Developer/usr/lib -F /Users/coryparry/Developer/Projects/Intents/Tools/IntentsAutomation/.runtime/mac-host-preparation-1/mac-host-3DA00FE7-6651-4E61-97FE-85465F766501/DerivedData/Build/Products/Debug -F /Applications/Xcode.app/Contents/Developer/Platforms/MacOSX.platform/Developer/Library/Frameworks -c -j10 -enable-batch-mode -incremental -Xcc -ivfsstatcache -Xcc /Users/coryparry/Developer/Projects/Intents/Tools/IntentsAutomation/.runtime/mac-host-preparation-1/mac-host-3DA00FE7-6651-4E61-97FE-85465F766501/DerivedData/SDKStatCaches.noindex/macosx27.0-26A425-7231f6df4def33e022ae2eb8f782df1a.sdkstatcache -output-file-map /Users/coryparry/Developer/Projects/Intents/Tools/IntentsAutomation/.runtime/mac-host-preparation-1/mac-host-3DA00FE7-6651-4E61-97FE-85465F766501/DerivedData/Build/Intermediates.noindex/Subject.build/Debug/IntentsAutomationHost_f030f86ca51f.build/Objects-normal/arm64/IntentsAutomationHost_f030f86ca51f-OutputFileMap.json -save-temps -no-color-diagnostics -explicit-module-build -module-cache-path /Users/coryparry/Developer/Projects/Intents/Tools/IntentsAutomation/.runtime/mac-host-preparation-1/mac-host-3DA00FE7-6651-4E61-97FE-85465F766501/DerivedData/Build/Intermediates.noindex/SwiftExplicitPrecompiledModules -clang-scanner-module-cache-path /Users/coryparry/Developer/Projects/Intents/Tools/IntentsAutomation/.runtime/mac-host-preparation-1/mac-host-3DA00FE7-6651-4E61-97FE-85465F766501/DerivedData/ModuleCache.noindex -sdk-module-cache-path /Users/coryparry/Developer/Projects/Intents/Tools/IntentsAutomation/.runtime/mac-host-preparation-1/mac-host-3DA00FE7-6651-4E61-97FE-85465F766501/DerivedData/SDKExplicitPrecompiledModules -emit-dependencies -emit-module -emit-module-path /Users/coryparry/Developer/Projects/Intents/Tools/IntentsAutomation/.runtime/mac-host-preparation-1/mac-host-3DA00FE7-6651-4E61-97FE-85465F766501/DerivedData/Build/Intermediates.noindex/Subject.build/Debug/IntentsAutomationHost_f030f86ca51f.build/Objects-normal/arm64/IntentsAutomationHost_f030f86ca51f.swiftmodule -serialize-diagnostics -dependency-scan-serialize-diagnostics-path /Users/coryparry/Developer/Projects/Intents/Tools/IntentsAutomation/.runtime/mac-host-preparation-1/mac-host-3DA00FE7-6651-4E61-97FE-85465F766501/DerivedData/Build/Intermediates.noindex/Subject.build/Debug/IntentsAutomationHost_f030f86ca51f.build/Objects-normal/arm64/IntentsAutomationHost_f030f86ca51f-dependency-scan.dia -validate-clang-modules-once -clang-build-session-file /Users/coryparry/Developer/Projects/Intents/Tools/IntentsAutomation/.runtime/mac-host-preparation-1/mac-host-3DA00FE7-6651-4E61-97FE-85465F766501/DerivedData/ModuleCache.noindex/Session.modulevalidation -Xcc -fmodules-prune-interval\=86400 -Xcc -fmodules-prune-after\=345600 -emit-const-values -const-gather-protocols-list /Users/coryparry/Developer/Projects/Intents/Tools/IntentsAutomation/.runtime/mac-host-preparation-1/mac-host-3DA00FE7-6651-4E61-97FE-85465F766501/DerivedData/Build/Intermediates.noindex/Subject.build/Debug/IntentsAutomationHost_f030f86ca51f.build/Objects-normal/arm64/IntentsAutomationHost_f030f86ca51f_const_extract_protocols.json -Xcc -iquote -Xcc /Users/coryparry/Developer/Projects/Intents/Tools/IntentsAutomation/.runtime/mac-host-preparation-1/mac-host-3DA00FE7-6651-4E61-97FE-85465F766501/DerivedData/Build/Intermediates.noindex/Subject.build/Debug/IntentsAutomationHost_f030f86ca51f.build/IntentsAutomationHost_f030f86ca51f-generated-files.hmap -Xcc -I/Users/coryparry/Developer/Projects/Intents/Tools/IntentsAutomation/.runtime/mac-host-preparation-1/mac-host-3DA00FE7-6651-4E61-97FE-85465F766501/DerivedData/Build/Intermediates.noindex/Subject.build/Debug/IntentsAutomationHost_f030f86ca51f.build/IntentsAutomationHost_f030f86ca51f-own-target-headers.hmap -Xcc -I/Users/coryparry/Developer/Projects/Intents/Tools/IntentsAutomation/.runtime/mac-host-preparation-1/mac-host-3DA00FE7-6651-4E61-97FE-85465F766501/DerivedData/Build/Intermediates.noindex/Subject.build/Debug/IntentsAutomationHost_f030f86ca51f.build/IntentsAutomationHost_f030f86ca51f-all-target-headers.hmap -Xcc -iquote -Xcc /Users/coryparry/Developer/Projects/Intents/Tools/IntentsAutomation/.runtime/mac-host-preparation-1/mac-host-3DA00FE7-6651-4E61-97FE-85465F766501/DerivedData/Build/Intermediates.noindex/Subject.build/Debug/IntentsAutomationHost_f030f86ca51f.build/IntentsAutomationHost_f030f86ca51f-project-headers.hmap -Xcc -I/Users/coryparry/Developer/Projects/Intents/Tools/IntentsAutomation/.runtime/mac-host-preparation-1/mac-host-3DA00FE7-6651-4E61-97FE-85465F766501/DerivedData/Build/Products/Debug/include -Xcc -I/Users/coryparry/Developer/Projects/Intents/Tools/IntentsAutomation/.runtime/mac-host-preparation-1/mac-host-3DA00FE7-6651-4E61-97FE-85465F766501/DerivedData/Build/Intermediates.noindex/Subject.build/Debug/IntentsAutomationHost_f030f86ca51f.build/DerivedSources-normal/arm64 -Xcc -I/Users/coryparry/Developer/Projects/Intents/Tools/IntentsAutomation/.runtime/mac-host-preparation-1/mac-host-3DA00FE7-6651-4E61-97FE-85465F766501/DerivedData/Build/Intermediates.noindex/Subject.build/Debug/IntentsAutomationHost_f030f86ca51f.build/DerivedSources/arm64 -Xcc -I/Users/coryparry/Developer/Projects/Intents/Tools/IntentsAutomation/.runtime/mac-host-preparation-1/mac-host-3DA00FE7-6651-4E61-97FE-85465F766501/DerivedData/Build/Intermediates.noindex/Subject.build/Debug/IntentsAutomationHost_f030f86ca51f.build/DerivedSources -emit-objc-header -emit-objc-header-path /Users/coryparry/Developer/Projects/Intents/Tools/IntentsAutomation/.runtime/mac-host-preparation-1/mac-host-3DA00FE7-6651-4E61-97FE-85465F766501/DerivedData/Build/Intermediates.noindex/Subject.build/Debug/IntentsAutomationHost_f030f86ca51f.build/Objects-normal/arm64/IntentsAutomationHost_f030f86ca51f-Swift.h -working-directory /Users/coryparry/Developer/Projects/Intents/Tools/IntentsAutomation/.runtime/mac-host-preparation-1/mac-host-3DA00FE7-6651-4E61-97FE-85465F766501/session/source -experimental-emit-module-separately -disable-cmo

SwiftDriverJobDiscovery normal arm64 Compiling Subject.swift (in target 'Subject' from project 'Subject')

SwiftDriver\ Compilation Subject normal arm64 com.apple.xcode.tools.swift.compiler (in target 'Subject' from project 'Subject')
    cd /Users/coryparry/Developer/Projects/Intents/Tools/IntentsAutomation/.runtime/mac-host-preparation-1/mac-host-3DA00FE7-6651-4E61-97FE-85465F766501/session/source
    builtin-Swift-Compilation -- /Applications/Xcode.app/Contents/Developer/Toolchains/XcodeDefault.xctoolchain/usr/bin/swiftc -module-name Subject -O @/Users/coryparry/Developer/Projects/Intents/Tools/IntentsAutomation/.runtime/mac-host-preparation-1/mac-host-3DA00FE7-6651-4E61-97FE-85465F766501/DerivedData/Build/Intermediates.noindex/Subject.build/Debug/Subject.build/Objects-normal/arm64/Subject.SwiftFileList -enable-experimental-feature DebugDescriptionMacro -sdk /Applications/Xcode.app/Contents/Developer/Platforms/MacOSX.platform/Developer/SDKs/MacOSX27.0.sdk -target arm64-apple-macos27.0 -g -module-cache-path /Users/coryparry/Developer/Projects/Intents/Tools/IntentsAutomation/.runtime/mac-host-preparation-1/mac-host-3DA00FE7-6651-4E61-97FE-85465F766501/DerivedData/ModuleCache.noindex -Xfrontend -serialize-debugging-options -swift-version 6 -I /Users/coryparry/Developer/Projects/Intents/Tools/IntentsAutomation/.runtime/mac-host-preparation-1/mac-host-3DA00FE7-6651-4E61-97FE-85465F766501/DerivedData/Build/Products/Debug -F /Users/coryparry/Developer/Projects/Intents/Tools/IntentsAutomation/.runtime/mac-host-preparation-1/mac-host-3DA00FE7-6651-4E61-97FE-85465F766501/DerivedData/Build/Products/Debug -parse-as-library -c -j10 -enable-batch-mode -incremental -Xcc -ivfsstatcache -Xcc /Users/coryparry/Developer/Projects/Intents/Tools/IntentsAutomation/.runtime/mac-host-preparation-1/mac-host-3DA00FE7-6651-4E61-97FE-85465F766501/DerivedData/SDKStatCaches.noindex/macosx27.0-26A425-7231f6df4def33e022ae2eb8f782df1a.sdkstatcache -output-file-map /Users/coryparry/Developer/Projects/Intents/Tools/IntentsAutomation/.runtime/mac-host-preparation-1/mac-host-3DA00FE7-6651-4E61-97FE-85465F766501/DerivedData/Build/Intermediates.noindex/Subject.build/Debug/Subject.build/Objects-normal/arm64/Subject-OutputFileMap.json -save-temps -no-color-diagnostics -explicit-module-build -module-cache-path /Users/coryparry/Developer/Projects/Intents/Tools/IntentsAutomation/.runtime/mac-host-preparation-1/mac-host-3DA00FE7-6651-4E61-97FE-85465F766501/DerivedData/Build/Intermediates.noindex/SwiftExplicitPrecompiledModules -clang-scanner-module-cache-path /Users/coryparry/Developer/Projects/Intents/Tools/IntentsAutomation/.runtime/mac-host-preparation-1/mac-host-3DA00FE7-6651-4E61-97FE-85465F766501/DerivedData/ModuleCache.noindex -sdk-module-cache-path /Users/coryparry/Developer/Projects/Intents/Tools/IntentsAutomation/.runtime/mac-host-preparation-1/mac-host-3DA00FE7-6651-4E61-97FE-85465F766501/DerivedData/SDKExplicitPrecompiledModules -emit-dependencies -emit-module -emit-module-path /Users/coryparry/Developer/Projects/Intents/Tools/IntentsAutomation/.runtime/mac-host-preparation-1/mac-host-3DA00FE7-6651-4E61-97FE-85465F766501/DerivedData/Build/Intermediates.noindex/Subject.build/Debug/Subject.build/Objects-normal/arm64/Subject.swiftmodule -serialize-diagnostics -dependency-scan-serialize-diagnostics-path /Users/coryparry/Developer/Projects/Intents/Tools/IntentsAutomation/.runtime/mac-host-preparation-1/mac-host-3DA00FE7-6651-4E61-97FE-85465F766501/DerivedData/Build/Intermediates.noindex/Subject.build/Debug/Subject.build/Objects-normal/arm64/Subject-dependency-scan.dia -validate-clang-modules-once -clang-build-session-file /Users/coryparry/Developer/Projects/Intents/Tools/IntentsAutomation/.runtime/mac-host-preparation-1/mac-host-3DA00FE7-6651-4E61-97FE-85465F766501/DerivedData/ModuleCache.noindex/Session.modulevalidation -Xcc -fmodules-prune-interval\=86400 -Xcc -fmodules-prune-after\=345600 -emit-const-values -const-gather-protocols-list /Users/coryparry/Developer/Projects/Intents/Tools/IntentsAutomation/.runtime/mac-host-preparation-1/mac-host-3DA00FE7-6651-4E61-97FE-85465F766501/DerivedData/Build/Intermediates.noindex/Subject.build/Debug/Subject.build/Objects-normal/arm64/Subject_const_extract_protocols.json -Xcc -iquote -Xcc /Users/coryparry/Developer/Projects/Intents/Tools/IntentsAutomation/.runtime/mac-host-preparation-1/mac-host-3DA00FE7-6651-4E61-97FE-85465F766501/DerivedData/Build/Intermediates.noindex/Subject.build/Debug/Subject.build/Subject-generated-files.hmap -Xcc -I/Users/coryparry/Developer/Projects/Intents/Tools/IntentsAutomation/.runtime/mac-host-preparation-1/mac-host-3DA00FE7-6651-4E61-97FE-85465F766501/DerivedData/Build/Intermediates.noindex/Subject.build/Debug/Subject.build/Subject-own-target-headers.hmap -Xcc -I/Users/coryparry/Developer/Projects/Intents/Tools/IntentsAutomation/.runtime/mac-host-preparation-1/mac-host-3DA00FE7-6651-4E61-97FE-85465F766501/DerivedData/Build/Intermediates.noindex/Subject.build/Debug/Subject.build/Subject-all-target-headers.hmap -Xcc -iquote -Xcc /Users/coryparry/Developer/Projects/Intents/Tools/IntentsAutomation/.runtime/mac-host-preparation-1/mac-host-3DA00FE7-6651-4E61-97FE-85465F766501/DerivedData/Build/Intermediates.noindex/Subject.build/Debug/Subject.build/Subject-project-headers.hmap -Xcc -I/Users/coryparry/Developer/Projects/Intents/Tools/IntentsAutomation/.runtime/mac-host-preparation-1/mac-host-3DA00FE7-6651-4E61-97FE-85465F766501/DerivedData/Build/Products/Debug/include -Xcc -I/Users/coryparry/Developer/Projects/Intents/Tools/IntentsAutomation/.runtime/mac-host-preparation-1/mac-host-3DA00FE7-6651-4E61-97FE-85465F766501/DerivedData/Build/Intermediates.noindex/Subject.build/Debug/Subject.build/DerivedSources-normal/arm64 -Xcc -I/Users/coryparry/Developer/Projects/Intents/Tools/IntentsAutomation/.runtime/mac-host-preparation-1/mac-host-3DA00FE7-6651-4E61-97FE-85465F766501/DerivedData/Build/Intermediates.noindex/Subject.build/Debug/Subject.build/DerivedSources/arm64 -Xcc -I/Users/coryparry/Developer/Projects/Intents/Tools/IntentsAutomation/.runtime/mac-host-preparation-1/mac-host-3DA00FE7-6651-4E61-97FE-85465F766501/DerivedData/Build/Intermediates.noindex/Subject.build/Debug/Subject.build/DerivedSources -emit-objc-header -emit-objc-header-path /Users/coryparry/Developer/Projects/Intents/Tools/IntentsAutomation/.runtime/mac-host-preparation-1/mac-host-3DA00FE7-6651-4E61-97FE-85465F766501/DerivedData/Build/Intermediates.noindex/Subject.build/Debug/Subject.build/Objects-normal/arm64/Subject-Swift.h -working-directory /Users/coryparry/Developer/Projects/Intents/Tools/IntentsAutomation/.runtime/mac-host-preparation-1/mac-host-3DA00FE7-6651-4E61-97FE-85465F766501/session/source -experimental-emit-module-separately -disable-cmo

Ld /Users/coryparry/Developer/Projects/Intents/Tools/IntentsAutomation/.runtime/mac-host-preparation-1/mac-host-3DA00FE7-6651-4E61-97FE-85465F766501/DerivedData/Build/Products/Debug/Subject.app/Contents/MacOS/Subject normal (in target 'Subject' from project 'Subject')
    cd /Users/coryparry/Developer/Projects/Intents/Tools/IntentsAutomation/.runtime/mac-host-preparation-1/mac-host-3DA00FE7-6651-4E61-97FE-85465F766501/session/source
    /Applications/Xcode.app/Contents/Developer/Toolchains/XcodeDefault.xctoolchain/usr/bin/clang -Xlinker -reproducible -target arm64-apple-macos27.0 -isysroot /Applications/Xcode.app/Contents/Developer/Platforms/MacOSX.platform/Developer/SDKs/MacOSX27.0.sdk -Os -Xlinker -no_warn_duplicate_libraries -L/Users/coryparry/Developer/Projects/Intents/Tools/IntentsAutomation/.runtime/mac-host-preparation-1/mac-host-3DA00FE7-6651-4E61-97FE-85465F766501/DerivedData/Build/Intermediates.noindex/EagerLinkingTBDs/Debug -L/Users/coryparry/Developer/Projects/Intents/Tools/IntentsAutomation/.runtime/mac-host-preparation-1/mac-host-3DA00FE7-6651-4E61-97FE-85465F766501/DerivedData/Build/Products/Debug -F/Users/coryparry/Developer/Projects/Intents/Tools/IntentsAutomation/.runtime/mac-host-preparation-1/mac-host-3DA00FE7-6651-4E61-97FE-85465F766501/DerivedData/Build/Intermediates.noindex/EagerLinkingTBDs/Debug -F/Users/coryparry/Developer/Projects/Intents/Tools/IntentsAutomation/.runtime/mac-host-preparation-1/mac-host-3DA00FE7-6651-4E61-97FE-85465F766501/DerivedData/Build/Products/Debug -filelist /Users/coryparry/Developer/Projects/Intents/Tools/IntentsAutomation/.runtime/mac-host-preparation-1/mac-host-3DA00FE7-6651-4E61-97FE-85465F766501/DerivedData/Build/Intermediates.noindex/Subject.build/Debug/Subject.build/Objects-normal/arm64/Subject.LinkFileList -Xlinker -object_path_lto -Xlinker /Users/coryparry/Developer/Projects/Intents/Tools/IntentsAutomation/.runtime/mac-host-preparation-1/mac-host-3DA00FE7-6651-4E61-97FE-85465F766501/DerivedData/Build/Intermediates.noindex/Subject.build/Debug/Subject.build/Objects-normal/arm64/Subject_lto.o -Xlinker -dependency_info -Xlinker /Users/coryparry/Developer/Projects/Intents/Tools/IntentsAutomation/.runtime/mac-host-preparation-1/mac-host-3DA00FE7-6651-4E61-97FE-85465F766501/DerivedData/Build/Intermediates.noindex/Subject.build/Debug/Subject.build/Objects-normal/arm64/Subject_dependency_info.dat -fobjc-link-runtime -L/Applications/Xcode.app/Contents/Developer/Toolchains/XcodeDefault.xctoolchain/usr/lib/swift/macosx -L/usr/lib/swift -Xlinker -add_ast_path -Xlinker /Users/coryparry/Developer/Projects/Intents/Tools/IntentsAutomation/.runtime/mac-host-preparation-1/mac-host-3DA00FE7-6651-4E61-97FE-85465F766501/DerivedData/Build/Intermediates.noindex/Subject.build/Debug/Subject.build/Objects-normal/arm64/Subject.swiftmodule -o /Users/coryparry/Developer/Projects/Intents/Tools/IntentsAutomation/.runtime/mac-host-preparation-1/mac-host-3DA00FE7-6651-4E61-97FE-85465F766501/DerivedData/Build/Products/Debug/Subject.app/Contents/MacOS/Subject

ExtractAppIntentsMetadata (in target 'Subject' from project 'Subject')
    cd /Users/coryparry/Developer/Projects/Intents/Tools/IntentsAutomation/.runtime/mac-host-preparation-1/mac-host-3DA00FE7-6651-4E61-97FE-85465F766501/session/source
    /Applications/Xcode.app/Contents/Developer/Toolchains/XcodeDefault.xctoolchain/usr/bin/appintentsmetadataprocessor --toolchain-dir /Applications/Xcode.app/Contents/Developer/Toolchains/XcodeDefault.xctoolchain --module-name Subject --sdk-root /Applications/Xcode.app/Contents/Developer/Platforms/MacOSX.platform/Developer/SDKs/MacOSX27.0.sdk --xcode-version 27A266a --platform-family macOS --deployment-target 27.0 --bundle-identifier com.intents.fixture.mac-host --output /Users/coryparry/Developer/Projects/Intents/Tools/IntentsAutomation/.runtime/mac-host-preparation-1/mac-host-3DA00FE7-6651-4E61-97FE-85465F766501/DerivedData/Build/Products/Debug/Subject.app/Contents/Resources --target-triple arm64-apple-macos27.0 --binary-file /Users/coryparry/Developer/Projects/Intents/Tools/IntentsAutomation/.runtime/mac-host-preparation-1/mac-host-3DA00FE7-6651-4E61-97FE-85465F766501/DerivedData/Build/Products/Debug/Subject.app/Contents/MacOS/Subject --dependency-file /Users/coryparry/Developer/Projects/Intents/Tools/IntentsAutomation/.runtime/mac-host-preparation-1/mac-host-3DA00FE7-6651-4E61-97FE-85465F766501/DerivedData/Build/Intermediates.noindex/Subject.build/Debug/Subject.build/Objects-normal/arm64/Subject_dependency_info.dat --stringsdata-file /Users/coryparry/Developer/Projects/Intents/Tools/IntentsAutomation/.runtime/mac-host-preparation-1/mac-host-3DA00FE7-6651-4E61-97FE-85465F766501/DerivedData/Build/Intermediates.noindex/Subject.build/Debug/Subject.build/Objects-normal/arm64/ExtractedAppShortcutsMetadata.stringsdata --source-file-list /Users/coryparry/Developer/Projects/Intents/Tools/IntentsAutomation/.runtime/mac-host-preparation-1/mac-host-3DA00FE7-6651-4E61-97FE-85465F766501/DerivedData/Build/Intermediates.noindex/Subject.build/Debug/Subject.build/Objects-normal/arm64/Subject.SwiftFileList --metadata-file-list /Users/coryparry/Developer/Projects/Intents/Tools/IntentsAutomation/.runtime/mac-host-preparation-1/mac-host-3DA00FE7-6651-4E61-97FE-85465F766501/DerivedData/Build/Intermediates.noindex/Subject.build/Debug/Subject.build/Subject.DependencyMetadataFileList --static-metadata-file-list /Users/coryparry/Developer/Projects/Intents/Tools/IntentsAutomation/.runtime/mac-host-preparation-1/mac-host-3DA00FE7-6651-4E61-97FE-85465F766501/DerivedData/Build/Intermediates.noindex/Subject.build/Debug/Subject.build/Subject.DependencyStaticMetadataFileList --swift-const-vals-list /Users/coryparry/Developer/Projects/Intents/Tools/IntentsAutomation/.runtime/mac-host-preparation-1/mac-host-3DA00FE7-6651-4E61-97FE-85465F766501/DerivedData/Build/Intermediates.noindex/Subject.build/Debug/Subject.build/Objects-normal/arm64/Subject.SwiftConstValuesFileList --compile-time-extraction --deployment-aware-processing --no-app-shortcuts-localization
2026-10-07 19:57:45.083 appintentsmetadataprocessor[14273:599853] Starting appintentsmetadataprocessor export
2026-10-07 19:57:45.137 appintentsmetadataprocessor[14273:599853] Writing Metadata.appintents
2026-10-07 19:57:45.137 appintentsmetadataprocessor[14273:599853] Metadata root: /Users/coryparry/Developer/Projects/Intents/Tools/IntentsAutomation/.runtime/mac-host-preparation-1/mac-host-3DA00FE7-6651-4E61-97FE-85465F766501/DerivedData/Build/Products/Debug/Subject.app/Contents/Resources/Metadata.appintents

CopySwiftLibs /Users/coryparry/Developer/Projects/Intents/Tools/IntentsAutomation/.runtime/mac-host-preparation-1/mac-host-3DA00FE7-6651-4E61-97FE-85465F766501/DerivedData/Build/Products/Debug/Subject.app (in target 'Subject' from project 'Subject')
    cd /Users/coryparry/Developer/Projects/Intents/Tools/IntentsAutomation/.runtime/mac-host-preparation-1/mac-host-3DA00FE7-6651-4E61-97FE-85465F766501/session/source
    builtin-swiftStdLibTool --copy --verbose --scan-executable /Users/coryparry/Developer/Projects/Intents/Tools/IntentsAutomation/.runtime/mac-host-preparation-1/mac-host-3DA00FE7-6651-4E61-97FE-85465F766501/DerivedData/Build/Products/Debug/Subject.app/Contents/MacOS/Subject --scan-folder /Users/coryparry/Developer/Projects/Intents/Tools/IntentsAutomation/.runtime/mac-host-preparation-1/mac-host-3DA00FE7-6651-4E61-97FE-85465F766501/DerivedData/Build/Products/Debug/Subject.app/Contents/Frameworks --scan-folder /Users/coryparry/Developer/Projects/Intents/Tools/IntentsAutomation/.runtime/mac-host-preparation-1/mac-host-3DA00FE7-6651-4E61-97FE-85465F766501/DerivedData/Build/Products/Debug/Subject.app/Contents/PlugIns --scan-folder /Users/coryparry/Developer/Projects/Intents/Tools/IntentsAutomation/.runtime/mac-host-preparation-1/mac-host-3DA00FE7-6651-4E61-97FE-85465F766501/DerivedData/Build/Products/Debug/Subject.app/Contents/Library/SystemExtensions --scan-folder /Users/coryparry/Developer/Projects/Intents/Tools/IntentsAutomation/.runtime/mac-host-preparation-1/mac-host-3DA00FE7-6651-4E61-97FE-85465F766501/DerivedData/Build/Products/Debug/Subject.app/Contents/Extensions --platform macosx --toolchain /Applications/Xcode.app/Contents/Developer/Toolchains/XcodeDefault.xctoolchain --destination /Users/coryparry/Developer/Projects/Intents/Tools/IntentsAutomation/.runtime/mac-host-preparation-1/mac-host-3DA00FE7-6651-4E61-97FE-85465F766501/DerivedData/Build/Products/Debug/Subject.app/Contents/Frameworks --strip-bitcode --strip-bitcode-tool /Applications/Xcode.app/Contents/Developer/Toolchains/XcodeDefault.xctoolchain/usr/bin/bitcode_strip --emit-dependency-info /Users/coryparry/Developer/Projects/Intents/Tools/IntentsAutomation/.runtime/mac-host-preparation-1/mac-host-3DA00FE7-6651-4E61-97FE-85465F766501/DerivedData/Build/Intermediates.noindex/Subject.build/Debug/Subject.build/SwiftStdLibToolInputDependencies.dep --filter-for-swift-os
Ignoring --strip-bitcode because --sign was not passed

RegisterExecutionPolicyException /Users/coryparry/Developer/Projects/Intents/Tools/IntentsAutomation/.runtime/mac-host-preparation-1/mac-host-3DA00FE7-6651-4E61-97FE-85465F766501/DerivedData/Build/Products/Debug/Subject.app (in target 'Subject' from project 'Subject')
    cd /Users/coryparry/Developer/Projects/Intents/Tools/IntentsAutomation/.runtime/mac-host-preparation-1/mac-host-3DA00FE7-6651-4E61-97FE-85465F766501/session/source
    builtin-RegisterExecutionPolicyException /Users/coryparry/Developer/Projects/Intents/Tools/IntentsAutomation/.runtime/mac-host-preparation-1/mac-host-3DA00FE7-6651-4E61-97FE-85465F766501/DerivedData/Build/Products/Debug/Subject.app

Validate /Users/coryparry/Developer/Projects/Intents/Tools/IntentsAutomation/.runtime/mac-host-preparation-1/mac-host-3DA00FE7-6651-4E61-97FE-85465F766501/DerivedData/Build/Products/Debug/Subject.app (in target 'Subject' from project 'Subject')
    cd /Users/coryparry/Developer/Projects/Intents/Tools/IntentsAutomation/.runtime/mac-host-preparation-1/mac-host-3DA00FE7-6651-4E61-97FE-85465F766501/session/source
    builtin-validationUtility /Users/coryparry/Developer/Projects/Intents/Tools/IntentsAutomation/.runtime/mac-host-preparation-1/mac-host-3DA00FE7-6651-4E61-97FE-85465F766501/DerivedData/Build/Products/Debug/Subject.app -no-validate-extension -infoplist-subpath Contents/Info.plist

Touch /Users/coryparry/Developer/Projects/Intents/Tools/IntentsAutomation/.runtime/mac-host-preparation-1/mac-host-3DA00FE7-6651-4E61-97FE-85465F766501/DerivedData/Build/Products/Debug/Subject.app (in target 'Subject' from project 'Subject')
    cd /Users/coryparry/Developer/Projects/Intents/Tools/IntentsAutomation/.runtime/mac-host-preparation-1/mac-host-3DA00FE7-6651-4E61-97FE-85465F766501/session/source
    /usr/bin/touch -c /Users/coryparry/Developer/Projects/Intents/Tools/IntentsAutomation/.runtime/mac-host-preparation-1/mac-host-3DA00FE7-6651-4E61-97FE-85465F766501/DerivedData/Build/Products/Debug/Subject.app

RegisterWithLaunchServices /Users/coryparry/Developer/Projects/Intents/Tools/IntentsAutomation/.runtime/mac-host-preparation-1/mac-host-3DA00FE7-6651-4E61-97FE-85465F766501/DerivedData/Build/Products/Debug/Subject.app (in target 'Subject' from project 'Subject')
    cd /Users/coryparry/Developer/Projects/Intents/Tools/IntentsAutomation/.runtime/mac-host-preparation-1/mac-host-3DA00FE7-6651-4E61-97FE-85465F766501/session/source
    builtin-lsregisterurl --record-path /Users/coryparry/Developer/Projects/Intents/Tools/IntentsAutomation/.runtime/mac-host-preparation-1/mac-host-3DA00FE7-6651-4E61-97FE-85465F766501/DerivedData/Build/Intermediates.noindex/XCBuildData/registered-launchservices.txt -- /System/Library/Frameworks/CoreServices.framework/Versions/Current/Frameworks/LaunchServices.framework/Versions/Current/Support/lsregister -f -R -trusted /Users/coryparry/Developer/Projects/Intents/Tools/IntentsAutomation/.runtime/mac-host-preparation-1/mac-host-3DA00FE7-6651-4E61-97FE-85465F766501/DerivedData/Build/Products/Debug/Subject.app

SwiftExplicitDependencyGeneratePcm arm64 /Users/coryparry/Developer/Projects/Intents/Tools/IntentsAutomation/.runtime/mac-host-preparation-1/mac-host-3DA00FE7-6651-4E61-97FE-85465F766501/DerivedData/Build/Intermediates.noindex/SwiftExplicitPrecompiledModules/XCUIAutomation-1F5KMKYP63GFMQ13NR0YSOB5W.pcm

SwiftExplicitDependencyCompileModuleFromInterface arm64 /Users/coryparry/Developer/Projects/Intents/Tools/IntentsAutomation/.runtime/mac-host-preparation-1/mac-host-3DA00FE7-6651-4E61-97FE-85465F766501/DerivedData/Build/Intermediates.noindex/SwiftExplicitPrecompiledModules/AppIntentsTesting-GHI3OE9E5V65.swiftmodule

SwiftExplicitDependencyCompileModuleFromInterface arm64 /Users/coryparry/Developer/Projects/Intents/Tools/IntentsAutomation/.runtime/mac-host-preparation-1/mac-host-3DA00FE7-6651-4E61-97FE-85465F766501/DerivedData/Build/Intermediates.noindex/SwiftExplicitPrecompiledModules/XCUIAutomation-2JV1FLB29FOAS.swiftmodule

SwiftExplicitDependencyGeneratePcm arm64 /Users/coryparry/Developer/Projects/Intents/Tools/IntentsAutomation/.runtime/mac-host-preparation-1/mac-host-3DA00FE7-6651-4E61-97FE-85465F766501/DerivedData/Build/Intermediates.noindex/SwiftExplicitPrecompiledModules/XCTest-1P6BVGC472GOHVK4J5CSVNKYN.pcm

ProcessInfoPlistFile /Users/coryparry/Developer/Projects/Intents/Tools/IntentsAutomation/.runtime/mac-host-preparation-1/mac-host-3DA00FE7-6651-4E61-97FE-85465F766501/DerivedData/Build/Products/Debug/IntentsAutomationHost_f030f86ca51f-Runner.app/Contents/PlugIns/IntentsAutomationHost_f030f86ca51f.xctest/Contents/Info.plist /Users/coryparry/Developer/Projects/Intents/Tools/IntentsAutomation/.runtime/mac-host-preparation-1/mac-host-3DA00FE7-6651-4E61-97FE-85465F766501/DerivedData/Build/Intermediates.noindex/Subject.build/Debug/IntentsAutomationHost_f030f86ca51f.build/empty-IntentsAutomationHost_f030f86ca51f.plist (in target 'IntentsAutomationHost_f030f86ca51f' from project 'Subject')
    cd /Users/coryparry/Developer/Projects/Intents/Tools/IntentsAutomation/.runtime/mac-host-preparation-1/mac-host-3DA00FE7-6651-4E61-97FE-85465F766501/session/source
    builtin-infoPlistUtility /Users/coryparry/Developer/Projects/Intents/Tools/IntentsAutomation/.runtime/mac-host-preparation-1/mac-host-3DA00FE7-6651-4E61-97FE-85465F766501/DerivedData/Build/Intermediates.noindex/Subject.build/Debug/IntentsAutomationHost_f030f86ca51f.build/empty-IntentsAutomationHost_f030f86ca51f.plist -producttype com.apple.product-type.bundle.ui-testing -expandbuildsettings -platform macosx -additionalcontentfile /Users/coryparry/Developer/Projects/Intents/Tools/IntentsAutomation/.runtime/mac-host-preparation-1/mac-host-3DA00FE7-6651-4E61-97FE-85465F766501/DerivedData/Build/Intermediates.noindex/Subject.build/Debug/IntentsAutomationHost_f030f86ca51f.build/ProductTypeInfoPlistAdditions.plist -o /Users/coryparry/Developer/Projects/Intents/Tools/IntentsAutomation/.runtime/mac-host-preparation-1/mac-host-3DA00FE7-6651-4E61-97FE-85465F766501/DerivedData/Build/Products/Debug/IntentsAutomationHost_f030f86ca51f-Runner.app/Contents/PlugIns/IntentsAutomationHost_f030f86ca51f.xctest/Contents/Info.plist

SwiftExplicitDependencyCompileModuleFromInterface arm64 /Users/coryparry/Developer/Projects/Intents/Tools/IntentsAutomation/.runtime/mac-host-preparation-1/mac-host-3DA00FE7-6651-4E61-97FE-85465F766501/DerivedData/Build/Intermediates.noindex/SwiftExplicitPrecompiledModules/XCTest-2N0BVQXQU6S9W.swiftmodule

SwiftEmitModule normal arm64 Emitting\ module\ for\ IntentsAutomationHost_f030f86ca51f (in target 'IntentsAutomationHost_f030f86ca51f' from project 'Subject')

SwiftCompile normal arm64 (in target 'IntentsAutomationHost_f030f86ca51f' from project 'Subject')
    cd /Users/coryparry/Developer/Projects/Intents/Tools/IntentsAutomation/.runtime/mac-host-preparation-1/mac-host-3DA00FE7-6651-4E61-97FE-85465F766501/session/source


SwiftCompile normal arm64 Compiling\ AutomationDurationCodec.swift /Users/coryparry/Developer/Projects/Intents/Tools/IntentsAutomation/.runtime/mac-host-preparation-1/mac-host-3DA00FE7-6651-4E61-97FE-85465F766501/session/generated-host/IntentsAutomationHost_f030f86ca51f/Sources/AutomationDurationCodec.swift (in target 'IntentsAutomationHost_f030f86ca51f' from project 'Subject')

SwiftCompile normal arm64 /Users/coryparry/Developer/Projects/Intents/Tools/IntentsAutomation/.runtime/mac-host-preparation-1/mac-host-3DA00FE7-6651-4E61-97FE-85465F766501/session/generated-host/IntentsAutomationHost_f030f86ca51f/Sources/AutomationDurationCodec.swift (in target 'IntentsAutomationHost_f030f86ca51f' from project 'Subject')
    cd /Users/coryparry/Developer/Projects/Intents/Tools/IntentsAutomation/.runtime/mac-host-preparation-1/mac-host-3DA00FE7-6651-4E61-97FE-85465F766501/session/source
    builtin-SwiftPerFileCompile AutomationDurationCodec.swift

SwiftCompile normal arm64 Compiling\ SegmentTests.swift /Users/coryparry/Developer/Projects/Intents/Tools/IntentsAutomation/.runtime/mac-host-preparation-1/mac-host-3DA00FE7-6651-4E61-97FE-85465F766501/session/generated-host/IntentsAutomationHost_f030f86ca51f/Sources/SegmentTests.swift (in target 'IntentsAutomationHost_f030f86ca51f' from project 'Subject')

SwiftCompile normal arm64 /Users/coryparry/Developer/Projects/Intents/Tools/IntentsAutomation/.runtime/mac-host-preparation-1/mac-host-3DA00FE7-6651-4E61-97FE-85465F766501/session/generated-host/IntentsAutomationHost_f030f86ca51f/Sources/SegmentTests.swift (in target 'IntentsAutomationHost_f030f86ca51f' from project 'Subject')
    cd /Users/coryparry/Developer/Projects/Intents/Tools/IntentsAutomation/.runtime/mac-host-preparation-1/mac-host-3DA00FE7-6651-4E61-97FE-85465F766501/session/source
    builtin-SwiftPerFileCompile SegmentTests.swift

sandbox-exec: sandbox_apply: Operation not permitted
/Applications/Xcode.app/Contents/Developer/Platforms/MacOSX.platform/Developer/SDKs/MacOSX27.0.sdk/usr/include/sys/sysctl.h:808:9: warning: could not load macro '_SwiftifyImport'; this may cause errors down the line
806 |
807 | __BEGIN_DECLS
808 | int     sysctl(int *, u_int, void *__sized_by(*oldlenp), size_t *oldlenp,
    |         `- warning: could not load macro '_SwiftifyImport'; this may cause errors down the line
809 |     void *__sized_by(newlen), size_t newlen);
810 | int     sysctlbyname(const char *, void *__sized_by(*oldlenp), size_t *oldlenp,
SwiftDriverJobDiscovery normal arm64 Emitting module for IntentsAutomationHost_f030f86ca51f (in target 'IntentsAutomationHost_f030f86ca51f' from project 'Subject')

SwiftDriverJobDiscovery normal arm64 Compiling AutomationDurationCodec.swift (in target 'IntentsAutomationHost_f030f86ca51f' from project 'Subject')

SwiftDriver\ Compilation\ Requirements IntentsAutomationHost_f030f86ca51f normal arm64 com.apple.xcode.tools.swift.compiler (in target 'IntentsAutomationHost_f030f86ca51f' from project 'Subject')
    cd /Users/coryparry/Developer/Projects/Intents/Tools/IntentsAutomation/.runtime/mac-host-preparation-1/mac-host-3DA00FE7-6651-4E61-97FE-85465F766501/session/source
    builtin-Swift-Compilation-Requirements -- /Applications/Xcode.app/Contents/Developer/Toolchains/XcodeDefault.xctoolchain/usr/bin/swiftc -module-name IntentsAutomationHost_f030f86ca51f -O @/Users/coryparry/Developer/Projects/Intents/Tools/IntentsAutomation/.runtime/mac-host-preparation-1/mac-host-3DA00FE7-6651-4E61-97FE-85465F766501/DerivedData/Build/Intermediates.noindex/Subject.build/Debug/IntentsAutomationHost_f030f86ca51f.build/Objects-normal/arm64/IntentsAutomationHost_f030f86ca51f.SwiftFileList -module-alias Testing\=_Testing_Unavailable -plugin-path /Applications/Xcode.app/Contents/Developer/Toolchains/XcodeDefault.xctoolchain/usr/lib/swift/host/plugins/testing -enable-experimental-feature DebugDescriptionMacro -sdk /Applications/Xcode.app/Contents/Developer/Platforms/MacOSX.platform/Developer/SDKs/MacOSX27.0.sdk -target arm64-apple-macos27.0 -g -module-cache-path /Users/coryparry/Developer/Projects/Intents/Tools/IntentsAutomation/.runtime/mac-host-preparation-1/mac-host-3DA00FE7-6651-4E61-97FE-85465F766501/DerivedData/ModuleCache.noindex -Xfrontend -serialize-debugging-options -swift-version 6 -I /Users/coryparry/Developer/Projects/Intents/Tools/IntentsAutomation/.runtime/mac-host-preparation-1/mac-host-3DA00FE7-6651-4E61-97FE-85465F766501/DerivedData/Build/Products/Debug -Isystem /Applications/Xcode.app/Contents/Developer/Platforms/MacOSX.platform/Developer/usr/lib -F /Users/coryparry/Developer/Projects/Intents/Tools/IntentsAutomation/.runtime/mac-host-preparation-1/mac-host-3DA00FE7-6651-4E61-97FE-85465F766501/DerivedData/Build/Products/Debug -F /Applications/Xcode.app/Contents/Developer/Platforms/MacOSX.platform/Developer/Library/Frameworks -c -j10 -enable-batch-mode -incremental -Xcc -ivfsstatcache -Xcc /Users/coryparry/Developer/Projects/Intents/Tools/IntentsAutomation/.runtime/mac-host-preparation-1/mac-host-3DA00FE7-6651-4E61-97FE-85465F766501/DerivedData/SDKStatCaches.noindex/macosx27.0-26A425-7231f6df4def33e022ae2eb8f782df1a.sdkstatcache -output-file-map /Users/coryparry/Developer/Projects/Intents/Tools/IntentsAutomation/.runtime/mac-host-preparation-1/mac-host-3DA00FE7-6651-4E61-97FE-85465F766501/DerivedData/Build/Intermediates.noindex/Subject.build/Debug/IntentsAutomationHost_f030f86ca51f.build/Objects-normal/arm64/IntentsAutomationHost_f030f86ca51f-OutputFileMap.json -save-temps -no-color-diagnostics -explicit-module-build -module-cache-path /Users/coryparry/Developer/Projects/Intents/Tools/IntentsAutomation/.runtime/mac-host-preparation-1/mac-host-3DA00FE7-6651-4E61-97FE-85465F766501/DerivedData/Build/Intermediates.noindex/SwiftExplicitPrecompiledModules -clang-scanner-module-cache-path /Users/coryparry/Developer/Projects/Intents/Tools/IntentsAutomation/.runtime/mac-host-preparation-1/mac-host-3DA00FE7-6651-4E61-97FE-85465F766501/DerivedData/ModuleCache.noindex -sdk-module-cache-path /Users/coryparry/Developer/Projects/Intents/Tools/IntentsAutomation/.runtime/mac-host-preparation-1/mac-host-3DA00FE7-6651-4E61-97FE-85465F766501/DerivedData/SDKExplicitPrecompiledModules -emit-dependencies -emit-module -emit-module-path /Users/coryparry/Developer/Projects/Intents/Tools/IntentsAutomation/.runtime/mac-host-preparation-1/mac-host-3DA00FE7-6651-4E61-97FE-85465F766501/DerivedData/Build/Intermediates.noindex/Subject.build/Debug/IntentsAutomationHost_f030f86ca51f.build/Objects-normal/arm64/IntentsAutomationHost_f030f86ca51f.swiftmodule -serialize-diagnostics -dependency-scan-serialize-diagnostics-path /Users/coryparry/Developer/Projects/Intents/Tools/IntentsAutomation/.runtime/mac-host-preparation-1/mac-host-3DA00FE7-6651-4E61-97FE-85465F766501/DerivedData/Build/Intermediates.noindex/Subject.build/Debug/IntentsAutomationHost_f030f86ca51f.build/Objects-normal/arm64/IntentsAutomationHost_f030f86ca51f-dependency-scan.dia -validate-clang-modules-once -clang-build-session-file /Users/coryparry/Developer/Projects/Intents/Tools/IntentsAutomation/.runtime/mac-host-preparation-1/mac-host-3DA00FE7-6651-4E61-97FE-85465F766501/DerivedData/ModuleCache.noindex/Session.modulevalidation -Xcc -fmodules-prune-interval\=86400 -Xcc -fmodules-prune-after\=345600 -emit-const-values -const-gather-protocols-list /Users/coryparry/Developer/Projects/Intents/Tools/IntentsAutomation/.runtime/mac-host-preparation-1/mac-host-3DA00FE7-6651-4E61-97FE-85465F766501/DerivedData/Build/Intermediates.noindex/Subject.build/Debug/IntentsAutomationHost_f030f86ca51f.build/Objects-normal/arm64/IntentsAutomationHost_f030f86ca51f_const_extract_protocols.json -Xcc -iquote -Xcc /Users/coryparry/Developer/Projects/Intents/Tools/IntentsAutomation/.runtime/mac-host-preparation-1/mac-host-3DA00FE7-6651-4E61-97FE-85465F766501/DerivedData/Build/Intermediates.noindex/Subject.build/Debug/IntentsAutomationHost_f030f86ca51f.build/IntentsAutomationHost_f030f86ca51f-generated-files.hmap -Xcc -I/Users/coryparry/Developer/Projects/Intents/Tools/IntentsAutomation/.runtime/mac-host-preparation-1/mac-host-3DA00FE7-6651-4E61-97FE-85465F766501/DerivedData/Build/Intermediates.noindex/Subject.build/Debug/IntentsAutomationHost_f030f86ca51f.build/IntentsAutomationHost_f030f86ca51f-own-target-headers.hmap -Xcc -I/Users/coryparry/Developer/Projects/Intents/Tools/IntentsAutomation/.runtime/mac-host-preparation-1/mac-host-3DA00FE7-6651-4E61-97FE-85465F766501/DerivedData/Build/Intermediates.noindex/Subject.build/Debug/IntentsAutomationHost_f030f86ca51f.build/IntentsAutomationHost_f030f86ca51f-all-target-headers.hmap -Xcc -iquote -Xcc /Users/coryparry/Developer/Projects/Intents/Tools/IntentsAutomation/.runtime/mac-host-preparation-1/mac-host-3DA00FE7-6651-4E61-97FE-85465F766501/DerivedData/Build/Intermediates.noindex/Subject.build/Debug/IntentsAutomationHost_f030f86ca51f.build/IntentsAutomationHost_f030f86ca51f-project-headers.hmap -Xcc -I/Users/coryparry/Developer/Projects/Intents/Tools/IntentsAutomation/.runtime/mac-host-preparation-1/mac-host-3DA00FE7-6651-4E61-97FE-85465F766501/DerivedData/Build/Products/Debug/include -Xcc -I/Users/coryparry/Developer/Projects/Intents/Tools/IntentsAutomation/.runtime/mac-host-preparation-1/mac-host-3DA00FE7-6651-4E61-97FE-85465F766501/DerivedData/Build/Intermediates.noindex/Subject.build/Debug/IntentsAutomationHost_f030f86ca51f.build/DerivedSources-normal/arm64 -Xcc -I/Users/coryparry/Developer/Projects/Intents/Tools/IntentsAutomation/.runtime/mac-host-preparation-1/mac-host-3DA00FE7-6651-4E61-97FE-85465F766501/DerivedData/Build/Intermediates.noindex/Subject.build/Debug/IntentsAutomationHost_f030f86ca51f.build/DerivedSources/arm64 -Xcc -I/Users/coryparry/Developer/Projects/Intents/Tools/IntentsAutomation/.runtime/mac-host-preparation-1/mac-host-3DA00FE7-6651-4E61-97FE-85465F766501/DerivedData/Build/Intermediates.noindex/Subject.build/Debug/IntentsAutomationHost_f030f86ca51f.build/DerivedSources -emit-objc-header -emit-objc-header-path /Users/coryparry/Developer/Projects/Intents/Tools/IntentsAutomation/.runtime/mac-host-preparation-1/mac-host-3DA00FE7-6651-4E61-97FE-85465F766501/DerivedData/Build/Intermediates.noindex/Subject.build/Debug/IntentsAutomationHost_f030f86ca51f.build/Objects-normal/arm64/IntentsAutomationHost_f030f86ca51f-Swift.h -working-directory /Users/coryparry/Developer/Projects/Intents/Tools/IntentsAutomation/.runtime/mac-host-preparation-1/mac-host-3DA00FE7-6651-4E61-97FE-85465F766501/session/source -experimental-emit-module-separately -disable-cmo

SwiftCompile normal arm64 Compiling\ HostReceipt.swift /Users/coryparry/Developer/Projects/Intents/Tools/IntentsAutomation/.runtime/mac-host-preparation-1/mac-host-3DA00FE7-6651-4E61-97FE-85465F766501/session/generated-host/IntentsAutomationHost_f030f86ca51f/Sources/HostReceipt.swift (in target 'IntentsAutomationHost_f030f86ca51f' from project 'Subject')

SwiftCompile normal arm64 /Users/coryparry/Developer/Projects/Intents/Tools/IntentsAutomation/.runtime/mac-host-preparation-1/mac-host-3DA00FE7-6651-4E61-97FE-85465F766501/session/generated-host/IntentsAutomationHost_f030f86ca51f/Sources/HostReceipt.swift (in target 'IntentsAutomationHost_f030f86ca51f' from project 'Subject')
    cd /Users/coryparry/Developer/Projects/Intents/Tools/IntentsAutomation/.runtime/mac-host-preparation-1/mac-host-3DA00FE7-6651-4E61-97FE-85465F766501/session/source
    builtin-SwiftPerFileCompile HostReceipt.swift

SwiftDriverJobDiscovery normal arm64 Compiling SegmentTests.swift (in target 'IntentsAutomationHost_f030f86ca51f' from project 'Subject')

SwiftMergeGeneratedHeaders /Users/coryparry/Developer/Projects/Intents/Tools/IntentsAutomation/.runtime/mac-host-preparation-1/mac-host-3DA00FE7-6651-4E61-97FE-85465F766501/DerivedData/Build/Intermediates.noindex/Subject.build/Debug/IntentsAutomationHost_f030f86ca51f.build/DerivedSources/IntentsAutomationHost_f030f86ca51f-Swift.h /Users/coryparry/Developer/Projects/Intents/Tools/IntentsAutomation/.runtime/mac-host-preparation-1/mac-host-3DA00FE7-6651-4E61-97FE-85465F766501/DerivedData/Build/Intermediates.noindex/Subject.build/Debug/IntentsAutomationHost_f030f86ca51f.build/Objects-normal/arm64/IntentsAutomationHost_f030f86ca51f-Swift.h (in target 'IntentsAutomationHost_f030f86ca51f' from project 'Subject')
    cd /Users/coryparry/Developer/Projects/Intents/Tools/IntentsAutomation/.runtime/mac-host-preparation-1/mac-host-3DA00FE7-6651-4E61-97FE-85465F766501/session/source
    builtin-swiftHeaderTool -arch arm64 /Users/coryparry/Developer/Projects/Intents/Tools/IntentsAutomation/.runtime/mac-host-preparation-1/mac-host-3DA00FE7-6651-4E61-97FE-85465F766501/DerivedData/Build/Intermediates.noindex/Subject.build/Debug/IntentsAutomationHost_f030f86ca51f.build/Objects-normal/arm64/IntentsAutomationHost_f030f86ca51f-Swift.h -o /Users/coryparry/Developer/Projects/Intents/Tools/IntentsAutomation/.runtime/mac-host-preparation-1/mac-host-3DA00FE7-6651-4E61-97FE-85465F766501/DerivedData/Build/Intermediates.noindex/Subject.build/Debug/IntentsAutomationHost_f030f86ca51f.build/DerivedSources/IntentsAutomationHost_f030f86ca51f-Swift.h

Copy /Users/coryparry/Developer/Projects/Intents/Tools/IntentsAutomation/.runtime/mac-host-preparation-1/mac-host-3DA00FE7-6651-4E61-97FE-85465F766501/DerivedData/Build/Products/Debug/IntentsAutomationHost_f030f86ca51f.swiftmodule/arm64-apple-macos.swiftmodule /Users/coryparry/Developer/Projects/Intents/Tools/IntentsAutomation/.runtime/mac-host-preparation-1/mac-host-3DA00FE7-6651-4E61-97FE-85465F766501/DerivedData/Build/Intermediates.noindex/Subject.build/Debug/IntentsAutomationHost_f030f86ca51f.build/Objects-normal/arm64/IntentsAutomationHost_f030f86ca51f.swiftmodule (in target 'IntentsAutomationHost_f030f86ca51f' from project 'Subject')
    cd /Users/coryparry/Developer/Projects/Intents/Tools/IntentsAutomation/.runtime/mac-host-preparation-1/mac-host-3DA00FE7-6651-4E61-97FE-85465F766501/session/source
    builtin-copy -exclude .DS_Store -exclude CVS -exclude .svn -exclude .git -exclude .hg -strip-unsigned-binaries -strip-deterministic -strip-tool /Applications/Xcode.app/Contents/Developer/Toolchains/XcodeDefault.xctoolchain/usr/bin/strip -resolve-src-symlinks -rename /Users/coryparry/Developer/Projects/Intents/Tools/IntentsAutomation/.runtime/mac-host-preparation-1/mac-host-3DA00FE7-6651-4E61-97FE-85465F766501/DerivedData/Build/Intermediates.noindex/Subject.build/Debug/IntentsAutomationHost_f030f86ca51f.build/Objects-normal/arm64/IntentsAutomationHost_f030f86ca51f.swiftmodule /Users/coryparry/Developer/Projects/Intents/Tools/IntentsAutomation/.runtime/mac-host-preparation-1/mac-host-3DA00FE7-6651-4E61-97FE-85465F766501/DerivedData/Build/Products/Debug/IntentsAutomationHost_f030f86ca51f.swiftmodule/arm64-apple-macos.swiftmodule

Copy /Users/coryparry/Developer/Projects/Intents/Tools/IntentsAutomation/.runtime/mac-host-preparation-1/mac-host-3DA00FE7-6651-4E61-97FE-85465F766501/DerivedData/Build/Products/Debug/IntentsAutomationHost_f030f86ca51f.swiftmodule/arm64-apple-macos.swiftdoc /Users/coryparry/Developer/Projects/Intents/Tools/IntentsAutomation/.runtime/mac-host-preparation-1/mac-host-3DA00FE7-6651-4E61-97FE-85465F766501/DerivedData/Build/Intermediates.noindex/Subject.build/Debug/IntentsAutomationHost_f030f86ca51f.build/Objects-normal/arm64/IntentsAutomationHost_f030f86ca51f.swiftdoc (in target 'IntentsAutomationHost_f030f86ca51f' from project 'Subject')
    cd /Users/coryparry/Developer/Projects/Intents/Tools/IntentsAutomation/.runtime/mac-host-preparation-1/mac-host-3DA00FE7-6651-4E61-97FE-85465F766501/session/source
    builtin-copy -exclude .DS_Store -exclude CVS -exclude .svn -exclude .git -exclude .hg -strip-unsigned-binaries -strip-deterministic -strip-tool /Applications/Xcode.app/Contents/Developer/Toolchains/XcodeDefault.xctoolchain/usr/bin/strip -resolve-src-symlinks -rename /Users/coryparry/Developer/Projects/Intents/Tools/IntentsAutomation/.runtime/mac-host-preparation-1/mac-host-3DA00FE7-6651-4E61-97FE-85465F766501/DerivedData/Build/Intermediates.noindex/Subject.build/Debug/IntentsAutomationHost_f030f86ca51f.build/Objects-normal/arm64/IntentsAutomationHost_f030f86ca51f.swiftdoc /Users/coryparry/Developer/Projects/Intents/Tools/IntentsAutomation/.runtime/mac-host-preparation-1/mac-host-3DA00FE7-6651-4E61-97FE-85465F766501/DerivedData/Build/Products/Debug/IntentsAutomationHost_f030f86ca51f.swiftmodule/arm64-apple-macos.swiftdoc

Copy /Users/coryparry/Developer/Projects/Intents/Tools/IntentsAutomation/.runtime/mac-host-preparation-1/mac-host-3DA00FE7-6651-4E61-97FE-85465F766501/DerivedData/Build/Products/Debug/IntentsAutomationHost_f030f86ca51f.swiftmodule/arm64-apple-macos.abi.json /Users/coryparry/Developer/Projects/Intents/Tools/IntentsAutomation/.runtime/mac-host-preparation-1/mac-host-3DA00FE7-6651-4E61-97FE-85465F766501/DerivedData/Build/Intermediates.noindex/Subject.build/Debug/IntentsAutomationHost_f030f86ca51f.build/Objects-normal/arm64/IntentsAutomationHost_f030f86ca51f.abi.json (in target 'IntentsAutomationHost_f030f86ca51f' from project 'Subject')
    cd /Users/coryparry/Developer/Projects/Intents/Tools/IntentsAutomation/.runtime/mac-host-preparation-1/mac-host-3DA00FE7-6651-4E61-97FE-85465F766501/session/source
    builtin-copy -exclude .DS_Store -exclude CVS -exclude .svn -exclude .git -exclude .hg -strip-unsigned-binaries -strip-deterministic -strip-tool /Applications/Xcode.app/Contents/Developer/Toolchains/XcodeDefault.xctoolchain/usr/bin/strip -resolve-src-symlinks -rename /Users/coryparry/Developer/Projects/Intents/Tools/IntentsAutomation/.runtime/mac-host-preparation-1/mac-host-3DA00FE7-6651-4E61-97FE-85465F766501/DerivedData/Build/Intermediates.noindex/Subject.build/Debug/IntentsAutomationHost_f030f86ca51f.build/Objects-normal/arm64/IntentsAutomationHost_f030f86ca51f.abi.json /Users/coryparry/Developer/Projects/Intents/Tools/IntentsAutomation/.runtime/mac-host-preparation-1/mac-host-3DA00FE7-6651-4E61-97FE-85465F766501/DerivedData/Build/Products/Debug/IntentsAutomationHost_f030f86ca51f.swiftmodule/arm64-apple-macos.abi.json

Copy /Users/coryparry/Developer/Projects/Intents/Tools/IntentsAutomation/.runtime/mac-host-preparation-1/mac-host-3DA00FE7-6651-4E61-97FE-85465F766501/DerivedData/Build/Products/Debug/IntentsAutomationHost_f030f86ca51f.swiftmodule/Project/arm64-apple-macos.swiftsourceinfo /Users/coryparry/Developer/Projects/Intents/Tools/IntentsAutomation/.runtime/mac-host-preparation-1/mac-host-3DA00FE7-6651-4E61-97FE-85465F766501/DerivedData/Build/Intermediates.noindex/Subject.build/Debug/IntentsAutomationHost_f030f86ca51f.build/Objects-normal/arm64/IntentsAutomationHost_f030f86ca51f.swiftsourceinfo (in target 'IntentsAutomationHost_f030f86ca51f' from project 'Subject')
    cd /Users/coryparry/Developer/Projects/Intents/Tools/IntentsAutomation/.runtime/mac-host-preparation-1/mac-host-3DA00FE7-6651-4E61-97FE-85465F766501/session/source
    builtin-copy -exclude .DS_Store -exclude CVS -exclude .svn -exclude .git -exclude .hg -strip-unsigned-binaries -strip-deterministic -strip-tool /Applications/Xcode.app/Contents/Developer/Toolchains/XcodeDefault.xctoolchain/usr/bin/strip -resolve-src-symlinks -rename /Users/coryparry/Developer/Projects/Intents/Tools/IntentsAutomation/.runtime/mac-host-preparation-1/mac-host-3DA00FE7-6651-4E61-97FE-85465F766501/DerivedData/Build/Intermediates.noindex/Subject.build/Debug/IntentsAutomationHost_f030f86ca51f.build/Objects-normal/arm64/IntentsAutomationHost_f030f86ca51f.swiftsourceinfo /Users/coryparry/Developer/Projects/Intents/Tools/IntentsAutomation/.runtime/mac-host-preparation-1/mac-host-3DA00FE7-6651-4E61-97FE-85465F766501/DerivedData/Build/Products/Debug/IntentsAutomationHost_f030f86ca51f.swiftmodule/Project/arm64-apple-macos.swiftsourceinfo

SwiftCompile normal arm64 Compiling\ AutomationDateCodec.swift /Users/coryparry/Developer/Projects/Intents/Tools/IntentsAutomation/.runtime/mac-host-preparation-1/mac-host-3DA00FE7-6651-4E61-97FE-85465F766501/session/generated-host/IntentsAutomationHost_f030f86ca51f/Sources/AutomationDateCodec.swift (in target 'IntentsAutomationHost_f030f86ca51f' from project 'Subject')

SwiftCompile normal arm64 /Users/coryparry/Developer/Projects/Intents/Tools/IntentsAutomation/.runtime/mac-host-preparation-1/mac-host-3DA00FE7-6651-4E61-97FE-85465F766501/session/generated-host/IntentsAutomationHost_f030f86ca51f/Sources/AutomationDateCodec.swift (in target 'IntentsAutomationHost_f030f86ca51f' from project 'Subject')
    cd /Users/coryparry/Developer/Projects/Intents/Tools/IntentsAutomation/.runtime/mac-host-preparation-1/mac-host-3DA00FE7-6651-4E61-97FE-85465F766501/session/source
    builtin-SwiftPerFileCompile AutomationDateCodec.swift

SwiftDriverJobDiscovery normal arm64 Compiling HostReceipt.swift (in target 'IntentsAutomationHost_f030f86ca51f' from project 'Subject')

SwiftCompile normal arm64 Compiling\ AutomationCalendarCodec.swift /Users/coryparry/Developer/Projects/Intents/Tools/IntentsAutomation/.runtime/mac-host-preparation-1/mac-host-3DA00FE7-6651-4E61-97FE-85465F766501/session/generated-host/IntentsAutomationHost_f030f86ca51f/Sources/AutomationCalendarCodec.swift (in target 'IntentsAutomationHost_f030f86ca51f' from project 'Subject')

SwiftCompile normal arm64 /Users/coryparry/Developer/Projects/Intents/Tools/IntentsAutomation/.runtime/mac-host-preparation-1/mac-host-3DA00FE7-6651-4E61-97FE-85465F766501/session/generated-host/IntentsAutomationHost_f030f86ca51f/Sources/AutomationCalendarCodec.swift (in target 'IntentsAutomationHost_f030f86ca51f' from project 'Subject')
    cd /Users/coryparry/Developer/Projects/Intents/Tools/IntentsAutomation/.runtime/mac-host-preparation-1/mac-host-3DA00FE7-6651-4E61-97FE-85465F766501/session/source
    builtin-SwiftPerFileCompile AutomationCalendarCodec.swift

SwiftCompile normal arm64 Compiling\ HostPlan.swift /Users/coryparry/Developer/Projects/Intents/Tools/IntentsAutomation/.runtime/mac-host-preparation-1/mac-host-3DA00FE7-6651-4E61-97FE-85465F766501/session/generated-host/IntentsAutomationHost_f030f86ca51f/Sources/HostPlan.swift (in target 'IntentsAutomationHost_f030f86ca51f' from project 'Subject')

SwiftCompile normal arm64 /Users/coryparry/Developer/Projects/Intents/Tools/IntentsAutomation/.runtime/mac-host-preparation-1/mac-host-3DA00FE7-6651-4E61-97FE-85465F766501/session/generated-host/IntentsAutomationHost_f030f86ca51f/Sources/HostPlan.swift (in target 'IntentsAutomationHost_f030f86ca51f' from project 'Subject')
    cd /Users/coryparry/Developer/Projects/Intents/Tools/IntentsAutomation/.runtime/mac-host-preparation-1/mac-host-3DA00FE7-6651-4E61-97FE-85465F766501/session/source
    builtin-SwiftPerFileCompile HostPlan.swift

SwiftDriverJobDiscovery normal arm64 Compiling AutomationDateCodec.swift (in target 'IntentsAutomationHost_f030f86ca51f' from project 'Subject')

SwiftCompile normal arm64 Compiling\ IntentDefinitionsHost.swift /Users/coryparry/Developer/Projects/Intents/Tools/IntentsAutomation/.runtime/mac-host-preparation-1/mac-host-3DA00FE7-6651-4E61-97FE-85465F766501/session/generated-host/IntentsAutomationHost_f030f86ca51f/Sources/IntentDefinitionsHost.swift (in target 'IntentsAutomationHost_f030f86ca51f' from project 'Subject')

SwiftCompile normal arm64 /Users/coryparry/Developer/Projects/Intents/Tools/IntentsAutomation/.runtime/mac-host-preparation-1/mac-host-3DA00FE7-6651-4E61-97FE-85465F766501/session/generated-host/IntentsAutomationHost_f030f86ca51f/Sources/IntentDefinitionsHost.swift (in target 'IntentsAutomationHost_f030f86ca51f' from project 'Subject')
    cd /Users/coryparry/Developer/Projects/Intents/Tools/IntentsAutomation/.runtime/mac-host-preparation-1/mac-host-3DA00FE7-6651-4E61-97FE-85465F766501/session/source
    builtin-SwiftPerFileCompile IntentDefinitionsHost.swift

SwiftDriverJobDiscovery normal arm64 Compiling AutomationCalendarCodec.swift (in target 'IntentsAutomationHost_f030f86ca51f' from project 'Subject')

SwiftDriverJobDiscovery normal arm64 Compiling IntentDefinitionsHost.swift (in target 'IntentsAutomationHost_f030f86ca51f' from project 'Subject')

SwiftDriverJobDiscovery normal arm64 Compiling HostPlan.swift (in target 'IntentsAutomationHost_f030f86ca51f' from project 'Subject')

SwiftDriver\ Compilation IntentsAutomationHost_f030f86ca51f normal arm64 com.apple.xcode.tools.swift.compiler (in target 'IntentsAutomationHost_f030f86ca51f' from project 'Subject')
    cd /Users/coryparry/Developer/Projects/Intents/Tools/IntentsAutomation/.runtime/mac-host-preparation-1/mac-host-3DA00FE7-6651-4E61-97FE-85465F766501/session/source
    builtin-Swift-Compilation -- /Applications/Xcode.app/Contents/Developer/Toolchains/XcodeDefault.xctoolchain/usr/bin/swiftc -module-name IntentsAutomationHost_f030f86ca51f -O @/Users/coryparry/Developer/Projects/Intents/Tools/IntentsAutomation/.runtime/mac-host-preparation-1/mac-host-3DA00FE7-6651-4E61-97FE-85465F766501/DerivedData/Build/Intermediates.noindex/Subject.build/Debug/IntentsAutomationHost_f030f86ca51f.build/Objects-normal/arm64/IntentsAutomationHost_f030f86ca51f.SwiftFileList -module-alias Testing\=_Testing_Unavailable -plugin-path /Applications/Xcode.app/Contents/Developer/Toolchains/XcodeDefault.xctoolchain/usr/lib/swift/host/plugins/testing -enable-experimental-feature DebugDescriptionMacro -sdk /Applications/Xcode.app/Contents/Developer/Platforms/MacOSX.platform/Developer/SDKs/MacOSX27.0.sdk -target arm64-apple-macos27.0 -g -module-cache-path /Users/coryparry/Developer/Projects/Intents/Tools/IntentsAutomation/.runtime/mac-host-preparation-1/mac-host-3DA00FE7-6651-4E61-97FE-85465F766501/DerivedData/ModuleCache.noindex -Xfrontend -serialize-debugging-options -swift-version 6 -I /Users/coryparry/Developer/Projects/Intents/Tools/IntentsAutomation/.runtime/mac-host-preparation-1/mac-host-3DA00FE7-6651-4E61-97FE-85465F766501/DerivedData/Build/Products/Debug -Isystem /Applications/Xcode.app/Contents/Developer/Platforms/MacOSX.platform/Developer/usr/lib -F /Users/coryparry/Developer/Projects/Intents/Tools/IntentsAutomation/.runtime/mac-host-preparation-1/mac-host-3DA00FE7-6651-4E61-97FE-85465F766501/DerivedData/Build/Products/Debug -F /Applications/Xcode.app/Contents/Developer/Platforms/MacOSX.platform/Developer/Library/Frameworks -c -j10 -enable-batch-mode -incremental -Xcc -ivfsstatcache -Xcc /Users/coryparry/Developer/Projects/Intents/Tools/IntentsAutomation/.runtime/mac-host-preparation-1/mac-host-3DA00FE7-6651-4E61-97FE-85465F766501/DerivedData/SDKStatCaches.noindex/macosx27.0-26A425-7231f6df4def33e022ae2eb8f782df1a.sdkstatcache -output-file-map /Users/coryparry/Developer/Projects/Intents/Tools/IntentsAutomation/.runtime/mac-host-preparation-1/mac-host-3DA00FE7-6651-4E61-97FE-85465F766501/DerivedData/Build/Intermediates.noindex/Subject.build/Debug/IntentsAutomationHost_f030f86ca51f.build/Objects-normal/arm64/IntentsAutomationHost_f030f86ca51f-OutputFileMap.json -save-temps -no-color-diagnostics -explicit-module-build -module-cache-path /Users/coryparry/Developer/Projects/Intents/Tools/IntentsAutomation/.runtime/mac-host-preparation-1/mac-host-3DA00FE7-6651-4E61-97FE-85465F766501/DerivedData/Build/Intermediates.noindex/SwiftExplicitPrecompiledModules -clang-scanner-module-cache-path /Users/coryparry/Developer/Projects/Intents/Tools/IntentsAutomation/.runtime/mac-host-preparation-1/mac-host-3DA00FE7-6651-4E61-97FE-85465F766501/DerivedData/ModuleCache.noindex -sdk-module-cache-path /Users/coryparry/Developer/Projects/Intents/Tools/IntentsAutomation/.runtime/mac-host-preparation-1/mac-host-3DA00FE7-6651-4E61-97FE-85465F766501/DerivedData/SDKExplicitPrecompiledModules -emit-dependencies -emit-module -emit-module-path /Users/coryparry/Developer/Projects/Intents/Tools/IntentsAutomation/.runtime/mac-host-preparation-1/mac-host-3DA00FE7-6651-4E61-97FE-85465F766501/DerivedData/Build/Intermediates.noindex/Subject.build/Debug/IntentsAutomationHost_f030f86ca51f.build/Objects-normal/arm64/IntentsAutomationHost_f030f86ca51f.swiftmodule -serialize-diagnostics -dependency-scan-serialize-diagnostics-path /Users/coryparry/Developer/Projects/Intents/Tools/IntentsAutomation/.runtime/mac-host-preparation-1/mac-host-3DA00FE7-6651-4E61-97FE-85465F766501/DerivedData/Build/Intermediates.noindex/Subject.build/Debug/IntentsAutomationHost_f030f86ca51f.build/Objects-normal/arm64/IntentsAutomationHost_f030f86ca51f-dependency-scan.dia -validate-clang-modules-once -clang-build-session-file /Users/coryparry/Developer/Projects/Intents/Tools/IntentsAutomation/.runtime/mac-host-preparation-1/mac-host-3DA00FE7-6651-4E61-97FE-85465F766501/DerivedData/ModuleCache.noindex/Session.modulevalidation -Xcc -fmodules-prune-interval\=86400 -Xcc -fmodules-prune-after\=345600 -emit-const-values -const-gather-protocols-list /Users/coryparry/Developer/Projects/Intents/Tools/IntentsAutomation/.runtime/mac-host-preparation-1/mac-host-3DA00FE7-6651-4E61-97FE-85465F766501/DerivedData/Build/Intermediates.noindex/Subject.build/Debug/IntentsAutomationHost_f030f86ca51f.build/Objects-normal/arm64/IntentsAutomationHost_f030f86ca51f_const_extract_protocols.json -Xcc -iquote -Xcc /Users/coryparry/Developer/Projects/Intents/Tools/IntentsAutomation/.runtime/mac-host-preparation-1/mac-host-3DA00FE7-6651-4E61-97FE-85465F766501/DerivedData/Build/Intermediates.noindex/Subject.build/Debug/IntentsAutomationHost_f030f86ca51f.build/IntentsAutomationHost_f030f86ca51f-generated-files.hmap -Xcc -I/Users/coryparry/Developer/Projects/Intents/Tools/IntentsAutomation/.runtime/mac-host-preparation-1/mac-host-3DA00FE7-6651-4E61-97FE-85465F766501/DerivedData/Build/Intermediates.noindex/Subject.build/Debug/IntentsAutomationHost_f030f86ca51f.build/IntentsAutomationHost_f030f86ca51f-own-target-headers.hmap -Xcc -I/Users/coryparry/Developer/Projects/Intents/Tools/IntentsAutomation/.runtime/mac-host-preparation-1/mac-host-3DA00FE7-6651-4E61-97FE-85465F766501/DerivedData/Build/Intermediates.noindex/Subject.build/Debug/IntentsAutomationHost_f030f86ca51f.build/IntentsAutomationHost_f030f86ca51f-all-target-headers.hmap -Xcc -iquote -Xcc /Users/coryparry/Developer/Projects/Intents/Tools/IntentsAutomation/.runtime/mac-host-preparation-1/mac-host-3DA00FE7-6651-4E61-97FE-85465F766501/DerivedData/Build/Intermediates.noindex/Subject.build/Debug/IntentsAutomationHost_f030f86ca51f.build/IntentsAutomationHost_f030f86ca51f-project-headers.hmap -Xcc -I/Users/coryparry/Developer/Projects/Intents/Tools/IntentsAutomation/.runtime/mac-host-preparation-1/mac-host-3DA00FE7-6651-4E61-97FE-85465F766501/DerivedData/Build/Products/Debug/include -Xcc -I/Users/coryparry/Developer/Projects/Intents/Tools/IntentsAutomation/.runtime/mac-host-preparation-1/mac-host-3DA00FE7-6651-4E61-97FE-85465F766501/DerivedData/Build/Intermediates.noindex/Subject.build/Debug/IntentsAutomationHost_f030f86ca51f.build/DerivedSources-normal/arm64 -Xcc -I/Users/coryparry/Developer/Projects/Intents/Tools/IntentsAutomation/.runtime/mac-host-preparation-1/mac-host-3DA00FE7-6651-4E61-97FE-85465F766501/DerivedData/Build/Intermediates.noindex/Subject.build/Debug/IntentsAutomationHost_f030f86ca51f.build/DerivedSources/arm64 -Xcc -I/Users/coryparry/Developer/Projects/Intents/Tools/IntentsAutomation/.runtime/mac-host-preparation-1/mac-host-3DA00FE7-6651-4E61-97FE-85465F766501/DerivedData/Build/Intermediates.noindex/Subject.build/Debug/IntentsAutomationHost_f030f86ca51f.build/DerivedSources -emit-objc-header -emit-objc-header-path /Users/coryparry/Developer/Projects/Intents/Tools/IntentsAutomation/.runtime/mac-host-preparation-1/mac-host-3DA00FE7-6651-4E61-97FE-85465F766501/DerivedData/Build/Intermediates.noindex/Subject.build/Debug/IntentsAutomationHost_f030f86ca51f.build/Objects-normal/arm64/IntentsAutomationHost_f030f86ca51f-Swift.h -working-directory /Users/coryparry/Developer/Projects/Intents/Tools/IntentsAutomation/.runtime/mac-host-preparation-1/mac-host-3DA00FE7-6651-4E61-97FE-85465F766501/session/source -experimental-emit-module-separately -disable-cmo

Ld /Users/coryparry/Developer/Projects/Intents/Tools/IntentsAutomation/.runtime/mac-host-preparation-1/mac-host-3DA00FE7-6651-4E61-97FE-85465F766501/DerivedData/Build/Products/Debug/IntentsAutomationHost_f030f86ca51f-Runner.app/Contents/PlugIns/IntentsAutomationHost_f030f86ca51f.xctest/Contents/MacOS/IntentsAutomationHost_f030f86ca51f normal (in target 'IntentsAutomationHost_f030f86ca51f' from project 'Subject')
    cd /Users/coryparry/Developer/Projects/Intents/Tools/IntentsAutomation/.runtime/mac-host-preparation-1/mac-host-3DA00FE7-6651-4E61-97FE-85465F766501/session/source
    /Applications/Xcode.app/Contents/Developer/Toolchains/XcodeDefault.xctoolchain/usr/bin/clang -Xlinker -reproducible -target arm64-apple-macos27.0 -bundle -isysroot /Applications/Xcode.app/Contents/Developer/Platforms/MacOSX.platform/Developer/SDKs/MacOSX27.0.sdk -Os -Xlinker -no_warn_duplicate_libraries -L/Users/coryparry/Developer/Projects/Intents/Tools/IntentsAutomation/.runtime/mac-host-preparation-1/mac-host-3DA00FE7-6651-4E61-97FE-85465F766501/DerivedData/Build/Intermediates.noindex/EagerLinkingTBDs/Debug -L/Users/coryparry/Developer/Projects/Intents/Tools/IntentsAutomation/.runtime/mac-host-preparation-1/mac-host-3DA00FE7-6651-4E61-97FE-85465F766501/DerivedData/Build/Products/Debug -L/Applications/Xcode.app/Contents/Developer/Platforms/MacOSX.platform/Developer/usr/lib -F/Users/coryparry/Developer/Projects/Intents/Tools/IntentsAutomation/.runtime/mac-host-preparation-1/mac-host-3DA00FE7-6651-4E61-97FE-85465F766501/DerivedData/Build/Intermediates.noindex/EagerLinkingTBDs/Debug -F/Users/coryparry/Developer/Projects/Intents/Tools/IntentsAutomation/.runtime/mac-host-preparation-1/mac-host-3DA00FE7-6651-4E61-97FE-85465F766501/DerivedData/Build/Products/Debug -F/Applications/Xcode.app/Contents/Developer/Platforms/MacOSX.platform/Developer/Library/Frameworks -iframework /Applications/Xcode.app/Contents/Developer/Platforms/MacOSX.platform/Developer/Library/Frameworks -filelist /Users/coryparry/Developer/Projects/Intents/Tools/IntentsAutomation/.runtime/mac-host-preparation-1/mac-host-3DA00FE7-6651-4E61-97FE-85465F766501/DerivedData/Build/Intermediates.noindex/Subject.build/Debug/IntentsAutomationHost_f030f86ca51f.build/Objects-normal/arm64/IntentsAutomationHost_f030f86ca51f.LinkFileList -Xlinker -rpath -Xlinker @loader_path/../Frameworks -Xlinker -rpath -Xlinker @executable_path/Frameworks -Xlinker -rpath -Xlinker @loader_path/Frameworks -Xlinker -object_path_lto -Xlinker /Users/coryparry/Developer/Projects/Intents/Tools/IntentsAutomation/.runtime/mac-host-preparation-1/mac-host-3DA00FE7-6651-4E61-97FE-85465F766501/DerivedData/Build/Intermediates.noindex/Subject.build/Debug/IntentsAutomationHost_f030f86ca51f.build/Objects-normal/arm64/IntentsAutomationHost_f030f86ca51f_lto.o -Xlinker -dependency_info -Xlinker /Users/coryparry/Developer/Projects/Intents/Tools/IntentsAutomation/.runtime/mac-host-preparation-1/mac-host-3DA00FE7-6651-4E61-97FE-85465F766501/DerivedData/Build/Intermediates.noindex/Subject.build/Debug/IntentsAutomationHost_f030f86ca51f.build/Objects-normal/arm64/IntentsAutomationHost_f030f86ca51f_dependency_info.dat -fobjc-link-runtime -L/Applications/Xcode.app/Contents/Developer/Toolchains/XcodeDefault.xctoolchain/usr/lib/swift/macosx -L/usr/lib/swift -Xlinker -add_ast_path -Xlinker /Users/coryparry/Developer/Projects/Intents/Tools/IntentsAutomation/.runtime/mac-host-preparation-1/mac-host-3DA00FE7-6651-4E61-97FE-85465F766501/DerivedData/Build/Intermediates.noindex/Subject.build/Debug/IntentsAutomationHost_f030f86ca51f.build/Objects-normal/arm64/IntentsAutomationHost_f030f86ca51f.swiftmodule -framework AppIntentsTesting -Xlinker -needed_framework -Xlinker XCTest -framework XCTest -Xlinker -needed-lXCTestSwiftSupport -lXCTestSwiftSupport -o /Users/coryparry/Developer/Projects/Intents/Tools/IntentsAutomation/.runtime/mac-host-preparation-1/mac-host-3DA00FE7-6651-4E61-97FE-85465F766501/DerivedData/Build/Products/Debug/IntentsAutomationHost_f030f86ca51f-Runner.app/Contents/PlugIns/IntentsAutomationHost_f030f86ca51f.xctest/Contents/MacOS/IntentsAutomationHost_f030f86ca51f

CopySwiftLibs /Users/coryparry/Developer/Projects/Intents/Tools/IntentsAutomation/.runtime/mac-host-preparation-1/mac-host-3DA00FE7-6651-4E61-97FE-85465F766501/DerivedData/Build/Products/Debug/IntentsAutomationHost_f030f86ca51f-Runner.app/Contents/PlugIns/IntentsAutomationHost_f030f86ca51f.xctest (in target 'IntentsAutomationHost_f030f86ca51f' from project 'Subject')
    cd /Users/coryparry/Developer/Projects/Intents/Tools/IntentsAutomation/.runtime/mac-host-preparation-1/mac-host-3DA00FE7-6651-4E61-97FE-85465F766501/session/source
    builtin-swiftStdLibTool --copy --verbose --scan-executable /Users/coryparry/Developer/Projects/Intents/Tools/IntentsAutomation/.runtime/mac-host-preparation-1/mac-host-3DA00FE7-6651-4E61-97FE-85465F766501/DerivedData/Build/Products/Debug/IntentsAutomationHost_f030f86ca51f-Runner.app/Contents/PlugIns/IntentsAutomationHost_f030f86ca51f.xctest/Contents/MacOS/IntentsAutomationHost_f030f86ca51f --scan-folder /Users/coryparry/Developer/Projects/Intents/Tools/IntentsAutomation/.runtime/mac-host-preparation-1/mac-host-3DA00FE7-6651-4E61-97FE-85465F766501/DerivedData/Build/Products/Debug/IntentsAutomationHost_f030f86ca51f-Runner.app/Contents/PlugIns/IntentsAutomationHost_f030f86ca51f.xctest/Contents/Frameworks --scan-folder /Users/coryparry/Developer/Projects/Intents/Tools/IntentsAutomation/.runtime/mac-host-preparation-1/mac-host-3DA00FE7-6651-4E61-97FE-85465F766501/DerivedData/Build/Products/Debug/IntentsAutomationHost_f030f86ca51f-Runner.app/Contents/PlugIns/IntentsAutomationHost_f030f86ca51f.xctest/Contents/PlugIns --scan-folder /Users/coryparry/Developer/Projects/Intents/Tools/IntentsAutomation/.runtime/mac-host-preparation-1/mac-host-3DA00FE7-6651-4E61-97FE-85465F766501/DerivedData/Build/Products/Debug/IntentsAutomationHost_f030f86ca51f-Runner.app/Contents/PlugIns/IntentsAutomationHost_f030f86ca51f.xctest/Contents/Library/SystemExtensions --scan-folder /Users/coryparry/Developer/Projects/Intents/Tools/IntentsAutomation/.runtime/mac-host-preparation-1/mac-host-3DA00FE7-6651-4E61-97FE-85465F766501/DerivedData/Build/Products/Debug/IntentsAutomationHost_f030f86ca51f-Runner.app/Contents/PlugIns/IntentsAutomationHost_f030f86ca51f.xctest/Contents/Extensions --platform macosx --toolchain /Applications/Xcode.app/Contents/Developer/Toolchains/XcodeDefault.xctoolchain --destination /Users/coryparry/Developer/Projects/Intents/Tools/IntentsAutomation/.runtime/mac-host-preparation-1/mac-host-3DA00FE7-6651-4E61-97FE-85465F766501/DerivedData/Build/Products/Debug/IntentsAutomationHost_f030f86ca51f-Runner.app/Contents/PlugIns/IntentsAutomationHost_f030f86ca51f.xctest/Contents/Frameworks --strip-bitcode --scan-executable /Applications/Xcode.app/Contents/Developer/Platforms/MacOSX.platform/Developer/usr/lib/libXCTestSwiftSupport.dylib --strip-bitcode-tool /Applications/Xcode.app/Contents/Developer/Toolchains/XcodeDefault.xctoolchain/usr/bin/bitcode_strip --emit-dependency-info /Users/coryparry/Developer/Projects/Intents/Tools/IntentsAutomation/.runtime/mac-host-preparation-1/mac-host-3DA00FE7-6651-4E61-97FE-85465F766501/DerivedData/Build/Intermediates.noindex/Subject.build/Debug/IntentsAutomationHost_f030f86ca51f.build/SwiftStdLibToolInputDependencies.dep --filter-for-swift-os
Ignoring --strip-bitcode because --sign was not passed

ExtractAppIntentsMetadata (in target 'IntentsAutomationHost_f030f86ca51f' from project 'Subject')
    cd /Users/coryparry/Developer/Projects/Intents/Tools/IntentsAutomation/.runtime/mac-host-preparation-1/mac-host-3DA00FE7-6651-4E61-97FE-85465F766501/session/source
    /Applications/Xcode.app/Contents/Developer/Toolchains/XcodeDefault.xctoolchain/usr/bin/appintentsmetadataprocessor --toolchain-dir /Applications/Xcode.app/Contents/Developer/Toolchains/XcodeDefault.xctoolchain --module-name IntentsAutomationHost_f030f86ca51f --sdk-root /Applications/Xcode.app/Contents/Developer/Platforms/MacOSX.platform/Developer/SDKs/MacOSX27.0.sdk --xcode-version 27A266a --platform-family macOS --deployment-target 27.0 --bundle-identifier com.intents.automation.host.f030f86ca51f --output /Users/coryparry/Developer/Projects/Intents/Tools/IntentsAutomation/.runtime/mac-host-preparation-1/mac-host-3DA00FE7-6651-4E61-97FE-85465F766501/DerivedData/Build/Products/Debug/IntentsAutomationHost_f030f86ca51f-Runner.app/Contents/PlugIns/IntentsAutomationHost_f030f86ca51f.xctest/Contents/Resources --target-triple arm64-apple-macos27.0 --binary-file /Users/coryparry/Developer/Projects/Intents/Tools/IntentsAutomation/.runtime/mac-host-preparation-1/mac-host-3DA00FE7-6651-4E61-97FE-85465F766501/DerivedData/Build/Products/Debug/IntentsAutomationHost_f030f86ca51f-Runner.app/Contents/PlugIns/IntentsAutomationHost_f030f86ca51f.xctest/Contents/MacOS/IntentsAutomationHost_f030f86ca51f --dependency-file /Users/coryparry/Developer/Projects/Intents/Tools/IntentsAutomation/.runtime/mac-host-preparation-1/mac-host-3DA00FE7-6651-4E61-97FE-85465F766501/DerivedData/Build/Intermediates.noindex/Subject.build/Debug/IntentsAutomationHost_f030f86ca51f.build/Objects-normal/arm64/IntentsAutomationHost_f030f86ca51f_dependency_info.dat --stringsdata-file /Users/coryparry/Developer/Projects/Intents/Tools/IntentsAutomation/.runtime/mac-host-preparation-1/mac-host-3DA00FE7-6651-4E61-97FE-85465F766501/DerivedData/Build/Intermediates.noindex/Subject.build/Debug/IntentsAutomationHost_f030f86ca51f.build/Objects-normal/arm64/ExtractedAppShortcutsMetadata.stringsdata --source-file-list /Users/coryparry/Developer/Projects/Intents/Tools/IntentsAutomation/.runtime/mac-host-preparation-1/mac-host-3DA00FE7-6651-4E61-97FE-85465F766501/DerivedData/Build/Intermediates.noindex/Subject.build/Debug/IntentsAutomationHost_f030f86ca51f.build/Objects-normal/arm64/IntentsAutomationHost_f030f86ca51f.SwiftFileList --metadata-file-list /Users/coryparry/Developer/Projects/Intents/Tools/IntentsAutomation/.runtime/mac-host-preparation-1/mac-host-3DA00FE7-6651-4E61-97FE-85465F766501/DerivedData/Build/Intermediates.noindex/Subject.build/Debug/IntentsAutomationHost_f030f86ca51f.build/IntentsAutomationHost_f030f86ca51f.DependencyMetadataFileList --static-metadata-file-list /Users/coryparry/Developer/Projects/Intents/Tools/IntentsAutomation/.runtime/mac-host-preparation-1/mac-host-3DA00FE7-6651-4E61-97FE-85465F766501/DerivedData/Build/Intermediates.noindex/Subject.build/Debug/IntentsAutomationHost_f030f86ca51f.build/IntentsAutomationHost_f030f86ca51f.DependencyStaticMetadataFileList --swift-const-vals-list /Users/coryparry/Developer/Projects/Intents/Tools/IntentsAutomation/.runtime/mac-host-preparation-1/mac-host-3DA00FE7-6651-4E61-97FE-85465F766501/DerivedData/Build/Intermediates.noindex/Subject.build/Debug/IntentsAutomationHost_f030f86ca51f.build/Objects-normal/arm64/IntentsAutomationHost_f030f86ca51f.SwiftConstValuesFileList --compile-time-extraction --deployment-aware-processing --no-app-shortcuts-localization
2026-10-07 19:57:48.190 appintentsmetadataprocessor[14298:599934] Starting appintentsmetadataprocessor export
2026-10-07 19:57:48.223 appintentsmetadataprocessor[14298:599934] Extracted no relevant App Intents symbols, skipping writing output

MkDir /Users/coryparry/Developer/Projects/Intents/Tools/IntentsAutomation/.runtime/mac-host-preparation-1/mac-host-3DA00FE7-6651-4E61-97FE-85465F766501/DerivedData/Build/Products/Debug/IntentsAutomationHost_f030f86ca51f-Runner.app (in target 'IntentsAutomationHost_f030f86ca51f' from project 'Subject')
    cd /Users/coryparry/Developer/Projects/Intents/Tools/IntentsAutomation/.runtime/mac-host-preparation-1/mac-host-3DA00FE7-6651-4E61-97FE-85465F766501/session/source
    /bin/mkdir -p /Users/coryparry/Developer/Projects/Intents/Tools/IntentsAutomation/.runtime/mac-host-preparation-1/mac-host-3DA00FE7-6651-4E61-97FE-85465F766501/DerivedData/Build/Products/Debug/IntentsAutomationHost_f030f86ca51f-Runner.app

CopyPlistFile /Users/coryparry/Developer/Projects/Intents/Tools/IntentsAutomation/.runtime/mac-host-preparation-1/mac-host-3DA00FE7-6651-4E61-97FE-85465F766501/DerivedData/Build/Products/Debug/IntentsAutomationHost_f030f86ca51f-Runner.app/Contents/Info.plist /Applications/Xcode.app/Contents/Developer/Platforms/MacOSX.platform/Developer/Library/Xcode/Agents/XCTRunner.app/Contents/Info.plist (in target 'IntentsAutomationHost_f030f86ca51f' from project 'Subject')
    cd /Users/coryparry/Developer/Projects/Intents/Tools/IntentsAutomation/.runtime/mac-host-preparation-1/mac-host-3DA00FE7-6651-4E61-97FE-85465F766501/session/source
    builtin-copyPlist --validate --convert xml1 --macro-expansion WRAPPEDPRODUCTNAME IntentsAutomationHost_f030f86ca51f-Runner --macro-expansion WRAPPEDPRODUCTBUNDLEIDENTIFIER com.intents.automation.host.f030f86ca51f.xctrunner --macro-expansion TESTPRODUCTNAME IntentsAutomationHost_f030f86ca51f --macro-expansion TESTPRODUCTBUNDLEIDENTIFIER com.intents.automation.host.f030f86ca51f --copy-value UIDeviceFamily /Users/coryparry/Developer/Projects/Intents/Tools/IntentsAutomation/.runtime/mac-host-preparation-1/mac-host-3DA00FE7-6651-4E61-97FE-85465F766501/DerivedData/Build/Products/Debug/IntentsAutomationHost_f030f86ca51f-Runner.app/Contents/PlugIns/IntentsAutomationHost_f030f86ca51f.xctest/Contents/Info.plist --outdir /Users/coryparry/Developer/Projects/Intents/Tools/IntentsAutomation/.runtime/mac-host-preparation-1/mac-host-3DA00FE7-6651-4E61-97FE-85465F766501/DerivedData/Build/Products/Debug/IntentsAutomationHost_f030f86ca51f-Runner.app/Contents -- /Applications/Xcode.app/Contents/Developer/Platforms/MacOSX.platform/Developer/Library/Xcode/Agents/XCTRunner.app/Contents/Info.plist

CopyAndPreserveArchs /Users/coryparry/Developer/Projects/Intents/Tools/IntentsAutomation/.runtime/mac-host-preparation-1/mac-host-3DA00FE7-6651-4E61-97FE-85465F766501/DerivedData/Build/Products/Debug/IntentsAutomationHost_f030f86ca51f-Runner.app/Contents/MacOS/IntentsAutomationHost_f030f86ca51f-Runner (in target 'IntentsAutomationHost_f030f86ca51f' from project 'Subject')
    cd /Users/coryparry/Developer/Projects/Intents/Tools/IntentsAutomation/.runtime/mac-host-preparation-1/mac-host-3DA00FE7-6651-4E61-97FE-85465F766501/session/source
    /Applications/Xcode.app/Contents/Developer/Toolchains/XcodeDefault.xctoolchain/usr/bin/lipo /Applications/Xcode.app/Contents/Developer/Platforms/MacOSX.platform/Developer/Library/Xcode/Agents/XCTRunner.app/Contents/MacOS/XCTRunner -output /Users/coryparry/Developer/Projects/Intents/Tools/IntentsAutomation/.runtime/mac-host-preparation-1/mac-host-3DA00FE7-6651-4E61-97FE-85465F766501/DerivedData/Build/Products/Debug/IntentsAutomationHost_f030f86ca51f-Runner.app/Contents/MacOS/IntentsAutomationHost_f030f86ca51f-Runner -extract arm64

Copy /Users/coryparry/Developer/Projects/Intents/Tools/IntentsAutomation/.runtime/mac-host-preparation-1/mac-host-3DA00FE7-6651-4E61-97FE-85465F766501/DerivedData/Build/Products/Debug/IntentsAutomationHost_f030f86ca51f-Runner.app/Contents/PkgInfo /Applications/Xcode.app/Contents/Developer/Platforms/MacOSX.platform/Developer/Library/Xcode/Agents/XCTRunner.app/Contents/PkgInfo (in target 'IntentsAutomationHost_f030f86ca51f' from project 'Subject')
    cd /Users/coryparry/Developer/Projects/Intents/Tools/IntentsAutomation/.runtime/mac-host-preparation-1/mac-host-3DA00FE7-6651-4E61-97FE-85465F766501/session/source
    builtin-copy -exclude .DS_Store -exclude CVS -exclude .svn -exclude .git -exclude .hg -strip-unsigned-binaries -strip-deterministic -strip-tool /Applications/Xcode.app/Contents/Developer/Toolchains/XcodeDefault.xctoolchain/usr/bin/strip -resolve-src-symlinks /Applications/Xcode.app/Contents/Developer/Platforms/MacOSX.platform/Developer/Library/Xcode/Agents/XCTRunner.app/Contents/PkgInfo /Users/coryparry/Developer/Projects/Intents/Tools/IntentsAutomation/.runtime/mac-host-preparation-1/mac-host-3DA00FE7-6651-4E61-97FE-85465F766501/DerivedData/Build/Products/Debug/IntentsAutomationHost_f030f86ca51f-Runner.app/Contents

RegisterExecutionPolicyException /Users/coryparry/Developer/Projects/Intents/Tools/IntentsAutomation/.runtime/mac-host-preparation-1/mac-host-3DA00FE7-6651-4E61-97FE-85465F766501/DerivedData/Build/Products/Debug/IntentsAutomationHost_f030f86ca51f-Runner.app/Contents/PlugIns/IntentsAutomationHost_f030f86ca51f.xctest (in target 'IntentsAutomationHost_f030f86ca51f' from project 'Subject')
    cd /Users/coryparry/Developer/Projects/Intents/Tools/IntentsAutomation/.runtime/mac-host-preparation-1/mac-host-3DA00FE7-6651-4E61-97FE-85465F766501/session/source
    builtin-RegisterExecutionPolicyException /Users/coryparry/Developer/Projects/Intents/Tools/IntentsAutomation/.runtime/mac-host-preparation-1/mac-host-3DA00FE7-6651-4E61-97FE-85465F766501/DerivedData/Build/Products/Debug/IntentsAutomationHost_f030f86ca51f-Runner.app/Contents/PlugIns/IntentsAutomationHost_f030f86ca51f.xctest

Touch /Users/coryparry/Developer/Projects/Intents/Tools/IntentsAutomation/.runtime/mac-host-preparation-1/mac-host-3DA00FE7-6651-4E61-97FE-85465F766501/DerivedData/Build/Products/Debug/IntentsAutomationHost_f030f86ca51f-Runner.app/Contents/PlugIns/IntentsAutomationHost_f030f86ca51f.xctest (in target 'IntentsAutomationHost_f030f86ca51f' from project 'Subject')
    cd /Users/coryparry/Developer/Projects/Intents/Tools/IntentsAutomation/.runtime/mac-host-preparation-1/mac-host-3DA00FE7-6651-4E61-97FE-85465F766501/session/source
    /usr/bin/touch -c /Users/coryparry/Developer/Projects/Intents/Tools/IntentsAutomation/.runtime/mac-host-preparation-1/mac-host-3DA00FE7-6651-4E61-97FE-85465F766501/DerivedData/Build/Products/Debug/IntentsAutomationHost_f030f86ca51f-Runner.app/Contents/PlugIns/IntentsAutomationHost_f030f86ca51f.xctest

PruneExplicitPrecompiledModules /Users/coryparry/Developer/Projects/Intents/Tools/IntentsAutomation/.runtime/mac-host-preparation-1/mac-host-3DA00FE7-6651-4E61-97FE-85465F766501/DerivedData/SDKExplicitPrecompiledModules

PruneExplicitPrecompiledModules /Users/coryparry/Developer/Projects/Intents/Tools/IntentsAutomation/.runtime/mac-host-preparation-1/mac-host-3DA00FE7-6651-4E61-97FE-85465F766501/DerivedData/Build/Intermediates.noindex/ExplicitPrecompiledModules

PruneExplicitPrecompiledModules /Users/coryparry/Developer/Projects/Intents/Tools/IntentsAutomation/.runtime/mac-host-preparation-1/mac-host-3DA00FE7-6651-4E61-97FE-85465F766501/DerivedData/Build/Intermediates.noindex/SwiftExplicitPrecompiledModules

warning: Traditional headermap style is no longer supported; please migrate to using separate headermaps and set 'ALWAYS_SEARCH_USER_PATHS' to NO. (in target 'Subject' from project 'Subject')
warning: Traditional headermap style is no longer supported; please migrate to using separate headermaps and set 'ALWAYS_SEARCH_USER_PATHS' to NO. (in target 'IntentsAutomationHost_f030f86ca51f' from project 'Subject')
** TEST BUILD SUCCEEDED **
